id,open,high,low,close,volume
1,100.0,100.0865,99.8002,99.8559,762824
2,99.8559,101.0269,98.9106,100.5579,178244
3,100.5579,100.6158,100.2248,100.3409,123882
4,100.3409,101.7334,99.6536,101.5045,590447
5,101.5045,102.4063,101.4837,101.7508,825237
6,101.7508,101.8968,101.2125,101.6445,239931
7,101.6445,102.6382,101.4562,102.5179,862744
8,102.5179,103.4873,101.9677,102.7661,756758
9,102.7661,103.0695,99.6883,100.1462,846464
10,100.1462,101.7535,99.4721,101.0222,619616
11,101.0222,101.1691,100.8788,100.936,171812
12,100.936,101.7795,100.7066,101.7546,350176
13,101.7546,102.1133,100.8926,101.1276,340280
14,101.1276,102.293,100.8475,101.6269,648217
15,101.6269,103.1063,101.3741,102.3954,990571
16,102.3954,103.6379,101.9038,103.2312,716152
17,103.2312,104.9059,103.2144,104.1841,383907
18,104.1841,104.4756,103.842,104.4373,948618
19,104.4373,105.362,104.1564,105.0573,923092
20,105.0573,105.4365,104.1254,104.2257,321964
21,104.2257,104.3725,102.5816,103.5022,459460
22,103.5022,103.8342,100.7188,102.4197,558573
23,102.4197,102.7651,101.8773,102.6811,812871
24,102.6811,103.7344,102.596,103.5745,443457
25,103.5745,104.8164,102.5979,104.8014,110332
26,104.8014,104.9398,103.6987,104.4425,583273
27,104.4425,105.1542,103.8833,104.2915,508351
28,104.2915,105.959,103.9993,104.9804,337050
29,104.9804,104.9816,103.4906,104.353,368600
30,104.353,104.7932,102.7728,103.2979,237555
31,103.2979,104.0163,103.1879,103.3957,100514
32,103.3957,103.4403,102.0975,102.1861,936188
33,102.1861,104.2034,102.125,103.5518,890208
34,103.5518,104.0748,103.4826,103.8749,537391
35,103.8749,105.7646,103.8489,105.4084,527754
36,105.4084,105.7817,104.766,104.8868,885189
37,104.8868,105.047,103.4913,104.2758,281035
38,104.2758,104.893,102.3692,103.8803,684890
39,103.8803,104.1092,102.5046,102.7631,404277
40,102.7631,103.5622,102.5726,103.2548,298195
41,103.2548,104.8335,103.1115,104.5289,873671
42,104.5289,107.0144,104.3701,106.6817,702080
43,106.6817,107.0601,106.0838,106.8004,525403
44,106.8004,106.9963,105.4012,106.2875,271368
45,106.2875,107.4624,105.79,107.1586,756168
46,107.1586,108.3436,105.8826,107.6768,188576
47,107.6768,107.9383,106.6875,106.9315,271188
48,106.9315,107.4279,106.1879,106.354,350690
49,106.354,107.4898,105.4228,106.3568,595292
50,106.3568,108.8594,105.7622,107.0521,852424
51,107.0521,109.5141,106.8768,109.293,537077
52,109.293,109.4073,108.309,108.8022,152771
53,108.8022,109.8034,106.6137,106.6972,509507
54,106.6972,109.5518,106.1131,108.4401,995880
55,108.4401,108.7134,106.7086,106.9448,971838
56,106.9448,108.1874,106.6465,107.6381,773178
57,107.6381,109.1111,106.6596,108.8783,241689
58,108.8783,109.0765,108.7934,108.8432,267242
59,108.8432,109.2648,107.5795,107.603,901258
60,107.603,108.1222,106.9314,108.1062,657443
61,108.1062,108.4279,105.7931,106.9492,283833
62,106.9492,107.0271,106.2549,106.6159,456207
63,106.6159,106.9881,105.8797,106.2169,165288
64,106.2169,109.4817,105.7508,107.7442,996486
65,107.7442,108.5183,107.6333,108.3645,892777
66,108.3645,111.0293,108.0341,110.6807,241972
67,110.6807,112.1381,109.5529,111.4639,688578
68,111.4639,112.3844,109.5122,109.5575,369440
69,109.5575,110.569,108.1687,108.3333,196332
70,108.3333,109.08,108.2024,108.7034,644346
71,108.7034,109.0338,108.3067,108.567,539678
72,108.567,109.3682,107.4402,107.9822,183068
73,107.9822,108.1681,106.41,107.2684,673402
74,107.2684,107.3684,106.4486,107.3067,596512
75,107.3067,107.3373,106.2591,107.1814,913535
76,107.1814,109.0348,106.9134,108.1249,624258
77,108.1249,108.6463,107.7417,108.4369,816510
78,108.4369,111.1223,107.6151,110.4363,289068
79,110.4363,110.6706,110.241,110.4377,465739
80,110.4377,110.6481,108.1993,108.3985,936892
81,108.3985,111.2295,108.0138,110.2017,122307
82,110.2017,110.2396,107.8377,108.2854,937734
83,108.2854,109.875,108.1387,108.9294,808637
84,108.9294,109.7185,107.5612,108.1983,872733
85,108.1983,109.4228,107.7848,108.5157,815810
86,108.5157,108.7417,108.4074,108.7263,273816
87,108.7263,109.6073,107.3867,107.7825,677333
88,107.7825,108.9208,106.7848,107.6154,582594
89,107.6154,108.167,107.3072,108.0748,966280
90,108.0748,108.098,107.7204,107.9588,491107
91,107.9588,108.3887,107.3721,107.8422,446675
92,107.8422,108.1821,106.924,107.1015,737906
93,107.1015,109.3929,106.3275,109.3808,767755
94,109.3808,109.6084,108.5814,108.9993,162976
95,108.9993,109.3835,108.1605,108.5399,747778
96,108.5399,110.4603,108.1311,110.3266,467553
97,110.3266,110.5675,109.278,109.6419,946327
98,109.6419,110.8671,108.6729,110.391,653963
99,110.391,110.989,109.5833,109.9945,486899
100,109.9945,110.6356,109.6433,109.9966,518489
101,109.9966,110.1198,108.288,109.3485,816422
102,109.3485,109.8111,109.1642,109.7093,563906
103,109.7093,110.0443,108.7554,109.103,705516
104,109.103,109.1559,107.2579,107.5869,121982
105,107.5869,108.1911,107.4729,107.6237,472996
106,107.6237,107.8491,107.0694,107.3087,726718
107,107.3087,107.3219,106.5319,106.5612,775868
108,106.5612,106.591,106.2381,106.4736,482631
109,106.4736,108.7289,106.3141,107.6041,324278
110,107.6041,107.9239,107.118,107.568,821274
111,107.568,108.8588,105.0868,106.0972,902283
112,106.0972,106.7027,104.1972,104.7154,554300
113,104.7154,105.8774,104.0566,105.3264,527206
114,105.3264,105.3482,103.9571,104.3333,673895
115,104.3333,105.0576,104.0531,104.4537,169735
116,104.4537,104.5423,103.4927,103.8809,387738
117,103.8809,103.949,103.262,103.3524,735777
118,103.3524,105.3511,103.1515,104.8806,588350
119,104.8806,105.0524,103.3422,104.293,625671
120,104.293,105.667,103.3645,105.3362,789035
121,105.3362,105.3733,104.7574,105.2567,868103
122,105.2567,107.0985,105.1064,106.5996,772764
123,106.5996,106.7939,105.2318,105.2966,492252
124,105.2966,106.4336,105.2145,105.9885,711227
125,105.9885,106.1584,105.2374,105.4932,660031
126,105.4932,106.0928,105.4088,105.5995,607952
127,105.5995,107.1351,105.2333,107.0135,145256
128,107.0135,108.1016,106.776,107.8516,394161
129,107.8516,108.4074,107.8397,107.9204,327044
130,107.9204,108.0065,105.9833,106.032,585477
131,106.032,106.9604,105.5203,106.9601,686579
132,106.9601,106.9926,104.3268,105.5487,279424
133,105.5487,106.1557,105.0267,106.119,607572
134,106.119,107.3342,105.3593,107.1792,790208
135,107.1792,108.4488,107.176,107.8544,837371
136,107.8544,108.0877,107.3086,107.3612,123110
137,107.3612,108.057,106.3049,106.7903,743513
138,106.7903,107.4705,106.1771,106.5291,664518
139,106.5291,108.423,106.13,107.909,208949
140,107.909,108.7781,106.7262,106.8147,412483
141,106.8147,107.024,105.4918,105.9483,864618
142,105.9483,106.052,105.7019,105.9141,964708
143,105.9141,106.6209,104.5353,104.677,760415
144,104.677,105.0645,103.5605,103.6459,827379
145,103.6459,103.7824,101.7845,102.5293,341555
146,102.5293,103.7296,101.7729,103.1675,177996
147,103.1675,103.9709,102.4978,103.7178,441090
148,103.7178,104.9795,103.5428,104.0197,263655
149,104.0197,105.3101,103.4658,104.4413,731065
150,104.4413,106.1904,104.3708,106.1787,953256
151,106.1787,107.9579,105.3384,107.5491,721548
152,107.5491,108.0233,107.0881,107.6699,813639
153,107.6699,108.4555,107.517,108.2602,623400
154,108.2602,108.8668,107.3588,107.4617,482953
155,107.4617,107.9097,107.3228,107.4388,326263
156,107.4388,107.6763,106.4536,106.6785,207599
157,106.6785,106.8678,104.8881,105.0265,535778
158,105.0265,105.8856,103.6737,105.6677,572173
159,105.6677,105.8929,105.4493,105.5729,261497
160,105.5729,106.8631,105.518,106.2475,346880
161,106.2475,107.6027,106.1632,107.5006,881615
162,107.5006,108.5142,106.9509,107.0091,616657
163,107.0091,107.1121,105.8862,105.9513,946957
164,105.9513,107.169,105.8217,106.2489,460636
165,106.2489,107.8243,105.9806,107.5081,606555
166,107.5081,108.226,106.0014,107.696,206606
167,107.696,108.4996,107.6055,107.8197,570315
168,107.8197,108.3345,106.9624,107.1278,874149
169,107.1278,108.0065,106.6309,107.9798,766080
170,107.9798,108.3027,106.924,107.0344,289922
171,107.0344,107.2816,106.6315,106.7225,102408
172,106.7225,107.7121,106.5171,107.0731,362133
173,107.0731,108.0331,106.913,107.255,718646
174,107.255,108.0367,105.7974,106.2025,662552
175,106.2025,107.1905,104.41,104.969,682871
176,104.969,106.3227,104.4596,105.5374,164268
177,105.5374,106.3399,105.5332,105.9696,359749
178,105.9696,106.5119,104.1339,104.6718,729760
179,104.6718,105.982,104.4672,105.7744,135874
180,105.7744,106.1919,105.5917,105.7904,325331
181,105.7904,108.6313,105.454,107.9374,955707
182,107.9374,108.6843,106.8131,106.8151,342559
183,106.8151,108.6521,106.1015,108.442,924465
184,108.442,108.9864,107.8391,108.7096,671306
185,108.7096,108.721,108.0128,108.2728,703120
186,108.2728,109.2882,107.9241,109.008,724306
187,109.008,110.1784,108.1891,108.4348,509343
188,108.4348,108.6091,106.8643,107.2704,973166
189,107.2704,107.6109,105.5494,106.2795,588334
190,106.2795,106.5551,106.0032,106.1703,425601
191,106.1703,106.9271,106.1491,106.227,594297
192,106.227,106.7094,105.3179,105.5536,728425
193,105.5536,108.4272,105.267,107.4978,242540
194,107.4978,108.0996,106.8314,107.0304,183888
195,107.0304,109.291,106.7877,109.2373,848928
196,109.2373,110.1512,109.2292,109.3572,557984
197,109.3572,110.2957,108.708,109.0789,596138
198,109.0789,109.9191,108.2323,108.9864,557416
199,108.9864,111.1236,108.8414,110.4368,473448
200,110.4368,112.7248,110.1978,112.1796,838494
201,112.1796,112.5917,110.4298,112.0071,540676
202,112.0071,112.3771,109.5894,110.0893,410611
203,110.0893,110.2899,108.4797,108.9031,269787
204,108.9031,109.358,108.287,109.1471,310206
205,109.1471,109.3423,109.1211,109.1948,830268
206,109.1948,109.7518,107.1482,107.6326,838672
207,107.6326,108.8639,107.0579,108.7936,631162
208,108.7936,109.7614,108.0501,109.0659,496275
209,109.0659,109.1556,107.8871,107.9756,689303
210,107.9756,108.2939,106.4993,106.9637,972283
211,106.9637,107.6159,105.5772,106.1523,867107
212,106.1523,106.4624,104.1947,104.5727,384995
213,104.5727,105.4004,104.1491,104.2431,161578
214,104.2431,105.0081,103.2221,104.0488,997683
215,104.0488,104.5821,103.4497,104.0271,885321
216,104.0271,105.5707,103.7604,104.8489,913081
217,104.8489,106.8125,104.7185,106.5584,231012
218,106.5584,108.1255,106.4327,107.4919,813267
219,107.4919,107.865,107.0133,107.6873,316746
220,107.6873,107.9245,106.534,106.6787,515034
221,106.6787,107.0625,105.7575,106.6595,911088
222,106.6595,106.8949,106.3961,106.7661,497556
223,106.7661,107.3152,105.6765,106.0141,325088
224,106.0141,106.202,104.9336,105.2089,446223
225,105.2089,105.2476,103.8888,104.4771,993422
226,104.4771,104.8643,102.5804,103.906,692406
227,103.906,104.5443,103.3838,103.7081,144139
228,103.7081,104.1679,101.8251,102.1883,913739
229,102.1883,103.0607,101.42,101.7845,672956
230,101.7845,102.3301,100.6855,101.2037,748835
231,101.2037,102.007,99.4239,100.1725,681706
232,100.1725,100.3676,98.1102,98.6128,621616
233,98.6128,98.8288,98.3327,98.5647,258076
234,98.5647,100.5776,98.1051,100.1576,974340
235,100.1576,100.3707,97.7999,97.9866,842220
236,97.9866,98.8869,97.2092,97.3123,771903
237,97.3123,97.5222,96.7826,97.0506,969850
238,97.0506,97.5627,96.3054,96.9233,981948
239,96.9233,98.8767,96.3353,98.6922,112526
240,98.6922,100.5493,98.5668,100.0131,705545
241,100.0131,100.5985,98.87,99.3917,197511
242,99.3917,99.4031,97.1471,97.2591,895811
243,97.2591,97.6772,95.1684,95.2007,841469
244,95.2007,95.9135,94.9721,95.5563,467466
245,95.5563,98.0308,95.3612,97.1003,187472
246,97.1003,98.4029,96.9246,98.1979,508279
247,98.1979,98.9215,96.9166,97.408,768042
248,97.408,97.7003,96.6336,97.0609,189119
249,97.0609,97.0952,95.916,96.039,433476
250,96.039,97.1884,95.5346,95.9616,869905
251,95.9616,97.6407,94.635,97.1961,422806
252,97.1961,97.4563,96.2412,96.4349,209943
253,96.4349,97.5207,96.0616,97.0712,637431
254,97.0712,97.9424,95.7307,95.8483,319212
255,95.8483,97.2134,95.075,96.7548,286441
256,96.7548,97.6804,95.7684,97.4661,395703
257,97.4661,99.6148,96.4776,98.7555,230219
258,98.7555,99.0507,98.4786,98.7907,257047
259,98.7907,98.8876,97.79,98.6695,314138
260,98.6695,98.9725,98.3927,98.8342,147159
261,98.8342,99.4444,98.7551,98.7706,800215
262,98.7706,99.0101,97.6137,97.6337,553454
263,97.6337,97.9642,97.4255,97.9141,569306
264,97.9141,99.1589,95.6131,95.9491,154742
265,95.9491,96.0158,94.7176,94.9445,918730
266,94.9445,95.1282,93.7845,93.8759,647467
267,93.8759,94.7714,93.4533,94.6106,392666
268,94.6106,95.2252,93.6542,93.675,508343
269,93.675,93.8155,93.0226,93.3146,685824
270,93.3146,93.4095,90.6532,91.4463,293520
271,91.4463,91.5542,90.4677,90.7591,474390
272,90.7591,92.1273,90.4624,91.6912,698597
273,91.6912,91.8956,91.121,91.286,848594
274,91.286,91.4738,90.988,91.1126,764916
275,91.1126,92.1852,90.5629,91.5951,396681
276,91.5951,91.9311,90.6067,90.9312,698806
277,90.9312,91.9412,90.6935,90.9348,640369
278,90.9348,91.3263,87.8223,88.3496,291464
279,88.3496,88.6465,87.2043,87.9555,430804
280,87.9555,89.2221,87.3043,89.1704,826499
281,89.1704,91.8154,88.883,90.6956,678429
282,90.6956,91.8303,89.2532,89.4421,846514
283,89.4421,89.7556,89.2472,89.3731,405842
284,89.3731,90.3821,88.5123,88.551,609688
285,88.551,88.7125,88.0183,88.1019,771500
286,88.1019,88.2153,87.4073,87.9166,406806
287,87.9166,88.4993,86.7128,86.8215,176461
288,86.8215,87.0983,85.45,85.545,656054
289,85.545,85.8989,84.8756,85.1786,497839
290,85.1786,85.3002,83.3678,84.1975,202435
291,84.1975,84.3714,83.2084,83.4592,700419
292,83.4592,83.9404,82.2778,82.419,639392
293,82.419,83.2854,82.3535,83.265,329967
294,83.265,83.8217,83.2101,83.7923,772312
295,83.7923,84.6693,83.6233,84.2326,850018
296,84.2326,84.2995,82.9228,83.1043,875587
297,83.1043,83.3175,82.2286,83.292,618183
298,83.292,83.996,81.9959,82.3458,475924
299,82.3458,82.5677,81.9389,82.4997,656312
300,82.4997,84.6564,81.5225,84.1028,179316
301,84.1028,84.83,83.5861,84.5205,456190
302,84.5205,84.6889,83.4519,83.875,399761
303,83.875,84.9834,83.4246,84.4631,915330
304,84.4631,85.7188,83.8091,85.2475,837053
305,85.2475,85.8762,85.0467,85.5393,642159
306,85.5393,86.1136,84.8108,86.0668,259431
307,86.0668,86.8115,86.0432,86.2338,504014
308,86.2338,86.8067,84.2496,84.5453,671768
309,84.5453,85.2497,82.9285,83.1279,161457
310,83.1279,83.5249,82.567,82.7178,347206
311,82.7178,84.04,82.5146,83.8344,151201
312,83.8344,84.9511,83.6604,84.853,877825
313,84.853,86.247,84.2962,85.7019,598884
314,85.7019,85.9781,84.6254,85.6524,504760
315,85.6524,86.8612,85.4056,86.1856,235774
316,86.1856,87.4253,86.097,87.209,909214
317,87.209,87.8679,86.0245,86.3321,322969
318,86.3321,86.8294,86.1094,86.3145,570473
319,86.3145,87.2443,86.2093,86.8385,404530
320,86.8385,88.5625,86.3294,87.8419,682574
321,87.8419,88.3395,87.6641,88.2498,751360
322,88.2498,88.8526,86.6076,87.5135,885951
323,87.5135,88.0859,86.5597,86.8522,970926
324,86.8522,87.731,86.3794,87.5724,635537
325,87.5724,88.5321,86.9396,88.3687,831866
326,88.3687,90.06,87.545,89.6079,764897
327,89.6079,90.1696,88.8064,89.1253,425645
328,89.1253,89.3302,88.0524,88.292,292773
329,88.292,89.5707,88.2521,89.3843,169448
330,89.3843,90.0516,89.1929,89.9225,793787
331,89.9225,91.8721,89.4821,90.9798,789676
332,90.9798,91.5232,90.6232,91.1927,246022
333,91.1927,92.7816,91.0836,92.0327,493906
334,92.0327,92.669,91.073,91.472,313777
335,91.472,91.6126,90.6978,90.7028,580610
336,90.7028,91.0347,88.7647,89.6112,522114
337,89.6112,90.5113,88.2473,90.0993,515511
338,90.0993,90.1966,88.6776,89.1583,574713
339,89.1583,91.1535,89.0719,90.9597,325002
340,90.9597,91.6027,89.6528,90.4419,599086
341,90.4419,92.5688,90.1987,91.9878,786805
342,91.9878,92.1427,90.2541,91.3286,232613
343,91.3286,91.7917,88.9979,89.0936,414626
344,89.0936,90.3352,89.066,90.1721,551806
345,90.1721,92.0673,90.0876,90.4601,937743
346,90.4601,91.0143,89.8464,90.6293,812242
347,90.6293,91.4758,90.2586,91.163,224913
348,91.163,91.3134,89.285,89.8094,104726
349,89.8094,90.6686,89.4884,90.485,754511
350,90.485,90.7241,89.3568,89.3989,359291
351,89.3989,89.5473,88.5218,89.3001,511402
352,89.3001,90.9904,88.6039,90.158,637065
353,90.158,91.4172,90.1439,91.3552,486315
354,91.3552,92.1897,91.1102,91.9112,474910
355,91.9112,92.0929,91.5096,91.6944,573453
356,91.6944,93.1846,91.5663,91.635,598736
357,91.635,91.993,89.8378,90.7645,328285
358,90.7645,91.6413,88.5544,88.6442,410322
359,88.6442,89.3436,88.3839,88.4937,399266
360,88.4937,89.0978,86.7056,86.8784,832157
361,86.8784,88.441,86.1264,87.6665,668562
362,87.6665,88.0744,87.4993,88.0064,798571
363,88.0064,88.1159,86.8812,87.2022,137715
364,87.2022,87.9334,86.9575,87.3835,990210
365,87.3835,87.4856,86.6402,86.6469,421276
366,86.6469,86.8399,85.0125,85.9958,398732
367,85.9958,87.013,85.3621,86.6754,905173
368,86.6754,87.6964,84.7386,85.6201,546582
369,85.6201,85.6378,82.4562,83.3483,754373
370,83.3483,83.9456,82.808,83.1312,840107
371,83.1312,83.2553,81.6424,82.2866,375846
372,82.2866,83.4168,81.9699,82.9957,720788
373,82.9957,83.1139,82.5013,82.8205,998335
374,82.8205,83.0355,80.7587,82.1409,953113
375,82.1409,83.7336,81.5538,83.4101,711469
376,83.4101,85.0361,83.329,84.7707,646815
377,84.7707,84.9532,83.9789,84.8227,429695
378,84.8227,86.0142,84.3882,85.5346,644585
379,85.5346,86.6346,83.8949,84.4835,616529
380,84.4835,86.201,84.3908,85.7058,684604
381,85.7058,85.9524,85.653,85.707,448288
382,85.707,86.0677,84.3888,84.536,334260
383,84.536,85.0911,81.1264,81.3734,542080
384,81.3734,84.2486,80.6916,83.5463,506838
385,83.5463,84.7416,82.9017,84.419,860969
386,84.419,85.4078,84.0005,85.2122,158445
387,85.2122,85.4881,82.7099,83.1789,934592
388,83.1789,83.755,81.2345,81.9107,557880
389,81.9107,82.6265,81.3425,82.3951,123655
390,82.3951,84.2016,82.2354,83.7492,823295
391,83.7492,83.9686,82.0765,82.4451,999635
392,82.4451,83.0074,81.846,82.8887,792248
393,82.8887,83.2381,82.1825,83.0628,504977
394,83.0628,83.2582,82.3992,82.8152,890164
395,82.8152,83.7869,82.2755,83.0853,489356
396,83.0853,85.5975,82.9955,85.4545,211745
397,85.4545,86.0437,85.108,85.7978,411420
398,85.7978,88.1979,85.4127,87.2088,861340
399,87.2088,87.9187,86.9579,87.2034,372542
400,87.2034,87.7813,86.9176,87.041,251772
401,87.041,87.685,86.6078,87.5812,644625
402,87.5812,87.9348,85.7016,86.2397,842712
403,86.2397,86.5669,85.8264,86.5399,686016
404,86.5399,86.5951,85.0058,85.5219,675092
405,85.5219,85.5306,83.8083,84.1173,534650
406,84.1173,86.8012,83.4017,86.5452,367690
407,86.5452,86.9382,86.0107,86.8604,283620
408,86.8604,87.626,86.5915,87.2867,746526
409,87.2867,88.2747,86.8284,87.0899,433486
410,87.0899,87.4958,86.8427,87.0083,519825
411,87.0083,87.3835,86.5859,86.9256,445734
412,86.9256,87.6816,86.6751,87.3988,878776
413,87.3988,88.2531,87.0164,87.8775,786809
414,87.8775,88.4787,87.4648,87.4714,548883
415,87.4714,87.5724,86.8349,87.3935,970017
416,87.3935,87.4949,86.5378,86.9932,145486
417,86.9932,87.0264,84.6064,84.9255,583021
418,84.9255,85.2299,83.5607,83.9957,894210
419,83.9957,84.8367,83.4196,83.7564,613253
420,83.7564,84.7277,83.1597,84.5114,166178
421,84.5114,84.5341,82.5326,82.8116,712358
422,82.8116,86.7628,81.8889,85.7654,454513
423,85.7654,86.4558,84.9878,86.0187,279152
424,86.0187,86.6065,85.3573,85.391,140773
425,85.391,86.3188,84.846,85.9775,645634
426,85.9775,86.6027,85.9341,86.159,651761
427,86.159,89.0583,86.1307,87.7556,402736
428,87.7556,88.0468,86.3708,86.9142,737865
429,86.9142,87.7892,85.8414,86.3481,981908
430,86.3481,88.2217,85.9,87.4498,752791
431,87.4498,87.5573,86.0718,87.3616,804613
432,87.3616,87.8844,86.714,87.777,749260
433,87.777,87.9302,86.7687,87.2478,857050
434,87.2478,87.7004,85.6349,86.2399,128413
435,86.2399,86.7742,85.8091,86.6971,236288
436,86.6971,86.9878,86.2187,86.8001,797475
437,86.8001,89.0692,86.7842,88.5829,224274
438,88.5829,88.7003,87.7982,88.2257,696004
439,88.2257,88.2949,86.8572,87.369,408094
440,87.369,89.8463,86.6873,89.3224,748832
441,89.3224,89.9248,88.1155,88.3672,321867
442,88.3672,88.7006,87.823,87.9504,975619
443,87.9504,88.345,87.4998,87.707,385336
444,87.707,89.8912,86.7595,89.2136,815864
445,89.2136,89.4658,88.9213,89.1387,982144
446,89.1387,89.6566,87.133,88.2635,824154
447,88.2635,88.6621,87.9534,88.0564,498138
448,88.0564,88.0795,86.5869,87.1575,281861
449,87.1575,87.4366,84.81,84.9002,654109
450,84.9002,85.2187,84.1943,84.3876,702850
451,84.3876,84.5257,82.5007,82.9892,745622
452,82.9892,84.0163,82.4824,83.3237,104663
453,83.3237,83.6816,80.1624,81.1372,890559
454,81.1372,82.7585,81.0901,82.4283,967522
455,82.4283,83.0779,81.6239,81.8052,616720
456,81.8052,82.587,81.393,81.5685,943002
457,81.5685,82.2599,81.3389,82.099,927671
458,82.099,82.6018,81.6709,81.6798,545845
459,81.6798,84.5345,80.7652,84.0383,108340
460,84.0383,84.2551,83.0226,83.1213,984694
461,83.1213,84.5892,81.9115,82.4736,944704
462,82.4736,82.8068,81.7077,82.16,273530
463,82.16,82.8061,81.7872,82.6125,267579
464,82.6125,82.8837,81.7312,82.8094,611003
465,82.8094,83.1481,82.1499,82.8378,844290
466,82.8378,83.0498,81.142,81.1624,702330
467,81.1624,81.6342,80.994,81.3817,334706
468,81.3817,82.1335,80.5481,82.0575,958631
469,82.0575,82.8162,80.8175,81.5438,723491
470,81.5438,81.8803,81.4484,81.6483,376125
471,81.6483,81.9791,80.0528,80.6692,379880
472,80.6692,81.493,78.9655,79.7143,365533
473,79.7143,79.9462,78.993,79.1856,772961
474,79.1856,80.0229,78.8659,79.6147,594311
475,79.6147,79.7279,78.2132,78.3936,322718
476,78.3936,78.4239,76.7758,77.7914,173683
477,77.7914,78.0475,75.7496,76.318,155582
478,76.318,77.4924,76.143,76.9254,615431
479,76.9254,77.8108,76.6789,77.4503,284861
480,77.4503,77.6395,77.2779,77.3869,559337
481,77.3869,78.2957,76.8364,77.7831,151963
482,77.7831,78.6647,77.4788,77.6912,750952
483,77.6912,78.2511,76.2122,76.2295,140760
484,76.2295,76.3311,74.7654,74.9158,994711
485,74.9158,75.3381,74.7997,75.2625,467980
486,75.2625,75.3638,74.3139,75.1598,980499
487,75.1598,75.5742,74.0339,74.5243,882658
488,74.5243,74.9287,74.2119,74.4802,714457
489,74.4802,75.0095,73.5617,73.825,260626
490,73.825,74.4217,72.9229,73.0652,755072
491,73.0652,73.1205,72.6486,73.0794,706149
492,73.0794,73.7914,72.9096,73.1992,841024
493,73.1992,73.6745,73.0103,73.2136,752521
494,73.2136,76.2284,72.6208,75.5373,477316
495,75.5373,76.7782,75.1993,75.7462,190807
496,75.7462,76.4728,75.6049,75.8129,732957
497,75.8129,77.6266,75.5143,77.3793,295542
498,77.3793,77.9121,77.2506,77.8004,553506
499,77.8004,78.6922,77.3004,77.3512,638125
500,77.3512,77.5569,76.0921,76.4807,371587
501,76.4807,77.9694,76.4042,77.3939,154861
502,77.3939,79.2011,77.0668,78.2254,920419
503,78.2254,78.601,76.1451,77.4836,947427
504,77.4836,77.9737,76.7109,77.5573,386861
505,77.5573,77.7,76.4677,77.0656,526166
506,77.0656,78.4868,76.7224,78.2396,736819
507,78.2396,80.0435,77.0284,79.0014,601558
508,79.0014,79.2496,77.7216,78.0,283003
509,78.0,78.9003,76.5078,76.634,752126
510,76.634,76.7784,75.905,76.273,706304
511,76.273,76.8858,74.3289,74.6497,751874
512,74.6497,76.7498,74.4432,76.2171,882526
513,76.2171,77.3049,73.7969,74.9677,965869
514,74.9677,76.6521,73.644,75.194,531028
515,75.194,75.9376,74.8809,75.2574,596871
516,75.2574,77.4665,74.7742,77.3884,580285
517,77.3884,77.6896,76.3103,76.8948,188747
518,76.8948,77.4539,76.7346,76.8005,855758
519,76.8005,77.8736,76.2493,77.6269,299146
520,77.6269,78.5253,77.3184,78.2889,941282
521,78.2889,78.5369,77.1177,77.3751,441855
522,77.3751,78.4009,76.8658,78.1068,689147
523,78.1068,78.4606,77.2332,77.7998,677525
524,77.7998,78.1028,75.4348,75.4527,815477
525,75.4527,76.9258,74.3404,76.2282,587923
526,76.2282,76.5012,76.0929,76.3918,130441
527,76.3918,78.7569,75.9739,77.7676,471153
528,77.7676,77.9669,75.9838,76.287,736452
529,76.287,77.5063,75.8022,77.4722,700079
530,77.4722,78.8913,77.0882,78.464,539068
531,78.464,79.7558,77.8518,79.7295,347266
532,79.7295,79.9129,79.7164,79.8208,831841
533,79.8208,80.6253,78.7879,78.9886,186682
534,78.9886,79.1823,78.4704,78.7331,573810
535,78.7331,79.409,78.3478,79.0473,465424
536,79.0473,81.0266,78.4431,79.6304,303271
537,79.6304,80.5186,78.287,78.849,783627
538,78.849,79.2554,76.9525,77.2231,597431
539,77.2231,77.3762,76.944,77.3524,490518
540,77.3524,78.5273,76.7215,78.3889,872164
541,78.3889,79.7466,78.0565,79.401,881305
542,79.401,80.0152,79.0322,79.5831,141905
543,79.5831,82.1317,79.0639,81.6184,129611
544,81.6184,82.0101,80.6691,80.8571,965322
545,80.8571,81.2914,79.3132,79.4302,169243
546,79.4302,79.6241,78.1337,78.4498,851185
547,78.4498,79.133,76.4035,76.8158,225955
548,76.8158,79.0784,76.7578,78.278,550713
549,78.278,78.6326,77.3966,78.6059,406533
550,78.6059,79.4897,77.3702,79.3414,457032
551,79.3414,79.4989,79.1127,79.3776,541543
552,79.3776,83.2101,78.441,82.4759,488663
553,82.4759,83.1405,81.2514,81.8474,818249
554,81.8474,82.6069,81.6461,82.5594,238798
555,82.5594,83.2478,82.193,82.2213,195895
556,82.2213,82.6503,81.3365,81.3505,423925
557,81.3505,81.615,81.0752,81.2844,599266
558,81.2844,82.3892,81.2214,82.2926,418522
559,82.2926,83.791,82.0703,83.4184,362662
560,83.4184,84.4591,83.2821,84.2989,911022
561,84.2989,87.3642,84.0247,86.5884,442658
562,86.5884,86.8606,85.998,86.3221,543811
563,86.3221,87.5136,85.816,87.3069,169229
564,87.3069,87.8583,86.9307,87.8543,662530
565,87.8543,88.0376,86.9724,87.3059,953941
566,87.3059,88.1803,86.701,87.8367,823668
567,87.8367,88.2329,87.0079,87.404,976802
568,87.404,87.6924,85.2562,85.5881,952551
569,85.5881,86.2658,84.3043,85.8521,362303
570,85.8521,86.0491,84.7243,85.271,618291
571,85.271,85.8023,85.0683,85.3172,202499
572,85.3172,85.9337,84.1425,84.404,591066
573,84.404,84.9787,83.3459,83.8782,737530
574,83.8782,84.2625,83.3979,83.5544,723551
575,83.5544,85.1114,83.0595,84.3027,670002
576,84.3027,84.975,83.5705,84.9383,743712
577,84.9383,85.2237,84.3681,85.0336,460724
578,85.0336,86.1575,84.9202,84.9669,722537
579,84.9669,85.2064,82.5893,83.2643,583215
580,83.2643,85.0421,83.1035,84.9059,792058
581,84.9059,85.2974,84.3015,84.3922,985247
582,84.3922,84.6145,83.6985,84.152,777414
583,84.152,85.3019,83.7659,85.1885,559608
584,85.1885,85.8942,85.1108,85.2397,617711
585,85.2397,85.4061,84.2076,84.3008,550419
586,84.3008,84.3635,82.8889,82.9811,194094
587,82.9811,83.6246,79.8881,80.7743,227507
588,80.7743,82.5671,80.2643,82.3581,286180
589,82.3581,82.419,80.5127,81.2275,387018
590,81.2275,82.0958,80.3611,81.8127,203576
591,81.8127,83.2427,81.6803,82.656,985510
592,82.656,82.6678,81.8091,82.1185,244122
593,82.1185,82.5817,79.7144,79.7724,266006
594,79.7724,81.1227,79.3615,80.7849,126273
595,80.7849,81.0027,79.8699,80.2851,734262
596,80.2851,80.5142,78.9385,79.7418,827856
597,79.7418,80.2584,79.5187,80.1697,393386
598,80.1697,80.546,79.6034,79.7062,876372
599,79.7062,79.8299,77.7364,78.3001,628304
600,78.3001,78.8579,76.7243,77.5134,655626
601,77.5134,78.8438,77.3106,78.1234,176276
602,78.1234,79.61,77.9367,79.4432,374842
603,79.4432,80.773,78.924,80.0712,224080
604,80.0712,80.3099,79.7866,80.0005,671951
605,80.0005,80.6754,78.8633,79.4995,540677
606,79.4995,79.7759,79.1633,79.4987,505900
607,79.4987,80.5448,79.2283,80.3889,833694
608,80.3889,80.9996,80.2552,80.4215,545472
609,80.4215,80.8968,79.698,80.008,174403
610,80.008,80.8382,78.8666,79.0296,362880
611,79.0296,79.6431,78.5646,78.8364,768266
612,78.8364,79.8623,78.2079,79.7992,201889
613,79.7992,81.6687,79.5868,81.1007,840349
614,81.1007,81.8703,80.0383,80.2442,591717
615,80.2442,80.723,79.842,80.7081,367938
616,80.7081,81.2546,79.2441,79.2465,413719
617,79.2465,80.1754,78.3827,79.6843,313251
618,79.6843,79.9321,79.0008,79.6187,415567
619,79.6187,80.305,79.1353,79.2732,285957
620,79.2732,79.793,79.1046,79.7463,415733
621,79.7463,80.3565,79.1566,79.5049,360399
622,79.5049,81.0087,78.5228,80.9013,986939
623,80.9013,81.1033,79.8553,80.709,926891
624,80.709,81.7123,80.2548,80.3022,214199
625,80.3022,81.0899,80.0767,80.8073,785326
626,80.8073,81.0665,78.4659,78.9845,619682
627,78.9845,79.498,78.1866,78.8632,892112
628,78.8632,79.7861,78.5308,79.2842,350403
629,79.2842,80.3551,78.8606,80.1682,102225
630,80.1682,80.2909,79.0915,79.8944,757838
631,79.8944,80.085,78.3535,78.4672,580982
632,78.4672,78.8549,77.9481,78.7485,290666
633,78.7485,79.6808,78.1863,78.5303,609527
634,78.5303,80.1061,78.4881,79.6491,714296
635,79.6491,80.1547,79.5319,80.0861,211813
636,80.0861,80.4238,78.581,79.0017,100608
637,79.0017,79.7384,78.9016,79.6508,684997
638,79.6508,80.2795,78.1812,79.158,346617
639,79.158,79.4714,77.9799,78.7296,248972
640,78.7296,80.6294,78.4708,80.2898,729497
641,80.2898,81.1613,80.2831,80.435,529126
642,80.435,80.6757,80.1252,80.3903,711984
643,80.3903,81.975,79.7808,81.93,480082
644,81.93,82.0593,79.0708,79.2123,444762
645,79.2123,79.443,78.7563,79.1562,223416
646,79.1562,81.181,78.3289,81.0582,219831
647,81.0582,81.6252,80.9942,81.6129,685018
648,81.6129,82.3574,81.2938,81.588,665272
649,81.588,82.6055,81.2032,82.1862,178019
650,82.1862,82.8607,79.8657,80.3588,630616
651,80.3588,81.2146,78.3329,78.4411,349270
652,78.4411,79.4935,78.1205,78.9455,640007
653,78.9455,79.4891,77.2356,77.5901,692564
654,77.5901,77.7826,75.2113,75.7836,558570
655,75.7836,76.2021,74.7663,75.7723,959204
656,75.7723,76.7349,75.7644,76.4905,549624
657,76.4905,76.8316,74.0144,75.472,940531
658,75.472,76.1427,74.3286,75.0608,611542
659,75.0608,75.628,73.9562,74.0555,793330
660,74.0555,74.2415,71.5583,71.5779,335966
661,71.5779,71.9638,71.4327,71.9201,665713
662,71.9201,72.4382,70.7641,70.7675,731629
663,70.7675,72.1521,70.4669,71.8451,378916
664,71.8451,72.1813,71.2841,71.308,827254
665,71.308,71.4208,69.7081,70.3384,712950
666,70.3384,71.047,68.6087,68.9212,756962
667,68.9212,69.2599,68.4638,69.118,508034
668,69.118,70.0019,68.8463,69.6685,767524
669,69.6685,69.9203,69.4356,69.6389,247449
670,69.6389,70.221,67.961,68.138,804688
671,68.138,68.4351,67.4188,68.0276,341888
672,68.0276,69.9244,67.4653,69.275,126420
673,69.275,69.9278,68.5484,69.5548,618986
674,69.5548,70.6591,69.2983,70.1714,424111
675,70.1714,70.173,68.6192,68.8778,192614
676,68.8778,70.161,68.5191,69.4449,305563
677,69.4449,69.4532,68.9012,69.1452,524588
678,69.1452,69.3567,68.3857,68.577,938044
679,68.577,69.8653,67.8727,69.3702,477432
680,69.3702,69.5964,68.0576,68.5245,748259
681,68.5245,68.7241,68.0592,68.4709,911746
682,68.4709,69.7052,67.6553,69.3173,983272
683,69.3173,69.7334,68.9198,69.6796,860361
684,69.6796,70.153,69.1184,69.8568,107172
685,69.8568,70.8631,69.6248,70.2497,517534
686,70.2497,72.0556,69.9321,71.5666,795351
687,71.5666,73.3004,71.5419,72.2889,105740
688,72.2889,72.5964,71.3455,71.5406,411781
689,71.5406,73.4995,71.5148,72.6334,691573
690,72.6334,73.103,71.962,72.617,193554
691,72.617,72.6857,71.7168,71.8923,997263
692,71.8923,71.9626,71.6777,71.9099,929146
693,71.9099,73.2418,71.7632,72.8775,977099
694,72.8775,73.0705,71.8438,71.9578,220162
695,71.9578,72.3041,71.4713,72.1256,967796
696,72.1256,72.1579,71.2964,71.6839,383508
697,71.6839,72.9089,71.6437,72.1715,344760
698,72.1715,72.4717,71.148,71.3002,801943
699,71.3002,71.4477,70.5124,70.7994,465861
700,70.7994,73.0213,70.5101,71.7614,286872
701,71.7614,72.1277,71.2667,71.4803,717449
702,71.4803,72.2377,70.795,71.881,136296
703,71.881,72.7214,71.5637,72.3391,420168
704,72.3391,73.4979,72.2756,72.7487,334150
705,72.7487,73.007,72.2962,72.9996,773270
706,72.9996,73.6202,72.4428,73.6197,823507
707,73.6197,73.7784,72.9313,73.7187,217643
708,73.7187,73.9342,70.7964,71.2281,667267
709,71.2281,71.7494,70.3654,70.4161,119620
710,70.4161,73.2353,69.9909,72.2438,499088
711,72.2438,74.5266,72.0292,73.7413,138426
712,73.7413,74.0355,72.8794,72.953,616495
713,72.953,73.8407,72.2078,73.3894,255526
714,73.3894,73.7395,73.0754,73.6687,351869
715,73.6687,73.955,73.3936,73.8662,365594
716,73.8662,74.4044,73.0227,73.3549,154881
717,73.3549,73.6218,72.9293,73.2538,573232
718,73.2538,75.8412,72.5947,75.2282,815361
719,75.2282,77.0276,74.8312,76.9695,536211
720,76.9695,78.4443,76.6614,77.9403,449543
721,77.9403,78.7107,77.7346,78.3144,800684
722,78.3144,81.8419,77.7585,80.4008,576489
723,80.4008,82.7876,80.1742,80.819,691177
724,80.819,80.9144,79.8287,80.7442,925533
725,80.7442,84.4705,80.5593,83.8934,817651
726,83.8934,86.3788,83.1373,85.7938,860698
727,85.7938,86.993,85.5263,86.3939,922582
728,86.3939,87.1582,84.8058,84.9427,952802
729,84.9427,85.1931,83.1944,83.7572,893463
730,83.7572,86.9398,83.7362,86.5104,541392
731,86.5104,87.3197,86.3914,87.1242,100615
732,87.1242,88.6152,86.9588,88.3235,217440
733,88.3235,89.4198,87.6144,87.8613,119721
734,87.8613,88.8162,86.5498,87.1277,796929
735,87.1277,89.0747,86.6589,88.2589,947730
736,88.2589,88.4418,87.8809,88.0217,371588
737,88.0217,88.6262,87.1815,88.4049,964595
738,88.4049,88.588,87.5943,87.8436,971868
739,87.8436,88.9216,86.9634,87.0453,630055
740,87.0453,87.2388,85.9718,86.3536,719648
741,86.3536,88.0586,85.1975,87.479,452441
742,87.479,88.7739,86.6617,86.7082,129144
743,86.7082,87.384,84.5593,84.9053,608995
744,84.9053,85.1591,84.6556,84.7622,770808
745,84.7622,86.3934,84.2488,84.9764,179853
746,84.9764,86.9687,84.2861,86.7867,897988
747,86.7867,86.9159,86.0449,86.0454,330992
748,86.0454,86.4398,86.0295,86.4201,447343
749,86.4201,87.7307,85.696,86.1321,440841
750,86.1321,86.3537,85.2929,85.3588,531540
751,85.3588,86.8588,85.2442,86.3118,166338
752,86.3118,86.5484,85.4172,85.7618,386845
753,85.7618,86.1952,85.5284,86.1365,758786
754,86.1365,88.0094,85.8252,86.9871,183794
755,86.9871,87.3712,85.717,85.8417,948198
756,85.8417,86.4034,84.9379,85.8689,241393
757,85.8689,86.6161,85.5843,86.4146,749834
758,86.4146,87.901,86.0251,87.8517,353370
759,87.8517,88.0357,86.9904,87.8766,238230
760,87.8766,88.2154,86.6373,87.0425,365094
761,87.0425,87.6187,86.296,86.3315,253748
762,86.3315,86.6022,86.1318,86.5485,859392
763,86.5485,87.0183,85.4539,86.1877,182023
764,86.1877,86.5959,86.1002,86.2884,896943
765,86.2884,86.6858,85.501,85.5477,303618
766,85.5477,86.6832,85.3706,86.6624,777011
767,86.6624,86.8462,86.1056,86.4526,973634
768,86.4526,88.0275,86.1133,87.4907,856717
769,87.4907,88.3981,86.5115,87.9247,527341
770,87.9247,88.3433,87.0953,87.4803,171059
771,87.4803,89.231,86.4063,88.777,820405
772,88.777,89.083,88.1237,88.7486,208253
773,88.7486,89.0841,87.4169,88.7764,827614
774,88.7764,89.1446,88.1402,88.514,989451
775,88.514,89.1924,84.6965,85.3572,332097
776,85.3572,86.2957,83.4093,83.9983,160310
777,83.9983,84.3237,83.0456,83.2306,512341
778,83.2306,84.5597,82.6033,83.9444,660752
779,83.9444,84.0181,82.6685,82.9118,629140
780,82.9118,83.2641,81.7286,83.2018,932435
781,83.2018,83.2903,82.6365,82.7757,409482
782,82.7757,84.399,82.5147,83.9826,537026
783,83.9826,84.07,83.7242,83.7685,647789
784,83.7685,84.3674,83.6366,84.3187,900616
785,84.3187,84.6397,83.9277,83.9578,907328
786,83.9578,84.8724,81.5895,81.7064,372749
787,81.7064,82.2775,81.4105,81.4859,882010
788,81.4859,82.3842,80.0459,81.0569,498799
789,81.0569,81.7724,80.433,81.4203,269142
790,81.4203,82.3635,80.5156,82.1396,766850
791,82.1396,83.2623,81.8799,82.2594,243075
792,82.2594,82.4821,80.6226,81.1738,222084
793,81.1738,83.223,80.852,82.3961,849636
794,82.3961,82.7114,82.0725,82.5145,510803
795,82.5145,84.2583,82.3747,83.8737,554613
796,83.8737,85.8847,83.6804,85.7151,127506
797,85.7151,86.1973,84.3366,84.7809,628192
798,84.7809,86.7723,84.5389,86.597,905042
799,86.597,87.361,86.479,86.587,246616
800,86.587,88.7148,86.0194,87.5517,871400
801,87.5517,88.1531,86.5859,86.6473,118047
802,86.6473,87.8281,85.8086,87.6664,108008
803,87.6664,89.2738,87.6139,88.8928,327151
804,88.8928,89.0376,88.4138,88.8154,970321
805,88.8154,89.2256,87.8297,88.1601,326798
806,88.1601,89.5443,88.0039,88.8088,841879
807,88.8088,88.9487,87.703,88.4379,858955
808,88.4379,88.9459,87.8185,88.3314,648145
809,88.3314,88.5596,86.8141,88.1879,676535
810,88.1879,89.6039,87.8905,89.3531,739984
811,89.3531,90.2739,88.8523,90.0102,909718
812,90.0102,91.6949,89.1639,91.3876,640029
813,91.3876,92.0269,90.4511,90.5821,997722
814,90.5821,90.6129,88.6263,89.1461,449447
815,89.1461,90.8495,88.8543,90.6768,753894
816,90.6768,90.7837,89.7838,90.3929,806407
817,90.3929,92.0492,89.4277,91.6356,856574
818,91.6356,91.8612,91.3254,91.5468,187842
819,91.5468,92.3622,91.2427,92.0837,264761
820,92.0837,92.277,90.091,90.4998,180369
821,90.4998,91.1513,89.1762,89.4854,398185
822,89.4854,91.1626,89.0691,91.1349,866092
823,91.1349,91.3196,88.1231,89.1628,164094
824,89.1628,89.6154,87.5809,87.958,880747
825,87.958,88.2429,86.4131,87.3383,223628
826,87.3383,88.1498,86.8501,87.9922,612463
827,87.9922,89.2195,87.671,88.9133,801047
828,88.9133,91.0672,88.8583,90.3633,259141
829,90.3633,90.3997,90.1742,90.2988,251745
830,90.2988,92.0254,89.7213,91.9727,787212
831,91.9727,93.5102,91.633,93.1475,968795
832,93.1475,93.2505,92.2987,92.3915,279472
833,92.3915,92.4517,91.8591,92.2739,271519
834,92.2739,94.2869,91.645,93.9751,323940
835,93.9751,94.4059,93.3168,93.6559,629803
836,93.6559,94.8325,92.8479,94.3684,368382
837,94.3684,95.1486,93.5858,93.9591,899176
838,93.9591,94.417,93.4293,93.4423,911245
839,93.4423,93.6922,91.973,93.0328,463052
840,93.0328,93.1417,91.5173,92.3158,218085
841,92.3158,92.9799,91.9496,92.1825,685486
842,92.1825,94.0117,91.9446,93.017,330210
843,93.017,93.0512,91.9729,92.7089,688210
844,92.7089,93.468,92.5651,92.6597,475098
845,92.6597,93.0899,91.456,91.7406,725672
846,91.7406,92.1221,91.4315,91.833,695498
847,91.833,92.1712,91.2045,91.4184,847587
848,91.4184,92.048,90.596,91.0838,205961
849,91.0838,91.5969,90.978,91.4413,336694
850,91.4413,92.4064,91.3927,92.0744,733093
851,92.0744,92.2105,91.6536,91.9947,939811
852,91.9947,92.0283,91.9623,92.0103,704469
853,92.0103,94.1179,91.8719,93.5935,181074
854,93.5935,94.3931,93.0382,93.0971,191161
855,93.0971,93.4594,92.6524,93.0703,517849
856,93.0703,93.3212,92.8289,93.0107,135500
857,93.0107,93.8809,92.2428,92.5572,185498
858,92.5572,94.0776,92.4041,94.0697,866798
859,94.0697,94.3312,93.4175,93.753,659626
860,93.753,94.7498,93.6003,94.5903,833467
861,94.5903,95.4663,94.2032,95.0046,447143
862,95.0046,95.5349,94.0943,94.8177,683961
863,94.8177,95.1944,94.76,94.96,948220
864,94.96,95.2395,94.1952,94.632,631675
865,94.632,95.8307,94.4274,95.1178,422739
866,95.1178,96.7524,94.981,96.0054,854682
867,96.0054,96.5711,95.7906,96.5272,470155
868,96.5272,96.9005,96.1815,96.2924,382814
869,96.2924,97.0146,95.7964,95.8685,608511
870,95.8685,96.6057,94.4622,94.5653,404470
871,94.5653,94.6776,92.4204,93.0286,323719
872,93.0286,94.283,92.4095,93.858,446388
873,93.858,95.0783,93.691,94.5365,679058
874,94.5365,95.0731,93.7003,94.5108,866684
875,94.5108,94.9241,94.1401,94.7798,973130
876,94.7798,95.156,94.6694,94.8187,678985
877,94.8187,95.0277,93.3485,94.2178,503288
878,94.2178,95.0127,93.7911,94.6748,206836
879,94.6748,94.6868,92.8073,93.2193,601417
880,93.2193,94.0574,93.2191,93.8391,643782
881,93.8391,94.129,92.8744,93.2143,704326
882,93.2143,93.6665,93.0329,93.1787,148847
883,93.1787,93.9076,92.5324,93.3651,525820
884,93.3651,93.802,92.1898,92.8519,202621
885,92.8519,93.2467,92.3409,92.8933,967990
886,92.8933,94.6322,92.3068,94.4738,731886
887,94.4738,95.133,93.9692,95.0481,749403
888,95.0481,96.8126,94.6204,96.275,268789
889,96.275,97.3916,95.4346,97.1795,745109
890,97.1795,98.0477,96.8554,97.6445,933963
891,97.6445,98.9093,97.5686,98.3409,692611
892,98.3409,98.5997,97.1841,97.2572,548945
893,97.2572,97.2871,96.0699,96.9474,534638
894,96.9474,98.0729,96.133,96.192,259482
895,96.192,96.5756,94.4234,94.7659,640491
896,94.7659,95.9192,94.3679,95.4807,446196
897,95.4807,97.8304,95.4496,97.6875,967234
898,97.6875,98.2272,96.7892,96.8904,220034
899,96.8904,97.2948,95.5618,95.566,731344
900,95.566,96.0715,94.1178,94.7233,941960
901,94.7233,94.9711,93.9783,94.2728,410764
902,94.2728,94.934,92.4435,93.6899,685077
903,93.6899,94.9868,93.5387,94.8336,203864
904,94.8336,95.1764,93.5467,94.0048,613574
905,94.0048,94.4558,93.475,93.4878,357335
906,93.4878,94.0094,90.8248,91.569,570456
907,91.569,92.1667,91.4086,92.1224,775166
908,92.1224,92.3405,91.1883,91.5366,325504
909,91.5366,93.0005,91.3024,92.3523,129075
910,92.3523,94.0502,92.1384,93.9592,881231
911,93.9592,94.9573,93.7966,93.8272,313835
912,93.8272,94.0187,91.6703,92.545,358874
913,92.545,93.5265,90.4227,91.3757,978240
914,91.3757,93.2456,90.7904,93.0025,111668
915,93.0025,93.6986,92.7957,92.9908,846985
916,92.9908,93.654,90.5962,91.0084,682869
917,91.0084,91.6774,90.3195,91.0488,967860
918,91.0488,91.1344,89.7018,90.0023,714392
919,90.0023,90.5257,89.5176,90.2406,485657
920,90.2406,90.488,90.0641,90.156,625587
921,90.156,90.6037,90.0551,90.1278,238333
922,90.1278,90.199,89.4213,89.5663,939143
923,89.5663,90.0554,87.8145,88.4654,422277
924,88.4654,88.6356,88.038,88.5428,297965
925,88.5428,88.8664,88.0245,88.6945,583332
926,88.6945,88.9907,88.4679,88.661,292018
927,88.661,89.0728,88.0308,88.1954,577449
928,88.1954,90.7655,88.1757,89.8342,983019
929,89.8342,91.3599,88.8131,91.3188,652330
930,91.3188,92.9591,90.4475,92.0444,714296
931,92.0444,93.0484,90.6205,91.085,586213
932,91.085,91.3104,89.6731,90.7504,839898
933,90.7504,91.3877,89.3354,89.4765,908453
934,89.4765,89.7892,88.9147,89.577,953390
935,89.577,91.9042,89.5181,90.818,158924
936,90.818,91.2316,90.0332,90.7893,878455
937,90.7893,90.8967,89.6159,90.3729,978601
938,90.3729,90.4866,89.2948,90.0069,945776
939,90.0069,90.2958,89.5613,89.9956,178768
940,89.9956,91.061,89.6983,90.2231,602275
941,90.2231,90.3862,89.5557,89.5826,667195
942,89.5826,90.6564,89.5449,90.5722,705968
943,90.5722,90.7277,88.5561,89.1742,627047
944,89.1742,89.2332,87.8523,88.0372,935242
945,88.0372,89.9627,87.9698,89.4189,788746
946,89.4189,90.2857,89.2276,89.8223,694650
947,89.8223,89.9228,88.2778,88.6039,817736
948,88.6039,90.5739,88.2442,89.3566,229667
949,89.3566,90.351,88.1534,88.379,435817
950,88.379,88.9822,86.6284,86.8266,599562
951,86.8266,86.9335,86.3169,86.8984,952281
952,86.8984,87.1782,85.4081,86.1901,913191
953,86.1901,86.6188,85.2518,85.6164,244858
954,85.6164,85.7896,83.7321,84.6649,274893
955,84.6649,86.229,84.0799,85.4145,939132
956,85.4145,85.9703,83.8313,83.8512,594698
957,83.8512,84.0319,83.101,83.7568,538471
958,83.7568,84.8147,83.5279,84.6873,689925
959,84.6873,86.2205,84.3333,85.8118,505581
960,85.8118,86.1298,85.0132,85.2983,625752
961,85.2983,85.4889,84.2117,84.4257,104348
962,84.4257,85.4012,84.072,85.3927,765834
963,85.3927,85.7667,83.09,83.63,890097
964,83.63,85.3029,83.521,84.8443,374924
965,84.8443,84.9435,83.5024,84.255,872842
966,84.255,84.6514,82.5834,83.0626,336911
967,83.0626,83.4946,82.9763,83.364,556460
968,83.364,84.1002,83.2354,83.4525,464621
969,83.4525,84.0357,81.0219,81.6154,998855
970,81.6154,82.466,81.0659,81.2165,429236
971,81.2165,82.3515,81.1729,81.5036,518231
972,81.5036,82.0053,80.646,80.6789,551950
973,80.6789,81.507,79.4266,79.6666,249259
974,79.6666,80.2081,78.3247,78.3729,261230
975,78.3729,79.9975,77.5737,79.7651,535153
976,79.7651,79.987,79.1641,79.4365,538877
977,79.4365,80.5077,79.1084,80.3229,916953
978,80.3229,80.8662,79.8918,80.5038,509179
979,80.5038,83.5968,80.1538,83.193,569235
980,83.193,85.0422,82.3604,84.5869,336984
981,84.5869,84.6719,83.7214,83.9927,688002
982,83.9927,84.3011,82.6905,83.2086,438695
983,83.2086,84.5467,82.6028,84.215,538175
984,84.215,86.4969,84.1386,85.8204,551653
985,85.8204,86.4376,85.1849,86.207,290365
986,86.207,87.0589,85.7696,86.8758,745572
987,86.8758,87.6534,86.5765,87.4085,533364
988,87.4085,87.7494,85.8832,85.9288,245121
989,85.9288,86.1277,85.2999,86.0354,245016
990,86.0354,86.4821,85.9326,86.385,615042
991,86.385,87.2438,85.8487,87.1108,639421
992,87.1108,89.4807,87.0731,89.3914,747592
993,89.3914,89.7385,88.4928,88.9615,993498
994,88.9615,89.7274,88.7351,89.5219,847327
995,89.5219,90.0486,87.9523,88.088,693683
996,88.088,88.1611,86.7162,87.5154,408404
997,87.5154,87.708,86.1733,86.2357,197713
998,86.2357,87.5068,85.289,87.2146,553923
999,87.2146,87.352,86.2487,86.7161,653273
1000,86.7161,88.2117,86.5036,87.3627,552996
1001,87.3627,88.5974,86.8982,88.2113,844769
1002,88.2113,89.8935,87.6906,89.2047,684308
1003,89.2047,89.2711,87.6605,88.252,306537
1004,88.252,88.8681,87.4165,88.5832,443112
1005,88.5832,89.0197,87.1334,87.1893,187945
1006,87.1893,87.5688,85.2242,85.6487,309261
1007,85.6487,86.4812,85.2823,86.1652,270118
1008,86.1652,86.3893,84.5948,85.4485,620188
1009,85.4485,85.5777,85.0179,85.5372,384311
1010,85.5372,85.7252,84.0569,84.2777,686418
1011,84.2777,85.26,83.8097,84.2328,348004
1012,84.2328,85.0278,83.4727,84.6736,471905
1013,84.6736,85.4764,84.2375,84.9154,328399
1014,84.9154,86.0019,84.4848,85.8418,734945
1015,85.8418,86.8205,85.2186,85.6665,501935
1016,85.6665,85.7595,83.9869,84.269,293012
1017,84.269,84.5349,82.7977,83.5317,736110
1018,83.5317,84.2191,81.9545,83.0488,104761
1019,83.0488,83.6717,82.5712,83.5199,157672
1020,83.5199,83.5559,82.8387,83.0397,133979
1021,83.0397,83.9984,80.4255,80.8832,740445
1022,80.8832,81.8708,79.393,80.0868,838205
1023,80.0868,80.5016,79.1845,79.403,823518
1024,79.403,80.8281,79.2756,80.7988,639563
1025,80.7988,80.8348,80.0107,80.0764,315330
1026,80.0764,80.6062,80.0759,80.3135,997135
1027,80.3135,80.9451,79.7884,80.4865,565968
1028,80.4865,81.3151,80.2986,81.2996,181149
1029,81.2996,82.2185,80.4968,80.8949,966958
1030,80.8949,81.0081,79.7508,80.4241,275072
1031,80.4241,81.8861,80.3884,81.6066,195818
1032,81.6066,83.0016,81.4232,82.6266,952313
1033,82.6266,84.6292,81.9745,83.4449,617404
1034,83.4449,83.8917,80.9374,82.1588,606851
1035,82.1588,83.2044,81.6211,82.3694,514648
1036,82.3694,82.4701,82.0411,82.1022,204641
1037,82.1022,83.6854,81.3511,83.3936,306937
1038,83.3936,83.8942,82.1965,83.3388,564853
1039,83.3388,85.2823,83.3364,85.2246,706328
1040,85.2246,85.7523,85.0453,85.6664,938256
1041,85.6664,85.7349,84.4306,84.7424,952406
1042,84.7424,85.19,83.2528,84.2544,549099
1043,84.2544,85.5365,84.0172,84.7616,282489
1044,84.7616,84.7629,83.5793,84.2735,240396
1045,84.2735,86.734,83.9419,86.0355,652444
1046,86.0355,86.0913,84.0953,84.7172,138036
1047,84.7172,84.7945,81.8818,83.3334,907299
1048,83.3334,83.8676,82.9069,83.4732,985955
1049,83.4732,84.3781,83.3588,84.1739,148733
1050,84.1739,85.6388,83.6306,85.465,586691
1051,85.465,85.4728,84.344,84.4647,978856
1052,84.4647,84.6421,83.3677,83.8937,720289
1053,83.8937,84.6053,83.5063,84.5798,651500
1054,84.5798,84.6182,83.518,84.1474,313425
1055,84.1474,84.2708,82.4004,82.7916,289479
1056,82.7916,83.8158,82.332,83.6687,868893
1057,83.6687,83.9782,83.1072,83.5521,305710
1058,83.5521,84.8344,83.3192,84.5133,312224
1059,84.5133,84.7156,82.8518,83.6215,234593
1060,83.6215,85.7348,83.3287,85.628,549638
1061,85.628,87.6001,84.8341,87.573,806799
1062,87.573,87.7717,86.7916,87.4027,611051
1063,87.4027,87.859,85.3204,86.1727,528885
1064,86.1727,87.2226,85.7746,86.8481,401190
1065,86.8481,87.3395,85.6738,86.025,117851
1066,86.025,86.7523,85.0107,85.7044,966804
1067,85.7044,86.7388,85.521,86.1173,802278
1068,86.1173,86.576,85.0276,85.6182,538744
1069,85.6182,86.6642,85.1393,85.4407,668540
1070,85.4407,86.185,85.2016,85.9992,826945
1071,85.9992,86.6017,84.3868,85.262,164209
1072,85.262,85.451,84.1099,84.4162,385190
1073,84.4162,84.7975,83.969,84.2135,500408
1074,84.2135,84.5227,83.2254,83.586,628227
1075,83.586,84.7068,83.5424,84.5957,754995
1076,84.5957,85.417,83.585,84.7935,730627
1077,84.7935,85.4687,84.6487,85.323,890821
1078,85.323,85.6522,85.2884,85.5419,457311
1079,85.5419,85.7886,85.5192,85.5811,689349
1080,85.5811,86.4838,85.2976,86.1603,322656
1081,86.1603,86.8459,85.2133,85.8613,125714
1082,85.8613,87.7766,85.0119,87.2638,392681
1083,87.2638,87.4665,84.1924,84.5783,500360
1084,84.5783,85.3375,84.23,84.3771,259332
1085,84.3771,84.7834,82.7988,83.2222,571113
1086,83.2222,83.4976,81.9203,82.2512,412451
1087,82.2512,82.4741,80.054,80.4997,333826
1088,80.4997,80.8428,80.4933,80.8406,833841
1089,80.8406,81.7454,80.7772,81.3706,929879
1090,81.3706,81.9335,81.1843,81.3955,108219
1091,81.3955,81.5717,80.6341,80.6412,436279
1092,80.6412,81.3058,80.3036,80.7607,455276
1093,80.7607,82.307,80.3856,81.6081,336682
1094,81.6081,82.5576,81.4344,82.2309,788084
1095,82.2309,84.2501,82.0675,83.7635,768634
1096,83.7635,83.9499,82.5318,83.013,868133
1097,83.013,83.7304,82.5607,83.3537,344920
1098,83.3537,83.5849,82.0778,82.3026,117455
1099,82.3026,83.6702,82.2116,83.4804,342275
1100,83.4804,84.0826,82.6938,83.9078,309529
1101,83.9078,85.0627,83.6719,84.5894,819516
1102,84.5894,85.8715,84.5823,85.3134,812282
1103,85.3134,86.1566,84.2208,84.3828,798087
1104,84.3828,84.8906,84.0368,84.2812,272973
1105,84.2812,86.0576,84.1608,85.2841,791331
1106,85.2841,85.2897,83.9757,84.8345,498664
1107,84.8345,84.9647,83.9816,84.8142,569025
1108,84.8142,85.7947,84.7508,85.2325,713298
1109,85.2325,85.641,84.7954,84.8965,943678
1110,84.8965,85.2754,84.6334,84.6835,674668
1111,84.6835,86.3368,84.454,85.3454,201635
1112,85.3454,85.6426,84.4875,84.8158,250624
1113,84.8158,85.0648,84.7171,84.7334,137794
1114,84.7334,84.852,84.0482,84.6035,636591
1115,84.6035,84.76,84.1843,84.3043,656780
1116,84.3043,86.2152,83.5874,84.6705,662619
1117,84.6705,86.2724,84.404,86.0086,213244
1118,86.0086,86.1622,82.9143,84.3201,809705
1119,84.3201,85.3002,84.0167,84.3962,720324
1120,84.3962,84.8112,84.187,84.6421,908796
1121,84.6421,84.6916,83.3598,83.574,270798
1122,83.574,85.238,83.148,85.0588,759162
1123,85.0588,85.9903,84.2136,84.7598,161988
1124,84.7598,84.9951,83.7625,84.1088,337014
1125,84.1088,84.1229,83.7675,84.0833,266980
1126,84.0833,85.0623,83.2232,83.3389,798414
1127,83.3389,84.2483,82.9999,83.4514,448741
1128,83.4514,84.0313,82.3195,82.4079,596321
1129,82.4079,82.6956,81.5856,81.7387,570880
1130,81.7387,82.6061,80.9778,81.3641,216796
1131,81.3641,82.0745,81.1371,81.8347,613910
1132,81.8347,82.2545,81.2074,81.8766,573239
1133,81.8766,82.2432,81.1894,81.645,163786
1134,81.645,82.9708,81.4997,82.661,542264
1135,82.661,83.1055,82.6052,82.9752,602217
1136,82.9752,83.4552,82.4431,82.6393,432161
1137,82.6393,83.5392,82.144,82.1583,163349
1138,82.1583,82.8446,81.0239,82.445,964528
1139,82.445,84.2227,82.1273,83.7622,573572
1140,83.7622,83.7676,82.9335,83.6341,261008
1141,83.6341,84.152,83.0666,83.6289,422167
1142,83.6289,85.222,83.4392,84.507,894541
1143,84.507,85.0952,84.1373,84.8219,242358
1144,84.8219,85.889,84.8166,85.3481,417091
1145,85.3481,86.7638,83.9016,84.1195,787765
1146,84.1195,85.7086,83.7797,84.9795,647572
1147,84.9795,85.1136,84.2271,84.3396,328680
1148,84.3396,84.8685,81.9379,82.0679,457381
1149,82.0679,83.479,81.147,81.6447,994070
1150,81.6447,81.7799,80.5608,80.9612,299698
1151,80.9612,81.1728,80.6271,81.0903,348361
1152,81.0903,81.6918,79.5032,79.7141,933330
1153,79.7141,79.985,79.5459,79.8704,430374
1154,79.8704,80.617,79.6906,80.3003,829966
1155,80.3003,81.4227,79.5923,81.1469,751222
1156,81.1469,81.2289,80.0467,80.3437,843134
1157,80.3437,80.9523,79.2958,79.8582,370353
1158,79.8582,79.9371,78.4704,79.1209,170629
1159,79.1209,81.0282,78.5889,80.7328,474869
1160,80.7328,82.9191,79.9875,82.2381,304045
1161,82.2381,82.7943,80.5947,81.4592,444238
1162,81.4592,81.6325,81.3227,81.5836,585936
1163,81.5836,82.7576,81.5542,82.2806,758420
1164,82.2806,83.0219,81.9421,82.5972,635618
1165,82.5972,82.6077,81.7649,81.8888,218970
1166,81.8888,83.4244,81.5661,82.8591,144379
1167,82.8591,82.9839,81.6572,82.5192,217337
1168,82.5192,82.9429,82.0196,82.4994,539074
1169,82.4994,82.7694,81.5102,82.1186,321621
1170,82.1186,82.8982,80.6554,81.0322,391070
1171,81.0322,81.5166,80.7844,81.4172,413477
1172,81.4172,81.7058,79.8859,80.4919,121786
1173,80.4919,81.8871,78.3584,79.4909,497989
1174,79.4909,79.5831,77.3428,77.463,836354
1175,77.463,78.2236,77.4155,77.7638,201134
1176,77.7638,78.9125,75.3989,75.8087,934056
1177,75.8087,77.7462,75.0423,77.0661,200150
1178,77.0661,77.3007,77.033,77.1987,288108
1179,77.1987,77.2785,76.16,76.5427,534723
1180,76.5427,76.5774,76.1562,76.43,728879
1181,76.43,77.82,76.3529,77.7438,253287
1182,77.7438,77.9309,76.6264,77.4886,656168
1183,77.4886,79.1054,76.9933,78.8667,344179
1184,78.8667,79.3581,78.2781,78.9186,877854
1185,78.9186,81.0346,78.7044,80.9144,442631
1186,80.9144,81.141,80.2959,80.3294,383910
1187,80.3294,81.6114,80.1002,81.1541,512187
1188,81.1541,82.3331,81.1076,82.2398,322652
1189,82.2398,82.3226,81.1251,81.3542,412101
1190,81.3542,82.1355,80.7925,81.717,312584
1191,81.717,82.9659,81.4512,82.8855,890809
1192,82.8855,83.5946,81.0045,81.5881,126519
1193,81.5881,81.7253,80.2074,80.825,691238
1194,80.825,82.9818,80.5678,82.5639,964545
1195,82.5639,83.0189,81.4454,81.4978,237474
1196,81.4978,83.3098,81.296,82.2319,396356
1197,82.2319,82.3212,81.1729,81.5751,820094
1198,81.5751,82.8094,81.2484,82.53,734622
1199,82.53,82.5702,80.6335,81.9969,230637
1200,81.9969,83.0154,81.4672,81.923,385746
1201,81.923,82.3525,79.3213,79.643,891674
1202,79.643,80.3572,78.8003,80.235,892118
1203,80.235,80.4997,78.2611,79.3522,904717
1204,79.3522,80.5342,79.1893,80.1689,801197
1205,80.1689,80.8682,80.1151,80.6695,340176
1206,80.6695,81.0001,79.1495,79.2977,308964
1207,79.2977,79.7334,78.7204,78.936,552092
1208,78.936,79.5603,77.4006,77.883,436563
1209,77.883,79.0449,77.6702,78.5791,129006
1210,78.5791,79.0854,78.4925,79.0775,342872
1211,79.0775,79.5054,76.8306,77.6703,159522
1212,77.6703,78.9766,76.902,77.546,880416
1213,77.546,77.574,76.2982,76.6613,464380
1214,76.6613,77.6471,76.4495,76.8598,442336
1215,76.8598,77.4944,76.2986,76.3304,572707
1216,76.3304,76.9552,74.371,74.9896,568584
1217,74.9896,75.27,71.6052,73.2023,566832
1218,73.2023,74.7202,72.7052,74.0743,601930
1219,74.0743,74.1457,72.2751,72.6702,458235
1220,72.6702,73.2382,71.7872,72.9231,515212
1221,72.9231,73.2457,71.1372,71.7053,228015
1222,71.7053,72.3745,71.2248,72.1107,750382
1223,72.1107,73.9935,71.3971,73.4267,221776
1224,73.4267,73.8954,72.5562,72.8391,260990
1225,72.8391,73.2635,71.3436,71.5074,325074
1226,71.5074,72.9492,70.4895,72.5588,816837
1227,72.5588,72.8105,72.0458,72.4574,426649
1228,72.4574,73.6624,72.384,73.1756,811959
1229,73.1756,73.2652,70.3824,70.7364,791434
1230,70.7364,71.9622,70.3982,71.4123,693577
1231,71.4123,73.4117,71.0713,72.5961,477623
1232,72.5961,74.3315,71.7997,74.019,501632
1233,74.019,74.1974,73.4406,73.6686,660304
1234,73.6686,74.1748,73.1148,74.164,869869
1235,74.164,74.1785,73.7877,74.0606,629976
1236,74.0606,74.5684,73.4871,73.5652,171464
1237,73.5652,73.7856,72.2946,72.9594,601793
1238,72.9594,73.0315,72.4108,72.5518,233430
1239,72.5518,72.6641,71.9455,72.3956,854212
1240,72.3956,72.7327,70.1441,71.2172,144128
1241,71.2172,71.3734,70.3509,70.674,722362
1242,70.674,71.4017,68.9668,69.4611,259677
1243,69.4611,69.6432,67.9963,68.1972,369365
1244,68.1972,68.5281,67.654,68.0127,160900
1245,68.0127,68.2915,66.8062,66.8777,725157
1246,66.8777,67.4894,66.273,67.3959,572181
1247,67.3959,68.0445,66.3111,66.9365,666080
1248,66.9365,68.5351,66.8903,67.9621,719788
1249,67.9621,71.2327,67.8035,70.6418,384839
1250,70.6418,73.5824,70.3831,71.9747,418468
1251,71.9747,73.3248,71.2733,72.8568,543254
1252,72.8568,73.1491,72.062,72.6822,737728
1253,72.6822,72.7417,71.9894,72.738,206133
1254,72.738,73.4665,72.0064,72.9484,999088
1255,72.9484,73.1801,71.5138,72.1754,110167
1256,72.1754,72.2982,71.2598,71.6475,811175
1257,71.6475,72.2032,71.2006,71.2254,717252
1258,71.2254,71.7605,70.5513,71.3246,654394
1259,71.3246,71.9922,71.1046,71.9357,705225
1260,71.9357,73.5023,71.4866,72.7301,681086
1261,72.7301,72.8116,70.8516,71.3348,401598
1262,71.3348,71.4444,70.0511,70.5562,768326
1263,70.5562,71.349,70.488,70.9861,582296
1264,70.9861,71.1833,69.3916,70.1261,819581
1265,70.1261,71.1407,69.7278,70.8385,128055
1266,70.8385,71.5365,70.6124,70.6845,858165
1267,70.6845,70.8988,68.9618,69.7881,776386
1268,69.7881,69.9086,68.2446,68.6621,128465
1269,68.6621,68.9641,67.6147,67.6572,955654
1270,67.6572,68.8401,67.2425,68.7505,201008
1271,68.7505,69.9747,68.2872,69.1283,122441
1272,69.1283,69.7136,68.5033,68.5673,271190
1273,68.5673,70.3826,67.7125,70.0078,228965
1274,70.0078,70.6515,69.082,69.7521,944221
1275,69.7521,69.9911,69.4268,69.515,742309
1276,69.515,69.5599,68.4137,68.4201,939103
1277,68.4201,69.0399,67.4237,67.9026,141525
1278,67.9026,69.2134,67.808,68.4861,381232
1279,68.4861,68.6886,67.379,67.7217,273291
1280,67.7217,67.7948,66.7378,67.1701,497004
1281,67.1701,67.782,67.1571,67.5904,660650
1282,67.5904,68.1026,67.5604,67.7638,415286
1283,67.7638,68.0149,67.4179,67.5333,320342
1284,67.5333,68.1546,66.4522,66.7505,404865
1285,66.7505,66.842,65.5178,66.2553,195334
1286,66.2553,67.027,66.0805,66.5296,261084
1287,66.5296,66.9102,65.0268,65.4263,654683
1288,65.4263,65.7789,63.2456,64.0977,741608
1289,64.0977,64.6404,62.6806,63.5087,519125
1290,63.5087,64.1278,62.558,63.2323,927720
1291,63.2323,63.3415,61.8365,62.1514,518856
1292,62.1514,62.1922,60.3554,60.709,874986
1293,60.709,61.4495,58.4659,59.0698,698662
1294,59.0698,60.2923,58.0658,60.0427,507954
1295,60.0427,61.2653,59.7118,61.158,253721
1296,61.158,62.1284,60.4813,62.0518,214654
1297,62.0518,64.0797,61.9232,63.5239,684506
1298,63.5239,63.6864,62.0789,62.6739,460734
1299,62.6739,63.0342,60.1928,61.4821,445434
1300,61.4821,61.9769,59.9089,60.6809,631873
1301,60.6809,61.4318,60.5352,60.9096,312538
1302,60.9096,61.0147,59.518,59.6898,937776
1303,59.6898,59.9493,58.1916,58.6582,599578
1304,58.6582,58.7943,57.768,58.048,960295
1305,58.048,58.5843,57.7115,58.4827,441019
1306,58.4827,59.2168,56.8758,56.9021,181479
1307,56.9021,58.7097,56.3185,57.7563,100165
1308,57.7563,57.9281,56.7177,56.9442,578130
1309,56.9442,57.3629,55.6791,55.9323,384937
1310,55.9323,58.3572,55.4599,57.3577,374095
1311,57.3577,58.545,56.9011,58.3588,180358
1312,58.3588,59.8231,58.1836,58.2584,463777
1313,58.2584,59.1389,57.8288,58.8391,147814
1314,58.8391,60.0309,57.9515,59.7631,423320
1315,59.7631,61.8193,59.691,61.0524,454841
1316,61.0524,62.8062,60.6055,62.6023,443408
1317,62.6023,62.8084,60.8684,61.1873,446135
1318,61.1873,62.1402,60.75,61.2888,238840
1319,61.2888,62.7897,61.1606,62.7778,114137
1320,62.7778,63.1695,62.2097,63.0661,493061
1321,63.0661,63.4988,62.7413,63.4859,510425
1322,63.4859,63.6508,62.017,62.6777,483133
1323,62.6777,63.7268,62.1599,63.1872,419776
1324,63.1872,63.4546,62.2095,62.8359,620144
1325,62.8359,63.5575,62.3216,63.2559,591549
1326,63.2559,64.1835,62.2184,63.2447,611334
1327,63.2447,63.48,62.347,63.1076,227878
1328,63.1076,63.453,61.6841,63.2849,985301
1329,63.2849,64.0367,62.3589,63.4867,179601
1330,63.4867,65.2886,63.345,64.4782,964369
1331,64.4782,66.0622,64.3494,65.7283,147496
1332,65.7283,66.2097,64.1794,64.9019,521981
1333,64.9019,64.9466,63.7268,63.7799,964523
1334,63.7799,63.9032,62.3456,62.7399,131793
1335,62.7399,64.5996,62.647,64.212,155275
1336,64.212,64.512,62.8864,62.9375,146457
1337,62.9375,64.8085,62.6456,64.7535,174259
1338,64.7535,65.7293,64.1403,64.1746,350063
1339,64.1746,65.0215,64.1216,64.7211,200394
1340,64.7211,65.0264,63.9937,64.5893,236022
1341,64.5893,64.888,62.8192,62.8741,536426
1342,62.8741,64.7274,61.9265,64.4236,408563
1343,64.4236,65.0482,64.1588,64.9066,546353
1344,64.9066,65.7636,64.6387,64.6733,314152
1345,64.6733,64.9348,63.1498,63.348,410568
1346,63.348,65.453,62.6939,64.9273,204394
1347,64.9273,65.8648,64.6647,65.4265,777185
1348,65.4265,67.4755,65.3273,66.9969,735047
1349,66.9969,67.0414,66.391,66.444,934500
1350,66.444,67.1586,66.0935,66.3316,965586
1351,66.3316,66.4636,65.594,66.2131,960565
1352,66.2131,67.2303,65.0442,65.509,872520
1353,65.509,65.8483,64.5136,65.1078,452038
1354,65.1078,66.0722,64.2851,65.9517,760882
1355,65.9517,66.1259,64.9933,65.3929,261924
1356,65.3929,67.413,65.1726,66.6988,848520
1357,66.6988,67.168,66.2672,67.151,297474
1358,67.151,67.8792,66.8306,67.8112,121330
1359,67.8112,70.4345,67.2852,69.7897,955440
1360,69.7897,70.2971,67.6092,68.2077,207979
1361,68.2077,68.7418,67.6125,68.5348,609461
1362,68.5348,69.5761,66.5319,66.7498,726088
1363,66.7498,67.3105,66.0694,66.7263,930425
1364,66.7263,66.8134,65.6489,66.1693,913052
1365,66.1693,66.7179,66.0663,66.2794,799395
1366,66.2794,66.9462,65.9774,66.613,154052
1367,66.613,67.4747,66.0714,67.3668,935727
1368,67.3668,68.0324,67.1665,67.7912,542851
1369,67.7912,69.5218,67.6495,68.8495,921348
1370,68.8495,70.3076,68.6215,70.2572,165627
1371,70.2572,70.4218,68.5687,69.5727,233968
1372,69.5727,71.022,68.6756,70.2831,698145
1373,70.2831,71.0549,69.5833,70.1231,563844
1374,70.1231,70.663,69.1715,69.3856,492451
1375,69.3856,71.0801,69.2482,70.3565,102976
1376,70.3565,71.2414,68.8785,69.1407,533859
1377,69.1407,69.6201,66.5295,67.0079,460553
1378,67.0079,69.0318,66.075,68.1805,181600
1379,68.1805,68.4553,65.2086,65.694,789857
1380,65.694,66.418,65.4444,66.2313,135398
1381,66.2313,66.4479,65.3901,65.7452,667555
1382,65.7452,65.8787,63.5745,63.7374,669512
1383,63.7374,64.0108,63.4077,63.6868,633650
1384,63.6868,65.3609,63.6746,65.1809,586496
1385,65.1809,65.7585,64.4666,64.7424,996250
1386,64.7424,64.9077,63.7604,63.7996,809000
1387,63.7996,64.3498,63.5391,64.2831,512533
1388,64.2831,64.7277,61.978,62.894,234058
1389,62.894,63.4379,60.627,60.8959,688448
1390,60.8959,62.1229,60.6948,61.0228,141221
1391,61.0228,61.275,60.7884,60.8635,376603
1392,60.8635,61.2958,60.3323,61.1462,253620
1393,61.1462,61.6457,59.1344,59.5946,819257
1394,59.5946,60.4871,58.7067,60.321,483590
1395,60.321,62.7055,60.1285,61.391,978267
1396,61.391,61.6324,60.4689,60.5938,852784
1397,60.5938,61.8676,60.2169,61.0486,208670
1398,61.0486,61.3756,60.1478,60.5494,726666
1399,60.5494,60.7263,59.406,59.5347,189971
1400,59.5347,59.9301,58.8413,59.4049,799895
1401,59.4049,60.6113,59.0907,60.5547,180227
1402,60.5547,61.1841,59.7034,60.5798,474600
1403,60.5798,61.9923,60.4594,61.1872,675843
1404,61.1872,61.6971,60.4773,60.5518,944280
1405,60.5518,60.6404,60.0884,60.339,955268
1406,60.339,62.0133,59.7129,61.4042,413068
1407,61.4042,62.1475,60.9496,62.137,186115
1408,62.137,63.5114,61.4915,62.9643,585750
1409,62.9643,64.1351,62.7473,63.2934,274347
1410,63.2934,63.5129,61.8881,62.616,971716
1411,62.616,62.6659,61.9298,62.0012,680374
1412,62.0012,62.1179,61.2198,61.7409,400865
1413,61.7409,63.1061,60.9499,62.3134,932375
1414,62.3134,63.1488,61.5295,62.7549,536555
1415,62.7549,65.0457,62.6351,64.3383,393375
1416,64.3383,64.5761,62.3067,63.0196,393116
1417,63.0196,63.6174,62.352,63.1805,882897
1418,63.1805,64.3765,62.9317,64.126,523891
1419,64.126,64.2289,61.3298,62.0329,509491
1420,62.0329,64.0501,61.8568,63.8444,747839
1421,63.8444,64.8492,61.9276,62.0047,722989
1422,62.0047,62.7551,61.9055,62.503,866486
1423,62.503,62.5818,61.3324,61.9108,643272
1424,61.9108,63.8216,61.2199,63.6463,650375
1425,63.6463,66.0847,63.516,64.9239,871276
1426,64.9239,66.5695,64.4761,64.5878,632422
1427,64.5878,65.354,64.4856,65.0084,321988
1428,65.0084,65.3156,62.8068,63.3888,902640
1429,63.3888,63.5436,62.8675,62.9126,982165
1430,62.9126,63.4588,62.727,62.8675,791745
1431,62.8675,64.1999,61.9808,64.0709,839162
1432,64.0709,64.6576,63.9617,64.3032,602638
1433,64.3032,65.9839,64.0495,65.9206,366211
1434,65.9206,66.0514,65.581,65.7555,531804
1435,65.7555,66.4891,64.7088,65.229,121972
1436,65.229,66.0542,63.6967,63.9373,886779
1437,63.9373,64.4321,62.0907,62.4742,670062
1438,62.4742,63.409,62.327,63.2866,904090
1439,63.2866,63.3985,62.8039,63.1582,951485
1440,63.1582,64.3722,62.9239,63.5142,808922
1441,63.5142,65.818,63.4992,65.3157,950790
1442,65.3157,65.7927,64.0502,64.9813,199869
1443,64.9813,65.5007,63.8525,64.0586,602911
1444,64.0586,65.2402,63.7374,64.5228,284241
1445,64.5228,65.2995,64.0914,65.2561,945233
1446,65.2561,67.1103,64.6462,66.0029,288814
1447,66.0029,66.3601,65.7433,65.9805,712204
1448,65.9805,66.6414,65.8022,66.6107,410703
1449,66.6107,66.6636,64.8281,65.3922,710477
1450,65.3922,66.8953,65.307,66.4884,658856
1451,66.4884,68.3789,66.059,67.2321,159064
1452,67.2321,67.6626,64.6667,65.0143,172153
1453,65.0143,65.922,64.7825,65.6753,348348
1454,65.6753,65.8664,64.9923,65.5458,887493
1455,65.5458,65.6369,63.7986,64.1527,587291
1456,64.1527,67.0105,63.8124,66.699,499474
1457,66.699,67.0265,65.2537,66.1889,309095
1458,66.1889,67.6502,65.9557,66.9698,470522
1459,66.9698,67.5714,65.8669,66.1763,727177
1460,66.1763,67.6629,65.7215,67.3666,373674
1461,67.3666,69.2096,67.1834,68.5589,535818
1462,68.5589,70.0855,68.4022,69.243,142587
1463,69.243,69.6829,68.0075,68.5771,740630
1464,68.5771,70.8372,67.2647,70.5417,855398
1465,70.5417,71.2353,69.811,70.0211,137036
1466,70.0211,70.7325,69.7835,70.6268,334366
1467,70.6268,71.7304,70.2006,71.1412,409462
1468,71.1412,71.7647,70.6949,71.33,246337
1469,71.33,72.3965,70.1282,70.6138,230845
1470,70.6138,71.7018,70.4993,71.2777,103864
1471,71.2777,72.6367,70.6988,71.0809,526519
1472,71.0809,72.7422,69.9178,72.4449,982620
1473,72.4449,72.5709,70.9411,71.9403,497894
1474,71.9403,72.2429,70.3196,71.072,910157
1475,71.072,72.3681,70.8912,71.8821,856789
1476,71.8821,73.0365,71.8088,72.8288,149530
1477,72.8288,73.3421,71.7897,71.9937,350134
1478,71.9937,74.9159,71.9059,74.3004,500912
1479,74.3004,74.4888,73.7702,74.0981,385982
1480,74.0981,75.0446,73.3145,74.0494,917602
1481,74.0494,74.2662,73.3943,73.6858,435548
1482,73.6858,73.7863,72.4681,72.9223,979771
1483,72.9223,73.3758,72.8471,73.2237,993337
1484,73.2237,73.3603,71.7609,72.1503,825105
1485,72.1503,73.2794,71.9322,73.1822,628462
1486,73.1822,73.4748,72.6743,72.85,527151
1487,72.85,75.9138,71.6888,74.8275,780502
1488,74.8275,76.2879,74.5568,75.8519,922969
1489,75.8519,76.1778,74.5499,74.7573,223234
1490,74.7573,74.9492,72.6804,73.1316,598480
1491,73.1316,75.1823,72.9159,74.937,603352
1492,74.937,75.0506,74.1767,74.2032,102202
1493,74.2032,75.4491,73.7187,74.0043,688431
1494,74.0043,74.4101,72.7036,73.028,542697
1495,73.028,73.3744,72.448,72.7428,994899
1496,72.7428,74.0476,72.406,73.292,622959
1497,73.292,73.6952,71.0525,71.4468,724820
1498,71.4468,71.8848,70.2187,70.6279,617737
1499,70.6279,71.2102,70.2184,70.9639,890485
1500,70.9639,71.4762,70.7393,71.2794,345403
1501,71.2794,71.8135,69.0946,69.3502,576651
1502,69.3502,70.5539,69.1163,70.0008,789798
1503,70.0008,70.3858,69.9905,70.1823,885198
1504,70.1823,70.535,68.2567,68.9298,370965
1505,68.9298,69.6313,67.7845,68.3273,840983
1506,68.3273,69.6756,68.2784,69.0734,435712
1507,69.0734,69.1166,67.9685,68.1654,239099
1508,68.1654,68.2237,67.6005,67.9183,907351
1509,67.9183,68.5352,65.8824,66.4906,596001
1510,66.4906,66.5003,66.047,66.2928,514442
1511,66.2928,68.3591,65.7863,67.9323,380416
1512,67.9323,68.5311,66.7028,67.4033,900753
1513,67.4033,67.8922,65.5847,66.0147,125883
1514,66.0147,67.4721,65.6889,67.3321,871133
1515,67.3321,68.0603,67.1457,67.7808,170744
1516,67.7808,68.4732,66.9652,68.1551,169961
1517,68.1551,69.2464,67.9247,68.4151,813749
1518,68.4151,68.7154,68.4003,68.5412,207029
1519,68.5412,68.7263,68.1194,68.5342,804133
1520,68.5342,68.8314,66.9146,67.0778,911057
1521,67.0778,67.8754,66.2639,67.4486,947660
1522,67.4486,68.9314,67.3024,68.4928,244501
1523,68.4928,68.496,66.8445,66.8779,189195
1524,66.8779,68.2498,66.8383,68.1758,295298
1525,68.1758,68.8477,67.6699,68.468,976221
1526,68.468,68.7504,67.5473,67.7489,553775
1527,67.7489,68.2099,67.0428,67.4983,961972
1528,67.4983,67.6953,66.5005,66.9251,441653
1529,66.9251,67.4354,65.8286,67.0851,211253
1530,67.0851,69.1743,66.9124,68.9664,786046
1531,68.9664,69.5789,68.1767,68.6082,204150
1532,68.6082,68.9753,67.946,68.8333,380806
1533,68.8333,69.9854,68.4425,69.9046,869829
1534,69.9046,69.9759,69.4531,69.6292,856952
1535,69.6292,69.744,67.3545,68.139,542483
1536,68.139,71.8591,67.8095,71.4353,692693
1537,71.4353,72.0557,70.8932,71.9141,191549
1538,71.9141,73.9263,71.2897,72.6954,158239
1539,72.6954,73.6642,71.4309,73.5937,210485
1540,73.5937,74.0162,71.1923,71.8759,350666
1541,71.8759,72.5189,71.4486,71.5756,679448
1542,71.5756,73.7829,71.2422,73.3226,642848
1543,73.3226,73.6478,72.2184,72.3727,197233
1544,72.3727,74.0565,71.7863,74.054,665533
1545,74.054,74.5292,73.8763,74.3578,710296
1546,74.3578,74.9639,74.2721,74.4804,711283
1547,74.4804,75.8519,74.3163,75.2807,776448
1548,75.2807,75.6054,74.399,75.5077,281738
1549,75.5077,76.0018,74.865,74.8986,873705
1550,74.8986,76.9959,74.5421,75.8138,128438
1551,75.8138,76.2839,73.4791,73.8026,438702
1552,73.8026,74.5081,73.7702,74.383,600999
1553,74.383,75.2529,74.2245,74.9261,221039
1554,74.9261,75.0496,73.2425,73.8072,198443
1555,73.8072,74.4617,72.8831,73.1405,528319
1556,73.1405,73.5029,71.4722,71.9433,452246
1557,71.9433,71.9876,68.9394,69.2855,980004
1558,69.2855,69.3367,68.5522,68.6602,140606
1559,68.6602,69.5372,68.6544,69.1414,902208
1560,69.1414,69.2642,68.7181,68.9082,410628
1561,68.9082,69.2715,68.1275,68.3271,683274
1562,68.3271,69.2449,67.084,67.6871,158950
1563,67.6871,68.1142,66.9393,67.3801,514818
1564,67.3801,67.9133,66.8898,67.4899,911268
1565,67.4899,68.2573,66.0882,67.3291,439963
1566,67.3291,67.8322,65.3832,65.7978,827493
1567,65.7978,67.4515,65.4938,67.0106,788413
1568,67.0106,68.3928,66.4264,68.0244,427000
1569,68.0244,68.2538,66.4407,66.9457,856342
1570,66.9457,67.3469,65.4136,65.5055,142778
1571,65.5055,66.5313,65.3811,66.5193,182762
1572,66.5193,68.273,66.3342,68.1486,403154
1573,68.1486,70.1565,67.8097,69.7879,816086
1574,69.7879,70.1399,69.4426,69.8941,823714
1575,69.8941,70.149,68.6006,68.7571,662467
1576,68.7571,70.5348,68.5112,69.7222,262540
1577,69.7222,71.3614,69.2957,71.2705,291657
1578,71.2705,72.0706,70.0803,70.2744,520565
1579,70.2744,71.6503,69.6302,71.4131,490352
1580,71.4131,72.0554,70.0022,70.2855,570042
1581,70.2855,70.4984,69.4684,69.9135,370248
1582,69.9135,71.5488,69.7405,71.1464,847192
1583,71.1464,71.8995,70.3523,71.7666,681438
1584,71.7666,72.7682,71.0892,72.7407,465279
1585,72.7407,73.4479,72.7147,73.2343,517743
1586,73.2343,75.6054,73.0378,75.1075,682229
1587,75.1075,75.7488,74.8544,75.6809,823184
1588,75.6809,76.4344,75.4196,76.2655,867268
1589,76.2655,77.5193,75.2825,77.3892,175536
1590,77.3892,78.4432,76.7905,77.6364,910517
1591,77.6364,77.8985,76.7241,76.8436,948845
1592,76.8436,76.888,76.2085,76.4801,200739
1593,76.4801,77.6369,75.3231,76.2538,954707
1594,76.2538,76.6,75.8365,75.9953,896108
1595,75.9953,76.2882,75.8395,76.0335,625893
1596,76.0335,76.6733,74.6662,75.1958,312344
1597,75.1958,75.3258,74.1021,74.7019,495527
1598,74.7019,77.0798,74.0349,77.0618,541322
1599,77.0618,77.9251,75.1285,75.3415,714464
1600,75.3415,77.3025,75.1065,76.3012,943275
1601,76.3012,76.9026,75.2227,75.2674,970124
1602,75.2674,76.0226,74.4894,75.0814,696001
1603,75.0814,76.7869,74.992,76.5087,597455
1604,76.5087,76.9676,74.6155,75.7903,426569
1605,75.7903,76.2207,75.1284,75.9848,449623
1606,75.9848,76.4063,74.2515,74.5198,980193
1607,74.5198,74.7371,74.3431,74.5047,289347
1608,74.5047,75.3631,73.1392,73.8471,668217
1609,73.8471,75.6731,73.7379,75.087,879800
1610,75.087,75.76,74.0226,75.2328,523982
1611,75.2328,75.7316,73.3861,73.5943,838217
1612,73.5943,73.9432,70.8996,71.5908,555701
1613,71.5908,72.1353,70.4625,70.78,507935
1614,70.78,70.9412,69.244,69.272,677433
1615,69.272,69.9175,67.73,68.062,665466
1616,68.062,68.9063,67.8712,68.8256,242040
1617,68.8256,68.9613,65.7838,66.1955,862264
1618,66.1955,66.5439,63.8958,64.7114,387459
1619,64.7114,64.8219,63.0452,63.0963,844091
1620,63.0963,64.7199,62.7795,64.618,473046
1621,64.618,66.3968,63.6414,65.4666,302038
1622,65.4666,66.5395,64.3972,64.76,682396
1623,64.76,65.5381,62.9072,63.2352,731135
1624,63.2352,63.4825,62.6859,63.1276,486013
1625,63.1276,63.3431,62.2815,63.1001,205615
1626,63.1001,64.9947,62.5761,64.8899,927990
1627,64.8899,65.1045,62.8749,63.4563,271489
1628,63.4563,65.0924,62.7906,64.5279,359165
1629,64.5279,64.5376,63.5807,64.0001,995686
1630,64.0001,64.1547,62.2015,62.9373,476497
1631,62.9373,63.09,62.3685,62.4658,655912
1632,62.4658,63.6214,62.2016,63.2202,715840
1633,63.2202,63.2389,62.7852,63.0811,723721
1634,63.0811,64.0427,62.3521,63.7373,737607
1635,63.7373,64.1206,63.5265,63.6702,399576
1636,63.6702,63.9702,62.5824,63.8663,997065
1637,63.8663,66.7794,63.1891,66.293,140960
1638,66.293,66.309,64.6367,65.3317,372256
1639,65.3317,65.6275,63.9446,64.5721,622438
1640,64.5721,64.6103,63.7261,64.3168,937294
1641,64.3168,64.8843,64.0644,64.6997,227616
1642,64.6997,65.9325,64.599,65.8209,215084
1643,65.8209,67.8193,65.8053,67.1345,354632
1644,67.1345,67.6275,64.3701,64.8513,785407
1645,64.8513,65.2829,64.4364,64.7765,995108
1646,64.7765,64.8011,63.9475,64.2328,867730
1647,64.2328,64.9803,62.9818,63.2497,306874
1648,63.2497,63.8143,63.163,63.4359,735366
1649,63.4359,64.0713,60.2958,60.4253,420868
1650,60.4253,60.572,59.7407,60.2979,543689
1651,60.2979,62.2629,60.1399,61.4354,881355
1652,61.4354,61.8743,61.1602,61.7462,557863
1653,61.7462,62.7879,60.8776,61.4458,974464
1654,61.4458,62.0874,60.6614,60.7672,474777
1655,60.7672,62.6787,60.304,62.2818,123365
1656,62.2818,62.5978,59.7223,60.4085,454752
1657,60.4085,61.0692,58.1859,58.3361,172956
1658,58.3361,58.6925,57.2008,57.8424,508649
1659,57.8424,59.3191,56.5206,59.1326,690555
1660,59.1326,59.6514,58.998,59.2291,758390
1661,59.2291,60.4792,58.6695,58.982,143814
1662,58.982,59.2557,58.3451,58.6919,149981
1663,58.6919,61.4457,58.3212,60.9162,260209
1664,60.9162,62.5779,60.698,61.6004,180269
1665,61.6004,62.1966,61.5249,61.958,777302
1666,61.958,62.1017,60.9442,61.153,541760
1667,61.153,61.5266,59.222,59.5022,218158
1668,59.5022,61.3931,58.6877,60.915,561387
1669,60.915,60.9828,58.2015,58.8379,480763
1670,58.8379,59.0649,57.926,59.0277,652481
1671,59.0277,59.2397,57.6204,58.063,517172
1672,58.063,58.4156,57.3117,58.2929,239562
1673,58.2929,58.3136,56.4748,56.8842,493619
1674,56.8842,57.3599,56.4425,56.7562,233745
1675,56.7562,59.0331,56.4252,58.2563,365933
1676,58.2563,58.4469,57.1763,57.2352,140585
1677,57.2352,58.3848,56.6257,58.0556,611630
1678,58.0556,58.8864,57.6722,58.8783,173592
1679,58.8783,58.8836,58.2207,58.3866,263987
1680,58.3866,58.5497,57.7222,57.8521,889079
1681,57.8521,58.4877,56.7446,57.4598,661429
1682,57.4598,57.9988,56.1613,57.8754,884210
1683,57.8754,58.4167,57.8627,58.1214,884454
1684,58.1214,58.6067,56.3774,56.7604,105262
1685,56.7604,57.422,56.0012,57.2166,881902
1686,57.2166,58.0994,57.0719,57.4364,538050
1687,57.4364,58.3514,54.9707,55.4504,721264
1688,55.4504,56.9348,55.1902,56.5993,212580
1689,56.5993,57.1059,55.2785,57.0847,873110
1690,57.0847,57.5324,56.3851,57.3492,684765
1691,57.3492,57.6245,55.9782,56.0592,370826
1692,56.0592,56.6111,55.2996,55.4287,119635
1693,55.4287,55.9665,55.0506,55.718,524340
1694,55.718,56.1402,52.7428,53.2544,281204
1695,53.2544,53.6547,51.4775,51.5372,667368
1696,51.5372,51.8971,50.1805,51.5767,863754
1697,51.5767,52.2475,51.0769,51.4675,538746
1698,51.4675,52.1336,51.1318,51.1901,650345
1699,51.1901,52.0202,49.6027,50.3919,575477
1700,50.3919,50.8965,50.1868,50.5121,157159
1701,50.5121,51.6484,49.936,51.3245,945068
1702,51.3245,51.961,50.6898,51.5193,118726
1703,51.5193,51.8367,51.1626,51.3647,297732
1704,51.3647,52.3515,51.1186,51.9687,641890
1705,51.9687,53.383,51.6857,52.7716,740246
1706,52.7716,54.2994,52.5352,53.3833,705796
1707,53.3833,54.2706,52.9142,53.2109,659658
1708,53.2109,53.3793,50.5606,51.375,700350
1709,51.375,52.0762,51.1934,51.8344,474385
1710,51.8344,52.2595,51.5333,51.55,288489
1711,51.55,51.7609,51.2056,51.733,242744
1712,51.733,52.2318,50.1578,51.0935,128773
1713,51.0935,52.2777,50.906,52.071,301686
1714,52.071,52.0934,51.274,51.7295,419716
1715,51.7295,53.9883,51.6981,53.692,721122
1716,53.692,55.0016,53.6202,54.2611,735764
1717,54.2611,55.461,53.3359,55.2223,199837
1718,55.2223,56.2733,54.7984,55.7331,803940
1719,55.7331,57.7973,55.5053,57.495,666933
1720,57.495,58.3752,56.6974,57.618,241329
1721,57.618,58.1389,56.5241,57.3356,189364
1722,57.3356,57.6075,56.9152,57.2754,223995
1723,57.2754,58.3376,56.5366,57.8998,320784
1724,57.8998,58.9302,57.4741,58.7643,554520
1725,58.7643,59.8408,58.7499,59.5945,698495
1726,59.5945,60.0795,57.9672,58.6491,479549
1727,58.6491,59.7861,58.2101,58.895,512877
1728,58.895,59.9598,58.1832,59.4261,425596
1729,59.4261,60.0294,58.522,59.9773,949278
1730,59.9773,60.465,59.7565,60.0905,983750
1731,60.0905,60.426,60.0481,60.2731,677319
1732,60.2731,60.4143,58.7071,58.8063,668446
1733,58.8063,59.5217,58.0555,58.471,461802
1734,58.471,58.7382,57.7911,58.3672,373890
1735,58.3672,59.4614,57.8621,58.2667,575012
1736,58.2667,58.9881,57.8947,58.3069,501570
1737,58.3069,59.2579,58.1336,58.6557,727723
1738,58.6557,59.3195,56.6789,57.2446,464055
1739,57.2446,57.9206,56.8055,57.52,752588
1740,57.52,57.7439,57.261,57.7277,992731
1741,57.7277,57.9434,57.0592,57.6343,781341
1742,57.6343,57.698,57.1459,57.2463,816938
1743,57.2463,57.4503,56.5034,56.6251,988259
1744,56.6251,56.7603,54.9209,55.0333,435680
1745,55.0333,55.3682,53.6869,54.38,212274
1746,54.38,55.0512,53.5998,54.8087,507832
1747,54.8087,56.7043,54.1646,56.6076,904905
1748,56.6076,57.0365,56.0745,56.5184,635994
1749,56.5184,56.8489,55.8642,56.036,705190
1750,56.036,56.1705,53.8992,54.4896,322869
1751,54.4896,55.0729,53.6595,53.8687,188189
1752,53.8687,54.0928,52.1076,53.0193,173752
1753,53.0193,55.355,52.4818,54.9561,432364
1754,54.9561,55.7747,54.8467,55.1177,567050
1755,55.1177,55.3579,53.9754,54.5001,496071
1756,54.5001,55.0341,54.2566,54.5078,975945
1757,54.5078,55.0073,53.9581,54.7576,216446
1758,54.7576,56.1679,53.8006,55.8868,206252
1759,55.8868,56.7009,55.8604,56.1502,432398
1760,56.1502,56.7977,53.5471,53.7493,467757
1761,53.7493,55.1421,53.47,54.6938,434320
1762,54.6938,55.2627,54.6698,54.8383,537332
1763,54.8383,55.2477,54.7048,54.9801,904827
1764,54.9801,55.2473,54.5878,54.8115,837212
1765,54.8115,54.8295,53.7147,54.3019,475817
1766,54.3019,56.5265,54.0157,55.9475,910258
1767,55.9475,56.7265,55.8198,56.1697,785756
1768,56.1697,56.7253,54.8129,54.8295,504936
1769,54.8295,55.145,52.5169,52.9251,698052
1770,52.9251,54.829,52.7293,54.5221,455857
1771,54.5221,54.8429,51.4577,52.0865,681324
1772,52.0865,52.6083,50.462,51.0467,614795
1773,51.0467,52.2461,50.8083,51.495,603417
1774,51.495,51.7407,50.6532,51.3026,619170
1775,51.3026,52.7431,51.0914,52.5312,907177
1776,52.5312,54.44,51.7267,53.5864,261769
1777,53.5864,55.4364,53.5632,55.3319,898890
1778,55.3319,57.7468,55.0206,56.8951,646169
1779,56.8951,56.9829,56.5774,56.6476,493315
1780,56.6476,57.5003,55.9774,56.4821,385644
1781,56.4821,56.7286,56.2137,56.4599,229630
1782,56.4599,56.8221,56.2433,56.8145,376114
1783,56.8145,56.982,55.9724,56.3061,124454
1784,56.3061,56.77,55.543,55.7216,388037
1785,55.7216,55.9521,54.3006,54.9658,208869
1786,54.9658,56.533,54.1675,56.2877,627426
1787,56.2877,56.3245,54.433,54.6185,154568
1788,54.6185,55.4442,54.5064,54.9454,535754
1789,54.9454,55.1457,54.0366,54.3355,967127
1790,54.3355,54.506,53.481,53.8161,599236
1791,53.8161,54.419,53.6417,54.0032,672219
1792,54.0032,54.6127,52.7475,54.2347,435974
1793,54.2347,56.0532,53.7242,55.9728,920343
1794,55.9728,55.9942,55.7208,55.7275,518186
1795,55.7275,56.4856,55.7113,56.1227,940156
1796,56.1227,56.7934,56.0415,56.1169,855538
1797,56.1169,56.4351,54.9906,55.4379,559295
1798,55.4379,56.2244,54.2273,54.4584,606773
1799,54.4584,54.9347,53.9482,54.1446,600831
1800,54.1446,54.6254,53.6219,54.5275,649400
1801,54.5275,55.4875,54.338,55.3718,335224
1802,55.3718,55.3811,53.989,54.5379,321335
1803,54.5379,55.4957,53.8829,55.447,114287
1804,55.447,56.0427,54.7736,55.7851,101842
1805,55.7851,55.9433,53.4147,53.6557,905741
1806,53.6557,53.9009,51.9311,52.7426,584318
1807,52.7426,53.7825,52.6318,53.0787,848875
1808,53.0787,53.5492,52.4206,53.1961,417695
1809,53.1961,54.7819,53.0001,53.9166,791169
1810,53.9166,54.4242,53.8551,54.4029,516423
1811,54.4029,55.6129,54.3851,55.4015,353021
1812,55.4015,56.0125,55.1784,55.5982,180969
1813,55.5982,55.8761,54.8818,54.9552,544427
1814,54.9552,55.2198,53.9317,54.2395,914056
1815,54.2395,54.5695,53.7483,54.0566,456477
1816,54.0566,56.2504,53.5834,55.8065,544610
1817,55.8065,56.0412,53.7214,54.415,608626
1818,54.415,54.6552,53.7027,53.8073,158544
1819,53.8073,54.4556,53.6448,53.7288,804027
1820,53.7288,55.2029,53.0258,54.934,992756
1821,54.934,55.5118,54.4896,54.5014,508533
1822,54.5014,56.4447,54.2292,55.7828,948766
1823,55.7828,58.4002,54.2962,58.0219,346632
1824,58.0219,59.6014,57.5144,59.3633,425324
1825,59.3633,60.5165,59.299,59.4808,478055
1826,59.4808,60.3258,59.4647,60.2775,275147
1827,60.2775,61.7319,59.4702,61.4117,980286
1828,61.4117,61.8459,61.3211,61.6713,324985
1829,61.6713,62.4835,61.5128,62.1129,531969
1830,62.1129,62.3519,61.1661,61.792,663667
1831,61.792,62.1196,61.1209,61.4084,406721
1832,61.4084,62.2954,61.2573,61.871,814700
1833,61.871,63.7928,61.2499,63.4925,662813
1834,63.4925,63.6785,62.2318,62.3324,154618
1835,62.3324,63.2706,62.2268,63.1804,214782
1836,63.1804,63.6522,62.6178,62.8806,371323
1837,62.8806,63.012,62.3404,62.6217,365425
1838,62.6217,62.7867,61.3198,61.4719,776767
1839,61.4719,62.2879,61.4327,61.6152,445528
1840,61.6152,61.9034,60.5037,61.492,657307
1841,61.492,62.4879,60.1217,60.2347,395374
1842,60.2347,60.317,58.9402,59.1579,635657
1843,59.1579,61.1299,58.9315,60.7665,673627
1844,60.7665,62.011,60.2442,61.9904,752160
1845,61.9904,62.1177,61.2373,61.2887,380500
1846,61.2887,62.4545,60.4536,60.9507,778936
1847,60.9507,61.9151,60.1253,60.1703,377806
1848,60.1703,60.4347,59.2125,59.6128,107273
1849,59.6128,60.002,57.7668,58.3234,851657
1850,58.3234,59.073,57.9173,58.7426,275866
1851,58.7426,60.4543,58.6421,59.4135,701074
1852,59.4135,59.8952,57.1896,58.5217,639786
1853,58.5217,59.0953,57.2069,57.8802,476825
1854,57.8802,58.1684,57.0931,57.5619,810272
1855,57.5619,58.3334,57.2068,58.2412,307246
1856,58.2412,58.5208,57.9817,58.2577,761127
1857,58.2577,59.2474,58.2366,59.1157,265820
1858,59.1157,59.5894,58.4089,58.4391,166358
1859,58.4391,58.9715,58.3562,58.9251,627117
1860,58.9251,59.576,58.776,59.5614,126717
1861,59.5614,60.0534,58.9627,59.7606,405835
1862,59.7606,60.056,58.6047,58.71,119342
1863,58.71,60.838,57.9644,59.921,441030
1864,59.921,60.1754,59.6852,60.1189,942502
1865,60.1189,60.4675,59.599,59.8675,947045
1866,59.8675,61.592,58.2485,58.4983,893497
1867,58.4983,58.891,57.7991,58.7638,815408
1868,58.7638,60.728,58.3088,60.5534,436829
1869,60.5534,61.3574,58.3216,58.3269,654425
1870,58.3269,58.8655,57.7525,58.6343,810629
1871,58.6343,58.7804,58.1921,58.4792,866352
1872,58.4792,59.5004,56.3255,56.5311,288313
1873,56.5311,57.7908,56.4364,57.5147,557752
1874,57.5147,57.5206,56.4816,57.2012,558242
1875,57.2012,57.2062,55.873,56.084,725058
1876,56.084,57.0799,55.5133,56.9548,341501
1877,56.9548,57.6119,55.0053,55.1233,297573
1878,55.1233,55.4135,54.0317,54.9858,456309
1879,54.9858,55.9694,53.2087,54.2636,436696
1880,54.2636,54.5187,53.1646,53.2485,175625
1881,53.2485,53.4075,51.8903,52.3737,659013
1882,52.3737,52.8756,51.559,51.8104,468057
1883,51.8104,52.5149,51.5779,52.1036,310411
1884,52.1036,52.8156,51.7303,52.5274,174176
1885,52.5274,53.6873,51.9835,53.1864,933945
1886,53.1864,53.3432,51.6968,51.8083,134453
1887,51.8083,52.3265,51.6055,52.0116,834008
1888,52.0116,52.9201,51.6455,52.7577,735078
1889,52.7577,56.3691,52.7454,56.3465,921144
1890,56.3465,56.7677,54.6831,54.7057,840077
1891,54.7057,55.4134,54.1593,54.9159,689777
1892,54.9159,56.2412,54.811,55.651,785044
1893,55.651,56.6523,55.5309,56.2464,526994
1894,56.2464,58.7656,56.1592,57.892,781859
1895,57.892,58.44,57.588,57.7008,269061
1896,57.7008,57.7984,56.0965,56.864,288626
1897,56.864,57.0617,55.1848,55.648,215511
1898,55.648,56.6434,55.6237,56.578,829361
1899,56.578,57.4316,55.9133,57.0384,463031
1900,57.0384,57.8898,56.4274,57.7786,393471
1901,57.7786,59.6418,57.5236,59.5142,957373
1902,59.5142,59.8548,58.6255,59.2427,642702
1903,59.2427,59.8723,57.3426,57.6779,451572
1904,57.6779,57.9934,57.5244,57.5939,197774
1905,57.5939,57.8257,56.4262,56.6008,193881
1906,56.6008,56.7215,56.2874,56.3291,720122
1907,56.3291,56.3521,54.5245,55.6879,355435
1908,55.6879,56.8519,54.9581,56.7738,162981
1909,56.7738,58.1184,56.3064,57.9049,469775
1910,57.9049,59.7861,57.7028,59.6525,582807
1911,59.6525,59.6782,58.3162,59.2785,216939
1912,59.2785,59.4247,58.2091,58.7206,738704
1913,58.7206,58.828,56.7597,57.3771,552227
1914,57.3771,57.5369,56.5124,56.8806,106698
1915,56.8806,57.2496,56.1488,57.1076,573270
1916,57.1076,59.0508,56.5584,58.1817,514184
1917,58.1817,58.558,56.4868,56.7302,510675
1918,56.7302,58.9774,55.9798,58.7352,367703
1919,58.7352,59.3293,57.1817,57.3533,909968
1920,57.3533,58.0862,56.8031,58.0281,919749
1921,58.0281,59.1472,57.0813,58.5547,315725
1922,58.5547,60.3262,58.2641,60.0514,665274
1923,60.0514,61.1267,59.2152,59.4719,295529
1924,59.4719,61.0324,57.8915,57.9554,597541
1925,57.9554,58.3602,57.2822,58.3543,393411
1926,58.3543,59.7653,58.2385,59.4016,555458
1927,59.4016,59.4475,58.7383,59.0227,443040
1928,59.0227,59.0477,56.4749,57.4585,457006
1929,57.4585,57.9676,57.0724,57.951,773808
1930,57.951,58.1381,57.4902,57.5082,593585
1931,57.5082,58.8492,56.9187,57.6267,857406
1932,57.6267,59.1022,57.5429,59.0565,190463
1933,59.0565,59.6513,58.5623,58.7178,787230
1934,58.7178,59.0995,58.4587,58.9723,422278
1935,58.9723,59.1568,58.814,59.0273,727068
1936,59.0273,59.4997,57.6235,58.4053,676910
1937,58.4053,59.4477,57.6267,57.9586,147173
1938,57.9586,59.3632,57.9334,58.5033,790402
1939,58.5033,59.5865,58.4876,59.377,479514
1940,59.377,60.2661,59.3465,59.8137,272936
1941,59.8137,60.1219,58.81,59.4695,847405
1942,59.4695,59.6186,58.003,58.266,474112
1943,58.266,59.2388,57.9662,58.9601,286407
1944,58.9601,60.102,58.4074,58.7137,208723
1945,58.7137,59.383,58.4796,58.9256,384616
1946,58.9256,60.2504,58.5703,59.8253,159414
1947,59.8253,61.0661,59.6984,60.4014,296704
1948,60.4014,60.8902,59.7607,60.6752,984792
1949,60.6752,62.0397,59.7022,61.6697,254313
1950,61.6697,62.3241,61.3815,61.5538,983274
1951,61.5538,62.264,60.298,61.0556,398841
1952,61.0556,61.7402,60.0098,60.7898,386170
1953,60.7898,61.9338,60.4408,61.4731,626533
1954,61.4731,63.1802,60.9913,62.6515,309182
1955,62.6515,63.4311,60.0306,60.1061,907101
1956,60.1061,61.7778,59.3431,61.4821,781521
1957,61.4821,61.6022,60.9298,61.2255,236503
1958,61.2255,61.8597,61.0922,61.8204,931068
1959,61.8204,62.5183,59.8194,59.8495,350313
1960,59.8495,60.3735,58.2954,58.9588,568785
1961,58.9588,60.4911,58.9326,60.3896,862241
1962,60.3896,60.7842,60.0647,60.6022,585380
1963,60.6022,62.2433,60.5942,61.8339,747551
1964,61.8339,63.7401,61.5261,63.3587,389473
1965,63.3587,63.3782,63.1254,63.2557,273218
1966,63.2557,63.4392,62.7713,62.9778,283798
1967,62.9778,64.4666,62.4118,64.1013,312679
1968,64.1013,64.8098,61.7001,62.079,380316
1969,62.079,62.4479,61.7776,61.9463,356817
1970,61.9463,63.2969,61.7194,62.6236,344674
1971,62.6236,62.9037,62.1271,62.7034,250989
1972,62.7034,63.2568,62.3169,62.5305,761435
1973,62.5305,63.5739,62.5035,62.6505,443277
1974,62.6505,63.1634,61.7884,62.4579,929379
1975,62.4579,62.62,61.9256,61.982,517286
1976,61.982,62.4464,61.0796,61.219,645422
1977,61.219,61.8251,60.9345,61.7067,270663
1978,61.7067,62.4054,61.6592,61.818,752810
1979,61.818,61.8792,58.3062,59.5411,435830
1980,59.5411,60.2553,58.5213,58.5683,629478
1981,58.5683,58.6446,57.8975,58.3318,609047
1982,58.3318,58.5156,57.3628,57.8656,329732
1983,57.8656,59.649,57.2876,59.2334,719640
1984,59.2334,59.4729,58.4788,59.1635,933866
1985,59.1635,59.5345,58.2022,59.0965,667857
1986,59.0965,59.8353,58.4045,59.4905,680800
1987,59.4905,60.0404,59.2513,59.4121,641934
1988,59.4121,60.3281,58.4304,58.7168,111103
1989,58.7168,59.6185,58.2804,58.9057,627544
1990,58.9057,59.397,58.0511,58.4034,269940
1991,58.4034,58.8413,56.7302,56.7379,970915
1992,56.7379,57.8532,56.3257,57.5861,377180
1993,57.5861,58.1252,55.8184,55.8486,672562
1994,55.8486,55.9253,54.9684,55.4214,228442
1995,55.4214,56.5745,55.0591,55.403,988322
1996,55.403,55.9277,55.3773,55.9163,162857
1997,55.9163,56.492,55.0537,55.5125,253570
1998,55.5125,56.063,53.6182,54.1711,278218
1999,54.1711,56.2887,53.2972,55.1805,267074
2000,55.1805,56.0365,55.0655,55.7404,783248
2001,55.7404,56.8169,55.0238,55.6137,661979
2002,55.6137,56.579,55.3919,56.375,363813
2003,56.375,56.6547,55.4329,55.7961,530107
2004,55.7961,57.0147,55.5922,56.9072,154950
2005,56.9072,56.9688,55.6198,56.9086,187157
2006,56.9086,56.9684,55.4327,55.4411,642686
2007,55.4411,57.1978,54.9257,57.1282,403326
2008,57.1282,57.563,56.4535,56.6599,901136
2009,56.6599,58.5056,55.9706,58.5024,440592
2010,58.5024,58.9415,57.8014,57.9665,397229
2011,57.9665,59.1849,57.71,58.8597,899173
2012,58.8597,59.296,56.8166,57.3364,882104
2013,57.3364,58.0982,56.8605,57.051,656516
2014,57.051,57.3586,55.6941,56.1713,471813
2015,56.1713,58.6371,55.2886,57.2838,114967
2016,57.2838,57.3815,56.6836,56.8014,826802
2017,56.8014,57.2835,55.9101,56.3061,651333
2018,56.3061,56.767,55.4191,55.6776,938335
2019,55.6776,58.9674,55.0011,58.3478,760849
2020,58.3478,58.4374,56.3333,56.6503,228845
2021,56.6503,56.7322,54.9895,55.358,215075
2022,55.358,55.4808,54.0245,54.4297,705755
2023,54.4297,54.737,52.2184,52.4861,204110
2024,52.4861,53.6261,52.1694,53.4324,290476
2025,53.4324,54.1964,52.9803,53.4624,744188
2026,53.4624,54.6464,52.4906,54.0317,912383
2027,54.0317,54.4549,54.0045,54.1039,907759
2028,54.1039,55.4333,53.9152,55.24,581088
2029,55.24,55.4551,54.8104,55.173,938601
2030,55.173,55.2424,52.6058,53.2797,679587
2031,53.2797,53.8347,52.0983,52.1414,677891
2032,52.1414,53.0525,50.7913,51.1647,827602
2033,51.1647,51.4912,50.9806,51.2467,766523
2034,51.2467,52.2356,50.9292,51.4729,204495
2035,51.4729,52.1965,49.5234,50.1521,101510
2036,50.1521,50.7252,49.544,49.7788,862406
2037,49.7788,50.7048,49.28,50.6494,816908
2038,50.6494,52.4536,50.5654,51.7805,299927
2039,51.7805,52.1605,50.5257,50.7967,948600
2040,50.7967,51.2403,50.2943,50.9337,510206
2041,50.9337,51.1008,50.0265,50.4824,732670
2042,50.4824,50.8319,48.6828,48.933,991301
2043,48.933,52.5444,48.7791,51.356,845818
2044,51.356,52.136,50.2332,50.2576,439037
2045,50.2576,51.2047,50.096,51.1515,759392
2046,51.1515,51.4392,49.8235,50.5445,147309
2047,50.5445,51.1961,50.0474,50.9611,985950
2048,50.9611,51.5637,50.1434,51.0393,991956
2049,51.0393,51.1739,49.5064,50.1729,781942
2050,50.1729,50.6475,47.0474,47.4347,354735
2051,47.4347,47.7456,46.9072,47.2169,217810
2052,47.2169,47.2263,45.7723,46.4312,824564
2053,46.4312,47.9907,46.1428,47.354,223804
2054,47.354,47.6498,46.9629,47.5117,230340
2055,47.5117,48.6561,47.5055,47.8421,753361
2056,47.8421,48.5116,47.3624,47.7072,989635
2057,47.7072,50.158,46.8462,49.1775,933386
2058,49.1775,51.1396,48.4102,50.0264,261669
2059,50.0264,53.1312,49.6325,52.6776,972754
2060,52.6776,53.0328,51.2277,51.5918,130593
2061,51.5918,52.2364,51.1195,51.6583,687517
2062,51.6583,52.202,48.817,49.3582,815792
2063,49.3582,50.086,47.9363,48.4153,347694
2064,48.4153,48.6887,46.9347,47.3273,208000
2065,47.3273,48.6213,47.0357,48.3337,120724
2066,48.3337,48.9183,47.0032,47.2918,346352
2067,47.2918,48.1807,46.9985,47.2399,680136
2068,47.2399,48.8795,46.9764,48.2844,189497
2069,48.2844,50.7266,48.1948,50.3014,831581
2070,50.3014,50.9337,49.6087,49.6876,582775
2071,49.6876,50.6641,49.0294,50.1287,742374
2072,50.1287,50.1928,49.7223,49.9716,777689
2073,49.9716,52.2855,49.6863,52.0571,261943
2074,52.0571,54.1281,51.7545,53.2829,210740
2075,53.2829,53.9978,52.9425,53.7518,866305
2076,53.7518,56.207,53.4468,54.8427,555533
2077,54.8427,55.3167,52.955,54.022,100077
2078,54.022,55.5203,52.8737,55.1424,567498
2079,55.1424,56.1608,54.5253,55.4427,725591
2080,55.4427,57.3341,55.2353,55.8877,416905
2081,55.8877,55.9693,54.4689,55.2211,313390
2082,55.2211,56.46,54.8306,56.2999,849365
2083,56.2999,57.7887,56.2,57.6093,215642
2084,57.6093,58.6724,57.4727,58.5311,329470
2085,58.5311,59.2627,56.769,56.9377,328761
2086,56.9377,57.8695,56.5896,57.1827,582313
2087,57.1827,58.9984,56.4106,58.65,273364
2088,58.65,59.1581,58.0784,58.605,838457
2089,58.605,58.9246,56.8896,57.7804,490264
2090,57.7804,61.0203,57.6702,60.3491,169772
2091,60.3491,60.8616,60.1729,60.6913,676159
2092,60.6913,60.9845,60.2389,60.5808,345927
2093,60.5808,61.3292,60.0952,61.0667,971896
2094,61.0667,61.2973,60.904,61.127,933072
2095,61.127,62.5742,60.8042,61.8533,540656
2096,61.8533,64.3568,61.7128,63.5933,878858
2097,63.5933,63.8109,62.0532,62.2968,951859
2098,62.2968,62.6505,61.6322,61.9265,767167
2099,61.9265,63.2564,61.1202,63.1334,529175
2100,63.1334,63.1814,61.9935,62.0431,562208
2101,62.0431,62.5493,61.453,62.3339,147578
2102,62.3339,63.6675,60.9956,63.4591,736752
2103,63.4591,64.1516,63.3738,63.4667,987621
2104,63.4667,63.6438,62.2906,62.854,348240
2105,62.854,63.3766,60.0373,60.7113,374668
2106,60.7113,61.4727,58.5222,59.4674,465863
2107,59.4674,59.6681,58.5902,59.3005,950380
2108,59.3005,60.1628,59.1524,60.0754,769068
2109,60.0754,60.2699,58.0758,58.9769,481585
2110,58.9769,59.7857,57.1158,57.16,531690
2111,57.16,57.3257,53.0664,53.6565,464924
2112,53.6565,54.4753,51.9222,52.656,771325
2113,52.656,53.415,52.3075,52.3083,765084
2114,52.3083,53.1953,51.2771,51.56,892298
2115,51.56,51.6804,49.201,50.2105,707069
2116,50.2105,50.6593,48.1841,48.5955,302561
2117,48.5955,50.7337,47.3658,50.2989,480450
2118,50.2989,50.6494,49.754,50.0869,201910
2119,50.0869,50.932,49.2598,50.7371,206078
2120,50.7371,50.8639,49.925,50.3221,291759
2121,50.3221,50.9688,50.138,50.2246,939800
2122,50.2246,51.6418,49.4934,51.0596,131886
2123,51.0596,51.2191,49.2423,49.7099,653977
2124,49.7099,50.0004,49.2983,49.779,104638
2125,49.779,50.4784,49.6379,50.2741,542841
2126,50.2741,51.1579,49.969,50.6402,238339
2127,50.6402,51.8694,50.2317,51.4636,303485
2128,51.4636,53.01,51.2059,52.6762,485507
2129,52.6762,54.2631,52.2594,53.4313,855421
2130,53.4313,54.3552,53.034,54.1094,490564
2131,54.1094,54.8915,52.7249,52.828,136230
2132,52.828,54.0934,52.3203,53.4427,910898
2133,53.4427,54.0801,52.7092,53.7985,339219
2134,53.7985,54.5463,53.4979,53.9904,819838
2135,53.9904,54.4225,53.7,53.7933,551672
2136,53.7933,54.6467,51.2907,51.7353,449963
2137,51.7353,52.256,51.4471,52.104,550000
2138,52.104,52.2211,51.7389,52.1811,710479
2139,52.1811,53.327,50.641,50.6831,360519
2140,50.6831,51.5256,49.5443,49.619,322972
2141,49.619,50.7966,49.6161,50.3071,877750
2142,50.3071,52.39,50.2935,52.0133,838548
2143,52.0133,53.2541,51.7274,52.512,552100
2144,52.512,53.1678,49.6456,51.0668,632076
2145,51.0668,51.3368,50.4933,50.5876,991358
2146,50.5876,51.2698,50.3605,50.7942,654820
2147,50.7942,51.1536,50.437,51.0662,669978
2148,51.0662,51.5895,50.6167,51.5368,531275
2149,51.5368,51.5813,49.9701,50.1026,352500
2150,50.1026,51.1575,49.6837,50.849,387856
2151,50.849,51.1677,50.0666,51.1252,290779
2152,51.1252,52.7335,50.9342,51.6569,190685
2153,51.6569,53.7424,51.3781,52.6259,187198
2154,52.6259,53.9011,52.5716,53.27,875776
2155,53.27,53.9875,51.9074,52.4668,575975
2156,52.4668,54.297,51.9435,53.7956,289029
2157,53.7956,54.491,51.6748,52.2369,208318
2158,52.2369,54.385,51.6662,53.4413,688919
2159,53.4413,54.7391,53.2652,54.0123,591921
2160,54.0123,54.4553,53.1636,53.8343,990680
2161,53.8343,55.0714,53.5204,54.3088,595446
2162,54.3088,54.5023,53.2852,54.4861,868094
2163,54.4861,57.5024,54.0553,56.7514,745593
2164,56.7514,56.91,55.9828,56.0823,477103
2165,56.0823,57.4054,55.4126,57.1578,727035
2166,57.1578,57.4482,57.0473,57.3431,609557
2167,57.3431,58.5062,57.3138,57.7667,716224
2168,57.7667,58.6815,55.7908,56.7618,248966
2169,56.7618,57.2586,56.6689,56.7663,344344
2170,56.7663,56.8851,55.501,55.7713,296026
2171,55.7713,56.7422,54.9566,55.0959,736978
2172,55.0959,55.5158,53.9624,54.0291,298302
2173,54.0291,54.6412,53.6277,53.7004,314395
2174,53.7004,54.2438,53.6316,53.9692,895242
2175,53.9692,54.857,53.7882,54.6818,324107
2176,54.6818,54.957,52.7403,53.2941,101259
2177,53.2941,53.8519,52.3686,52.5105,734915
2178,52.5105,53.5781,52.2667,52.816,467508
2179,52.816,53.1015,51.2776,52.1386,841538
2180,52.1386,53.035,50.8667,52.7864,259061
2181,52.7864,54.1186,51.9264,54.0084,802461
2182,54.0084,54.6576,53.2644,53.7775,443782
2183,53.7775,54.6087,52.2093,52.6297,835162
2184,52.6297,52.7023,51.2954,51.6843,623497
2185,51.6843,53.0592,51.4814,52.2776,753657
2186,52.2776,53.6111,51.4854,52.8798,184321
2187,52.8798,53.4374,52.6699,53.1467,541466
2188,53.1467,53.2395,51.9382,52.6543,118942
2189,52.6543,53.2469,52.1159,52.9798,162508
2190,52.9798,54.1611,52.8157,53.8238,918217
2191,53.8238,54.318,53.0297,54.2755,827193
2192,54.2755,54.6636,53.7113,54.0057,118644
2193,54.0057,55.544,53.9137,54.7914,323508
2194,54.7914,55.0314,54.4166,54.5557,664645
2195,54.5557,57.2613,54.327,57.151,762518
2196,57.151,57.5643,56.3601,57.0262,282089
2197,57.0262,57.1051,55.4692,55.7495,398580
2198,55.7495,56.0497,55.6096,55.954,722837
2199,55.954,56.138,55.4917,55.5973,367064
2200,55.5973,56.5463,55.1133,55.1822,227651
2201,55.1822,55.4277,54.9289,55.3699,689828
2202,55.3699,55.7746,54.3541,55.6195,446269
2203,55.6195,57.6274,55.3876,57.0089,199122
2204,57.0089,58.4069,56.2638,57.4045,421577
2205,57.4045,57.5713,56.034,57.0295,906027
2206,57.0295,57.2775,55.7973,55.9884,577432
2207,55.9884,56.4302,54.3307,54.7659,371407
2208,54.7659,56.1579,54.3442,55.9673,193530
2209,55.9673,57.6102,55.1349,57.2404,740176
2210,57.2404,57.2697,56.4784,56.4936,939785
2211,56.4936,57.9493,56.281,57.3622,749209
2212,57.3622,58.3885,56.8059,58.2621,160582
2213,58.2621,58.8572,55.9872,56.0259,995294
2214,56.0259,56.6591,55.5774,56.4544,387384
2215,56.4544,56.8085,54.328,55.0894,400118
2216,55.0894,56.2381,54.3997,56.0037,321317
2217,56.0037,56.2904,54.3783,54.981,839263
2218,54.981,55.4747,54.284,54.7213,479656
2219,54.7213,55.0827,53.3555,53.3639,311673
2220,53.3639,54.9606,51.7768,51.8056,115439
2221,51.8056,52.2564,49.3044,49.4585,414412
2222,49.4585,50.0422,48.4746,49.2914,837109
2223,49.2914,49.5594,48.3293,49.1368,921658
2224,49.1368,49.181,46.0717,47.0085,150279
2225,47.0085,49.6402,46.8696,48.6661,123712
2226,48.6661,49.1365,47.6275,47.7329,731261
2227,47.7329,47.9,47.001,47.5289,127167
2228,47.5289,47.6633,45.6527,45.8046,169358
2229,45.8046,46.1906,43.9548,44.1418,769202
2230,44.1418,44.6638,43.3675,44.6546,369556
2231,44.6546,44.894,43.7329,43.884,358092
2232,43.884,44.4593,41.5156,42.3723,128907
2233,42.3723,42.9722,41.429,42.3807,711913
2234,42.3807,42.9618,41.9341,42.5097,846566
2235,42.5097,43.8283,42.3771,43.5412,241120
2236,43.5412,44.1396,42.4234,42.5254,980133
2237,42.5254,43.2571,42.2677,43.0129,265324
2238,43.0129,43.029,41.8949,42.5348,857541
2239,42.5348,43.5051,42.2577,42.9914,844528
2240,42.9914,44.7729,42.2157,44.313,681982
2241,44.313,44.7012,43.7128,44.476,861948
2242,44.476,45.5154,44.4046,45.1145,587411
2243,45.1145,46.6199,45.0969,46.3509,596522
2244,46.3509,46.4337,45.3936,45.4916,342251
2245,45.4916,46.8619,44.6779,46.7677,141112
2246,46.7677,47.2409,44.9774,46.0787,107630
2247,46.0787,46.398,45.3086,45.5727,776658
2248,45.5727,46.1713,44.2386,45.9659,732391
2249,45.9659,47.0968,45.9535,46.8031,826744
2250,46.8031,47.1934,45.8038,46.3423,443900
2251,46.3423,46.847,44.5967,44.6682,516795
2252,44.6682,45.3896,44.5221,45.2234,746616
2253,45.2234,47.1833,44.7389,46.5805,244942
2254,46.5805,47.1675,45.0333,45.1697,755848
2255,45.1697,46.1091,43.3531,43.8297,405118
2256,43.8297,45.9314,43.0725,45.3025,487811
2257,45.3025,47.1834,45.0421,46.6364,649348
2258,46.6364,47.3367,46.5059,47.0805,665010
2259,47.0805,47.0946,44.6419,45.2733,592422
2260,45.2733,47.7075,45.1042,46.8521,178450
2261,46.8521,47.8144,46.5805,47.5725,352105
2262,47.5725,47.7137,47.17,47.3336,261267
2263,47.3336,47.8223,46.9545,47.4397,888992
2264,47.4397,47.7296,47.2169,47.5683,211569
2265,47.5683,47.6278,46.99,47.3102,871300
2266,47.3102,47.5382,46.3955,46.5262,430059
2267,46.5262,48.9295,45.9953,47.9095,555348
2268,47.9095,49.0712,46.8921,48.989,714300
2269,48.989,49.4829,47.9242,47.9453,839111
2270,47.9453,48.9233,47.1483,47.1971,361594
2271,47.1971,48.1707,46.7526,47.7476,516050
2272,47.7476,48.6525,47.4372,48.1864,678236
2273,48.1864,49.4199,47.4903,49.0916,925714
2274,49.0916,50.6802,48.6915,49.9246,279523
2275,49.9246,50.3091,48.9329,49.5099,732061
2276,49.5099,49.9093,49.424,49.4841,134454
2277,49.4841,50.5805,49.2046,50.1131,128190
2278,50.1131,50.5069,49.1452,49.4354,942813
2279,49.4354,49.8408,48.5874,48.7518,881218
2280,48.7518,49.5326,48.5294,48.8073,342863
2281,48.8073,48.9646,48.0702,48.5323,368503
2282,48.5323,49.2001,47.5482,48.9619,572300
2283,48.9619,49.3011,48.4802,48.587,911477
2284,48.587,49.0441,47.5014,48.2018,248079
2285,48.2018,48.6248,46.838,47.593,244620
2286,47.593,47.9811,47.151,47.8273,723611
2287,47.8273,47.8726,47.5798,47.7189,170027
2288,47.7189,48.0601,45.7972,46.3995,391359
2289,46.3995,48.8569,46.3627,48.7557,384863
2290,48.7557,49.0799,46.6744,47.1236,232737
2291,47.1236,47.6317,46.622,47.4468,568622
2292,47.4468,47.9939,47.2427,47.2553,849259
2293,47.2553,48.4121,47.033,48.0242,296760
2294,48.0242,48.5417,47.8692,47.9378,591477
2295,47.9378,48.8485,47.2247,48.4277,974570
2296,48.4277,50.5167,48.3882,50.4413,832401
2297,50.4413,52.6691,49.4356,52.5609,729385
2298,52.5609,52.8882,52.0904,52.5345,469348
2299,52.5345,53.0352,50.9435,51.7855,202041
2300,51.7855,52.0232,51.0662,51.5386,259205
2301,51.5386,51.8898,49.793,50.5034,719695
2302,50.5034,52.1886,50.3472,51.8116,658338
2303,51.8116,54.0166,50.9066,53.5697,193430
2304,53.5697,53.9778,52.9581,53.517,470151
2305,53.517,53.5359,51.6426,51.8482,499693
2306,51.8482,51.9606,51.583,51.6459,360914
2307,51.6459,51.8157,50.5522,51.0222,276004
2308,51.0222,51.5508,50.9732,51.2977,970854
2309,51.2977,52.4483,50.9637,52.1829,767037
2310,52.1829,52.6668,50.75,50.7731,301542
2311,50.7731,51.7791,50.255,50.3419,815624
2312,50.3419,52.5632,50.1521,52.2435,910168
2313,52.2435,52.2887,51.8152,52.0915,835036
2314,52.0915,53.1753,51.4792,52.887,401580
2315,52.887,56.3254,52.8179,55.9266,273394
2316,55.9266,59.1958,55.1867,58.6176,821198
2317,58.6176,58.741,57.2521,58.1539,256345
2318,58.1539,58.6512,55.733,56.0748,493661
2319,56.0748,58.058,55.3686,57.5317,805853
2320,57.5317,57.9193,56.908,57.4939,334207
2321,57.4939,57.8916,55.1267,55.1901,493678
2322,55.1901,56.0766,54.7044,55.6141,125036
2323,55.6141,56.6998,54.5892,55.0212,768105
2324,55.0212,55.8625,54.6191,55.4875,668351
2325,55.4875,55.7755,54.686,55.0223,581875
2326,55.0223,55.0482,53.6503,54.52,807443
2327,54.52,55.4352,54.3374,54.7075,664694
2328,54.7075,57.4413,54.2048,57.0167,193077
2329,57.0167,57.1877,55.3961,55.7147,905144
2330,55.7147,56.7098,55.3933,56.2224,425257
2331,56.2224,57.17,56.1172,56.7469,166218
2332,56.7469,56.9515,56.6964,56.7588,718602
2333,56.7588,57.065,55.382,56.1444,261825
2334,56.1444,56.4575,55.1338,55.1538,610564
2335,55.1538,55.2323,53.3812,54.9557,535519
2336,54.9557,55.4299,54.0626,54.4755,242549
2337,54.4755,55.6167,54.3133,54.3563,120734
2338,54.3563,54.8723,54.3351,54.5856,880186
2339,54.5856,55.3417,54.4207,55.1108,754969
2340,55.1108,56.1,54.9652,55.7333,533417
2341,55.7333,56.7535,55.3375,56.6194,770675
2342,56.6194,57.2187,56.3381,56.3539,459947
2343,56.3539,56.8583,55.9514,56.5697,352974
2344,56.5697,57.0871,54.2286,54.6414,789803
2345,54.6414,55.4646,53.4163,53.9705,894571
2346,53.9705,54.7062,53.2569,53.6391,834302
2347,53.6391,54.1161,52.0754,52.6597,436564
2348,52.6597,53.3382,52.5248,53.2157,250524
2349,53.2157,54.5116,52.8595,54.3856,844017
2350,54.3856,55.179,52.9288,53.9529,417028
2351,53.9529,54.6305,53.5628,54.5716,421970
2352,54.5716,56.8159,54.2492,56.1594,434767
2353,56.1594,56.5046,56.1285,56.2536,395982
2354,56.2536,57.2576,56.0614,56.3881,908869
2355,56.3881,56.5745,54.9831,55.4742,192628
2356,55.4742,55.5942,54.0699,54.7435,895024
2357,54.7435,55.1467,54.3347,54.9947,780581
2358,54.9947,55.1762,53.9411,54.3411,277410
2359,54.3411,55.2789,53.8192,54.7233,211683
2360,54.7233,54.9348,54.2679,54.6593,444571
2361,54.6593,54.8485,53.3228,53.9327,989159
2362,53.9327,54.2803,52.1714,52.387,857478
2363,52.387,52.9968,50.5216,50.6445,680298
2364,50.6445,50.8471,50.4109,50.5054,822261
2365,50.5054,50.9005,50.3597,50.3714,600805
2366,50.3714,50.6375,48.7255,49.3603,453994
2367,49.3603,49.88,48.2375,48.9968,209271
2368,48.9968,49.4839,46.3757,46.8695,126359
2369,46.8695,47.029,46.5209,47.0076,718839
2370,47.0076,47.8302,46.8875,47.5494,272043
2371,47.5494,48.61,46.3116,48.3336,940699
2372,48.3336,48.5955,46.3166,46.6025,806449
2373,46.6025,49.2407,46.2043,48.4631,651475
2374,48.4631,49.0208,48.0967,48.8691,253304
2375,48.8691,50.0125,48.1713,49.5894,777731
2376,49.5894,51.9974,48.7474,51.0078,471964
2377,51.0078,51.0916,49.8784,50.5252,695142
2378,50.5252,50.9611,50.2334,50.2987,757778
2379,50.2987,50.8039,50.2392,50.4171,602663
2380,50.4171,51.3274,49.8912,50.8154,761741
2381,50.8154,51.1195,50.6419,50.9257,111815
2382,50.9257,51.1208,49.9606,50.8635,269125
2383,50.8635,51.6142,50.3475,51.4053,872612
2384,51.4053,51.4338,50.3143,50.7456,508619
2385,50.7456,51.9059,50.4442,51.4179,427279
2386,51.4179,52.4115,50.8999,51.0569,562117
2387,51.0569,51.4948,51.0048,51.1779,376432
2388,51.1779,52.262,50.6504,51.7677,232560
2389,51.7677,53.5256,51.7049,52.9455,268326
2390,52.9455,55.7854,52.814,55.0609,507376
2391,55.0609,56.1992,54.3783,54.8373,235558
2392,54.8373,55.9683,54.8291,55.3729,147841
2393,55.3729,55.5975,54.8261,55.3087,480329
2394,55.3087,55.4473,53.5158,54.0041,634644
2395,54.0041,54.1118,52.1665,52.8576,681710
2396,52.8576,53.811,52.7678,53.4706,147823
2397,53.4706,54.3252,53.2593,54.2377,303818
2398,54.2377,55.0007,53.694,54.4233,452717
2399,54.4233,56.2155,54.136,55.7319,285134
2400,55.7319,55.8348,54.7386,55.1891,359193
2401,55.1891,55.6519,53.3601,53.8509,730424
2402,53.8509,54.9334,53.7888,54.5111,916000
2403,54.5111,55.0072,54.2192,54.5733,909882
2404,54.5733,54.8959,54.511,54.8456,527140
2405,54.8456,55.1156,54.5132,54.5306,711282
2406,54.5306,55.3344,53.9952,54.9293,972587
2407,54.9293,55.2182,53.9223,53.9261,837033
2408,53.9261,55.7976,53.3008,54.4074,851823
2409,54.4074,54.4552,53.6756,53.8099,374142
2410,53.8099,54.2111,53.2631,54.1635,761333
2411,54.1635,54.958,53.6893,54.9333,112204
2412,54.9333,55.487,54.3044,55.014,902235
2413,55.014,56.2911,54.4642,55.3167,201484
2414,55.3167,55.6336,53.7982,54.5405,118654
2415,54.5405,56.6242,54.3915,56.4924,548049
2416,56.4924,56.5215,55.2055,56.0269,975961
2417,56.0269,56.6651,54.5487,54.9787,674860
2418,54.9787,58.314,54.7582,57.3141,710921
2419,57.3141,58.5178,56.7232,58.1946,338778
2420,58.1946,58.6456,56.9337,57.8777,451923
2421,57.8777,58.6712,55.051,55.1038,568069
2422,55.1038,55.7543,54.5303,55.3736,490113
2423,55.3736,55.7396,52.7438,52.8522,972522
2424,52.8522,53.6127,52.0512,52.0563,519685
2425,52.0563,54.6424,51.53,53.5863,373281
2426,53.5863,53.7998,51.6784,52.5494,114033
2427,52.5494,53.4421,52.4116,53.3383,375239
2428,53.3383,54.0037,52.8443,53.1558,100577
2429,53.1558,53.6201,52.942,53.1474,698793
2430,53.1474,55.1181,52.8592,55.0837,177403
2431,55.0837,56.7281,54.4363,54.6542,172646
2432,54.6542,56.0173,54.0989,55.9072,419169
2433,55.9072,57.1045,54.7532,56.4455,188324
2434,56.4455,57.6963,56.0226,57.6663,379662
2435,57.6663,57.9609,55.9899,56.2788,714989
2436,56.2788,57.543,56.0223,57.4588,598855
2437,57.4588,57.6595,56.6828,57.3254,591247
2438,57.3254,58.0521,56.0353,56.7532,493203
2439,56.7532,57.862,56.3008,57.4489,741338
2440,57.4489,60.1218,57.3446,59.604,478455
2441,59.604,59.6673,58.2323,59.4038,478826
2442,59.4038,59.4292,57.8041,58.4947,372150
2443,58.4947,59.1485,58.0584,58.55,609017
2444,58.55,59.6735,57.7419,59.4478,453393
2445,59.4478,59.4791,58.9979,59.3582,514198
2446,59.3582,59.5162,57.3946,57.4508,846904
2447,57.4508,57.815,56.5817,56.9208,533321
2448,56.9208,57.4834,56.7662,57.3968,766425
2449,57.3968,58.126,56.3268,56.6469,229736
2450,56.6469,56.9036,56.0632,56.8684,301189
2451,56.8684,57.7415,55.8524,55.988,990242
2452,55.988,57.3827,55.9647,56.8072,718997
2453,56.8072,56.8163,56.6053,56.8135,187177
2454,56.8135,56.974,55.9618,56.5052,849453
2455,56.5052,56.5637,55.8205,56.1877,984426
2456,56.1877,57.3034,55.3197,56.8932,592047
2457,56.8932,58.2323,56.4539,57.5516,489118
2458,57.5516,57.7612,56.2388,56.4801,836695
2459,56.4801,56.7358,56.1111,56.144,528542
2460,56.144,56.3287,54.1691,54.8878,963182
2461,54.8878,54.9206,52.8053,53.4049,196602
2462,53.4049,54.8377,53.1426,54.3819,125173
2463,54.3819,54.5536,52.716,53.1396,680598
2464,53.1396,53.7431,52.7072,53.1984,138368
2465,53.1984,56.0462,52.4134,55.3389,349213
2466,55.3389,56.1272,55.2851,55.6598,870255
2467,55.6598,55.6691,54.5985,54.7337,156489
2468,54.7337,54.9932,53.3892,53.7758,747288
2469,53.7758,54.4468,52.8403,52.9326,786346
2470,52.9326,53.096,51.6733,52.1463,924544
2471,52.1463,52.5306,50.8293,51.5512,618435
2472,51.5512,52.586,51.1706,51.8102,572890
2473,51.8102,52.7399,51.3659,52.4184,655727
2474,52.4184,52.5431,52.0752,52.1614,866828
2475,52.1614,52.5944,51.2452,52.4048,528771
2476,52.4048,53.9367,50.9967,53.8489,827699
2477,53.8489,54.2141,53.519,53.7689,903225
2478,53.7689,53.788,52.8832,53.4048,157932
2479,53.4048,53.5642,52.9175,53.0286,787016
2480,53.0286,53.7801,52.1147,52.7093,931195
2481,52.7093,53.4077,50.9618,52.0396,616401
2482,52.0396,54.2437,51.677,54.1252,493763
2483,54.1252,54.4518,53.4934,53.9745,827804
2484,53.9745,55.7698,53.3569,55.5355,666204
2485,55.5355,55.8297,54.8161,55.2055,423604
2486,55.2055,55.7322,52.8951,53.2386,164768
2487,53.2386,54.6216,52.6309,53.8784,546557
2488,53.8784,54.2001,52.5529,53.1177,526359
2489,53.1177,53.6738,52.0329,52.2869,160439
2490,52.2869,52.7231,51.8769,52.0905,163780
2491,52.0905,54.0423,52.0158,53.6306,307516
2492,53.6306,54.4689,53.3637,54.1087,301619
2493,54.1087,56.6255,54.1019,56.2135,161157
2494,56.2135,58.6796,55.265,57.7723,167299
2495,57.7723,58.2189,55.4934,56.0289,459297
2496,56.0289,56.7537,55.2703,55.5397,199787
2497,55.5397,55.7422,53.3334,53.3435,404240
2498,53.3435,53.6202,52.8933,53.5894,788262
2499,53.5894,54.8791,53.4745,54.396,697002
2500,54.396,54.6604,51.8826,52.1364,165620
2501,52.1364,54.5359,51.889,54.1882,131825
2502,54.1882,55.403,52.413,52.5583,638332
2503,52.5583,52.6914,51.0988,52.2465,343457
2504,52.2465,52.3765,51.443,51.4779,556843
2505,51.4779,51.9085,50.5343,50.855,974319
2506,50.855,52.8609,50.8323,52.6937,796251
2507,52.6937,53.7313,52.2102,53.1586,764131
2508,53.1586,53.3134,51.9411,51.9941,789113
2509,51.9941,52.4932,51.3939,51.6379,494157
2510,51.6379,53.0152,50.7812,51.8795,430937
2511,51.8795,52.7532,51.54,52.2509,629755
2512,52.2509,52.6284,51.4299,52.5096,899501
2513,52.5096,53.481,52.4231,52.8568,747844
2514,52.8568,52.9333,52.6625,52.8469,214044
2515,52.8469,53.1087,52.4192,52.9732,319819
2516,52.9732,54.3353,52.3148,54.1556,530831
2517,54.1556,54.5819,54.1548,54.4429,545436
2518,54.4429,55.7391,53.9751,55.6955,923590
2519,55.6955,56.7652,54.8834,55.9888,363415
2520,55.9888,56.3369,54.8595,55.3625,340781
2521,55.3625,55.9226,53.9683,54.9811,734951
2522,54.9811,55.9879,54.7003,55.6959,283199
2523,55.6959,58.5099,55.5955,57.4739,289692
2524,57.4739,59.7477,56.8124,59.1075,227765
2525,59.1075,60.7479,58.784,60.6408,202814
2526,60.6408,60.7718,59.7506,59.7515,350170
2527,59.7515,60.3747,58.0036,58.3524,648772
2528,58.3524,59.7581,58.3233,58.762,446196
2529,58.762,59.508,58.5493,59.4145,147033
2530,59.4145,60.5998,58.8272,60.3877,413024
2531,60.3877,61.8508,59.5018,61.7394,916704
2532,61.7394,61.9865,59.7109,60.3321,781526
2533,60.3321,61.1228,58.8318,59.3153,756303
2534,59.3153,59.7561,59.1445,59.7404,198289
2535,59.7404,60.2571,58.0885,58.5209,944178
2536,58.5209,59.1558,56.5942,56.7424,611472
2537,56.7424,56.7777,55.5433,56.151,932195
2538,56.151,57.333,56.0865,57.2739,819630
2539,57.2739,57.741,57.2736,57.6769,403779
2540,57.6769,59.4732,57.2518,58.928,425525
2541,58.928,59.6631,57.7321,57.985,211875
2542,57.985,58.3849,56.53,56.7134,338065
2543,56.7134,57.6982,56.1924,57.1957,969296
2544,57.1957,58.5658,57.0761,57.6089,296058
2545,57.6089,60.2398,57.4954,59.8145,382623
2546,59.8145,61.4582,59.6912,61.1685,789379
2547,61.1685,62.1631,60.347,60.8388,232211
2548,60.8388,61.9678,60.7312,61.8502,203001
2549,61.8502,63.5067,61.4286,63.3248,137760
2550,63.3248,63.3609,62.1397,62.3131,743094
2551,62.3131,62.6983,61.8399,62.2692,418001
2552,62.2692,62.4032,59.8277,60.4917,414756
2553,60.4917,61.7025,60.1248,61.4491,393210
2554,61.4491,62.0915,60.7256,61.3981,474372
2555,61.3981,62.1927,59.8381,60.1148,809348
2556,60.1148,61.0714,59.674,60.8108,686780
2557,60.8108,61.0576,57.9487,58.1617,140149
2558,58.1617,59.1598,57.2846,57.7519,122981
2559,57.7519,58.3267,55.4758,56.345,557364
2560,56.345,56.7453,56.0019,56.2269,293381
2561,56.2269,56.4645,56.1541,56.352,998038
2562,56.352,56.5287,55.2884,55.3833,941966
2563,55.3833,56.1556,54.8207,55.5715,476272
2564,55.5715,55.6746,54.0387,55.0031,574980
2565,55.0031,56.2548,54.4702,56.0753,342264
2566,56.0753,56.2895,55.5532,55.9103,319626
2567,55.9103,56.838,55.5535,55.9846,773369
2568,55.9846,57.1038,55.7383,56.8259,759518
2569,56.8259,57.8417,56.4711,57.5178,923171
2570,57.5178,58.8584,56.958,58.4693,504071
2571,58.4693,58.7861,57.2164,57.3364,583854
2572,57.3364,57.421,56.3735,56.8781,626279
2573,56.8781,57.6762,56.7784,57.38,173355
2574,57.38,59.4821,56.6992,58.2247,618410
2575,58.2247,58.8617,56.2407,57.0674,113961
2576,57.0674,57.3511,55.5951,55.8641,599120
2577,55.8641,57.7062,55.7718,57.3559,488277
2578,57.3559,58.1015,55.9459,57.5437,219139
2579,57.5437,59.876,57.1581,59.0447,462085
2580,59.0447,59.7837,58.239,58.5153,207126
2581,58.5153,60.867,57.9342,60.2247,994720
2582,60.2247,61.0111,59.2422,59.4719,419461
2583,59.4719,59.6337,57.5969,58.4989,360362
2584,58.4989,59.3542,58.4604,59.0881,265105
2585,59.0881,60.4192,58.8953,59.311,906039
2586,59.311,59.7109,58.8823,59.1488,684464
2587,59.1488,59.5181,57.7035,58.3684,950291
2588,58.3684,58.713,58.0557,58.2959,407005
2589,58.2959,58.7142,55.4881,56.3333,484020
2590,56.3333,56.5267,55.0135,55.4064,260574
2591,55.4064,57.2651,55.2613,56.5469,289612
2592,56.5469,57.1964,53.4729,53.5514,653929
2593,53.5514,54.4549,53.2573,54.2154,495025
2594,54.2154,55.0677,53.9433,54.7577,925923
2595,54.7577,56.4858,54.0986,56.427,226902
2596,56.427,56.6829,54.8298,55.7502,779378
2597,55.7502,58.0608,55.147,57.8763,819092
2598,57.8763,58.8207,57.5258,57.5654,123199
2599,57.5654,59.3987,56.8337,58.2575,568804
2600,58.2575,58.4613,57.1907,57.5557,198653
2601,57.5557,58.4846,56.5327,57.0326,336750
2602,57.0326,58.4359,55.8465,57.3968,758470
2603,57.3968,58.4042,56.6163,58.092,754625
2604,58.092,59.2153,57.5657,58.9383,348497
2605,58.9383,59.377,57.9883,58.1208,383328
2606,58.1208,58.5952,56.3341,56.5769,939131
2607,56.5769,57.2368,56.1772,56.8165,889816
2608,56.8165,57.5082,55.424,55.5815,107173
2609,55.5815,56.5835,54.8807,56.2154,338757
2610,56.2154,56.7476,54.9459,55.6925,760204
2611,55.6925,56.0182,54.6847,55.5572,871441
2612,55.5572,55.5573,53.791,53.831,160535
2613,53.831,53.9524,52.9645,53.1916,336766
2614,53.1916,54.6115,52.7392,54.128,673943
2615,54.128,54.2003,52.4927,52.6724,308704
2616,52.6724,53.5876,52.1164,53.4369,817071
2617,53.4369,53.7314,52.4807,52.7044,201130
2618,52.7044,53.3727,52.1338,52.7582,358544
2619,52.7582,53.714,52.6285,53.6291,518262
2620,53.6291,53.7321,52.9834,53.2062,727271
2621,53.2062,54.0336,51.8244,52.7234,540256
2622,52.7234,53.219,52.5313,52.9077,361837
2623,52.9077,52.9571,50.7735,50.8098,794618
2624,50.8098,50.8416,50.0271,50.4631,452240
2625,50.4631,50.643,49.1841,49.5209,755368
2626,49.5209,50.0151,48.3269,49.1073,377659
2627,49.1073,49.4572,47.8373,48.0074,662757
2628,48.0074,49.2483,47.7857,48.5957,396715
2629,48.5957,48.6572,48.2809,48.4372,181227
2630,48.4372,48.7467,45.6051,46.6637,790157
2631,46.6637,46.9017,44.8138,45.2847,278595
2632,45.2847,45.6264,44.6572,45.1738,873750
2633,45.1738,46.2979,44.7939,45.4066,294053
2634,45.4066,45.5306,43.7492,44.9288,132467
2635,44.9288,47.4336,44.5261,47.2846,536409
2636,47.2846,48.1233,46.9314,47.8895,307004
2637,47.8895,48.3685,47.8534,47.9953,805648
2638,47.9953,48.6527,47.7757,48.504,766473
2639,48.504,48.713,47.7357,48.4512,786147
2640,48.4512,49.2421,48.4075,49.1678,847226
2641,49.1678,49.3435,48.6354,48.714,274855
2642,48.714,49.0546,46.6806,46.9472,391354
2643,46.9472,46.9556,46.6794,46.7301,337842
2644,46.7301,47.7098,46.2611,47.3955,362114
2645,47.3955,50.2929,46.8626,49.5724,916899
2646,49.5724,49.9388,49.0651,49.1427,115491
2647,49.1427,49.152,47.7043,48.1426,197473
2648,48.1426,49.2651,46.8011,49.0445,457613
2649,49.0445,49.6298,48.3828,49.1523,399191
2650,49.1523,49.652,47.3283,48.5977,185850
2651,48.5977,50.444,48.2192,49.5697,227197
2652,49.5697,50.0395,49.1912,49.6182,750729
2653,49.6182,49.7661,48.9121,48.9537,380309
2654,48.9537,49.1035,47.953,48.1962,389298
2655,48.1962,48.4,46.4943,47.2595,779534
2656,47.2595,47.4872,46.6561,47.3131,381714
2657,47.3131,47.6728,46.6505,46.8041,872787
2658,46.8041,47.01,45.6326,45.642,194539
2659,45.642,46.1029,45.3248,45.3377,773333
2660,45.3377,45.6073,44.2797,44.7435,974724
2661,44.7435,45.8903,44.3128,45.7627,538474
2662,45.7627,47.3506,45.1334,47.3466,459465
2663,47.3466,47.8584,46.7272,47.037,709014
2664,47.037,49.8931,46.9397,49.209,434468
2665,49.209,49.4327,48.5503,48.8849,652599
2666,48.8849,49.0189,48.1962,48.7864,326115
2667,48.7864,49.0575,45.7882,46.5038,867156
2668,46.5038,46.9059,45.3398,45.7979,846467
2669,45.7979,46.8656,45.6887,46.8336,979278
2670,46.8336,47.2576,46.5353,47.1355,724640
2671,47.1355,47.2408,45.7425,46.2639,240807
2672,46.2639,47.0628,45.7472,46.6852,303426
2673,46.6852,47.5152,44.9605,45.1031,881283
2674,45.1031,47.3036,44.8869,46.9352,662050
2675,46.9352,47.1542,45.5961,46.3057,169728
2676,46.3057,46.7717,45.2692,45.9316,351986
2677,45.9316,46.1632,45.7008,45.8939,789448
2678,45.8939,46.3088,43.8677,44.6207,632952
2679,44.6207,45.5148,43.7984,44.3116,526066
2680,44.3116,44.742,42.4756,43.2369,990178
2681,43.2369,45.2411,43.0552,44.7515,887152
2682,44.7515,45.7022,43.7987,45.2292,146970
2683,45.2292,45.2687,43.9289,44.1558,550337
2684,44.1558,44.6303,42.9594,43.3901,439578
2685,43.3901,43.7638,42.3068,42.5367,577616
2686,42.5367,44.3752,41.8936,43.6614,959824
2687,43.6614,45.7633,43.4313,45.4453,604437
2688,45.4453,46.3256,43.5325,43.5874,716830
2689,43.5874,43.7777,42.5226,42.5881,429118
2690,42.5881,43.5004,42.4306,42.7727,755642
2691,42.7727,43.6857,41.5888,43.0617,444211
2692,43.0617,43.4197,42.282,43.0305,109605
2693,43.0305,43.248,41.4578,41.8886,184697
2694,41.8886,42.1789,41.6079,41.919,929407
2695,41.919,42.0002,41.6253,41.7144,139525
2696,41.7144,42.9701,41.3546,42.8419,662743
2697,42.8419,44.8412,42.0941,44.6733,997508
2698,44.6733,45.0647,42.5086,42.9373,526103
2699,42.9373,44.7046,42.888,44.1152,125953
2700,44.1152,44.3422,43.6763,43.8541,762576
2701,43.8541,44.4126,43.0081,44.22,150443
2702,44.22,45.2726,44.0836,45.1561,187727
2703,45.1561,45.5476,42.1652,42.4022,115007
2704,42.4022,44.2041,41.5736,43.698,384832
2705,43.698,44.7493,42.1213,43.1484,564706
2706,43.1484,43.6214,41.7157,41.9011,853945
2707,41.9011,42.0615,41.4558,41.7238,756061
2708,41.7238,42.1915,40.4001,40.6726,347972
2709,40.6726,41.6114,40.287,41.0486,854073
2710,41.0486,42.9155,41.0405,42.5157,415616
2711,42.5157,43.0596,41.5974,41.8113,516704
2712,41.8113,41.9736,40.4464,40.5918,756595
2713,40.5918,41.7327,39.7584,41.1179,809863
2714,41.1179,41.216,40.2794,40.7537,173147
2715,40.7537,41.1252,40.2587,40.6326,911331
2716,40.6326,40.9363,38.6264,39.4091,219461
2717,39.4091,41.1439,39.2889,40.8866,383986
2718,40.8866,41.43,40.5674,41.3814,895211
2719,41.3814,42.1259,41.2546,41.751,540897
2720,41.751,42.1587,40.7895,41.0093,677643
2721,41.0093,41.2289,39.6,39.6672,851251
2722,39.6672,40.135,39.02,39.4289,289596
2723,39.4289,39.8698,38.8226,39.1557,286702
2724,39.1557,39.3398,36.9384,37.5009,846871
2725,37.5009,37.8304,37.4443,37.6207,520919
2726,37.6207,37.8634,36.8075,36.8561,692498
2727,36.8561,37.3223,36.4436,37.0695,440119
2728,37.0695,37.181,36.4996,36.5688,731159
2729,36.5688,37.3018,34.6605,35.1829,401241
2730,35.1829,35.3723,34.9988,35.2348,921833
2731,35.2348,35.7609,34.8055,34.8464,828299
2732,34.8464,35.6701,34.6694,35.0395,491471
2733,35.0395,35.5998,33.5029,33.5107,404090
2734,33.5107,34.6605,33.1301,34.4772,973689
2735,34.4772,36.2864,33.9942,35.6956,478887
2736,35.6956,35.8825,33.7753,35.0018,460675
2737,35.0018,36.2877,34.0803,36.1808,968712
2738,36.1808,36.4922,35.0859,35.2028,975184
2739,35.2028,35.4726,34.57,35.2089,973292
2740,35.2089,37.717,34.4153,37.407,821340
2741,37.407,37.4841,36.5434,36.8259,894659
2742,36.8259,36.8937,36.6318,36.8289,312565
2743,36.8289,37.1627,36.8038,36.9546,861101
2744,36.9546,38.8741,36.55,38.4732,410240
2745,38.4732,38.6122,36.6256,36.975,701593
2746,36.975,37.3578,34.1968,34.8794,786750
2747,34.8794,35.4602,34.8575,35.3117,795934
2748,35.3117,36.0537,34.2248,34.7781,757334
2749,34.7781,35.0064,33.3666,33.8877,766386
2750,33.8877,34.6946,33.7048,34.3915,647670
2751,34.3915,34.9758,33.8935,34.4989,649509
2752,34.4989,36.0834,33.3899,36.0717,681019
2753,36.0717,36.7351,35.9428,36.489,405627
2754,36.489,37.8253,36.0552,37.5267,356467
2755,37.5267,38.1323,34.8895,36.1208,479563
2756,36.1208,37.0599,35.4726,36.6685,850809
2757,36.6685,36.7139,36.1728,36.2632,876219
2758,36.2632,36.2891,35.7636,35.8376,387123
2759,35.8376,36.0602,34.4058,34.9596,963928
2760,34.9596,35.984,34.4622,35.2837,372659
2761,35.2837,35.9917,34.4905,35.2067,505242
2762,35.2067,35.6017,33.7093,34.1152,401557
2763,34.1152,34.2192,32.8746,33.1854,578540
2764,33.1854,33.7427,29.9436,30.4445,235348
2765,30.4445,31.4405,28.9505,29.2305,831551
2766,29.2305,29.3077,28.3289,28.8744,143689
2767,28.8744,29.1239,28.2964,28.7736,900249
2768,28.7736,28.9843,28.4223,28.8359,403715
2769,28.8359,29.722,28.0047,28.3072,421196
2770,28.3072,28.7475,28.092,28.1407,672384
2771,28.1407,28.4068,26.5681,27.3657,323764
2772,27.3657,27.9318,27.2534,27.7393,754108
2773,27.7393,28.133,26.8201,27.0266,720092
2774,27.0266,29.7013,26.0928,29.6667,851426
2775,29.6667,30.272,29.3417,29.5345,435515
2776,29.5345,30.4666,28.4411,29.6376,674033
2777,29.6376,30.6923,29.4366,30.3612,934696
2778,30.3612,30.3636,29.7871,30.3111,120145
2779,30.3111,31.1627,29.7177,31.0445,853167
2780,31.0445,31.2718,29.246,29.347,272479
2781,29.347,29.771,28.3109,29.2884,319377
2782,29.2884,29.435,28.6541,29.1155,525626
2783,29.1155,29.7223,29.0984,29.1876,349168
2784,29.1876,29.5103,26.8524,27.4522,918771
2785,27.4522,27.8113,27.0232,27.1043,472892
2786,27.1043,27.4816,26.8174,27.2114,639171
2787,27.2114,28.1426,27.1943,28.0766,392147
2788,28.0766,28.6439,27.916,28.2645,740830
2789,28.2645,29.4731,27.9688,28.8837,450135
2790,28.8837,28.9556,28.1809,28.2148,406536
2791,28.2148,28.6605,26.7974,27.5977,289573
2792,27.5977,28.229,26.8901,27.9878,330123
2793,27.9878,30.1004,27.2959,29.9035,605193
2794,29.9035,30.0957,29.3372,29.6189,986381
2795,29.6189,29.9231,28.7543,29.0533,126608
2796,29.0533,30.6408,28.8399,30.4271,416463
2797,30.4271,31.1174,26.0867,27.4185,600795
2798,27.4185,28.1782,27.3973,27.8131,929058
2799,27.8131,29.2414,27.6807,28.7382,296474
2800,28.7382,29.3877,28.3401,28.3722,260760
2801,28.3722,30.0386,28.3228,29.3093,467664
2802,29.3093,29.3135,27.7811,28.3015,639323
2803,28.3015,28.7321,27.0815,27.9002,964215
2804,27.9002,29.2132,27.4641,29.1809,582064
2805,29.1809,29.8013,27.0805,27.6385,843524
2806,27.6385,28.7528,27.2841,27.6747,259863
2807,27.6747,28.2736,27.0985,27.3799,255043
2808,27.3799,28.7552,27.1094,28.3446,687793
2809,28.3446,29.4417,27.89,29.3589,224714
2810,29.3589,30.7058,27.0453,28.3089,639611
2811,28.3089,29.5074,27.8667,28.0389,612375
2812,28.0389,28.9296,28.0006,28.7146,433266
2813,28.7146,29.7504,28.2639,28.623,877094
2814,28.623,28.7978,27.3391,27.5788,432157
2815,27.5788,28.2366,26.538,28.0167,390451
2816,28.0167,28.2996,26.127,27.1489,286306
2817,27.1489,27.2394,25.2159,26.4213,817078
2818,26.4213,27.0016,24.4932,24.5933,200041
2819,24.5933,24.866,23.6229,23.8811,515991
2820,23.8811,23.9382,23.5841,23.5978,129090
2821,23.5978,24.4981,21.7119,22.7069,163329
2822,22.7069,23.0435,22.4579,22.651,744378
2823,22.651,24.5023,22.2786,23.9058,121348
2824,23.9058,24.7046,22.8225,22.9193,363666
2825,22.9193,23.4732,21.3706,21.4265,744962
2826,21.4265,22.1487,20.4303,20.4828,485729
2827,20.4828,21.0798,20.4095,20.8824,778220
2828,20.8824,22.9766,20.6859,22.7444,471603
2829,22.7444,23.6779,21.4654,21.5623,187413
2830,21.5623,21.6854,20.7508,20.9035,909275
2831,20.9035,20.9233,20.129,20.1553,500204
2832,20.1553,21.1707,19.4012,20.9903,611408
2833,20.9903,21.4635,19.3403,19.5869,298919
2834,19.5869,20.575,19.2426,20.2482,362096
2835,20.2482,20.9001,19.8697,20.8003,495876
2836,20.8003,21.0299,19.1611,19.9536,725574
2837,19.9536,20.788,19.4221,20.457,125204
2838,20.457,21.5046,20.0445,21.4033,625811
2839,21.4033,22.201,21.2613,21.3088,465260
2840,21.3088,21.5336,17.771,17.9781,409792
2841,17.9781,19.8814,17.7878,19.0691,878867
2842,19.0691,20.2627,19.0409,19.9596,572713
2843,19.9596,21.8745,18.7527,20.9232,408130
2844,20.9232,21.2693,20.5913,21.1396,350483
2845,21.1396,22.3173,20.8636,21.4486,513389
2846,21.4486,22.377,20.1217,20.689,855979
2847,20.689,22.3992,20.3331,21.6785,282276
2848,21.6785,21.9372,21.1371,21.5698,188956
2849,21.5698,21.7335,20.8069,21.3911,767132
2850,21.3911,22.3152,20.0324,20.9846,150377
2851,20.9846,21.1382,20.2637,20.295,720729
2852,20.295,22.1527,19.9906,21.9339,720673
2853,21.9339,21.973,21.1678,21.6582,182223
2854,21.6582,22.005,19.9796,20.8558,157302
2855,20.8558,22.201,20.5224,21.8534,627109
2856,21.8534,22.609,21.5804,22.1216,583240
2857,22.1216,22.7231,21.9012,22.2934,204765
2858,22.2934,22.5805,21.6344,21.8003,588131
2859,21.8003,22.6165,21.2018,22.0525,875025
2860,22.0525,22.8498,20.8228,21.4954,799656
2861,21.4954,22.9621,21.08,22.1108,100445
2862,22.1108,22.1302,20.706,21.3838,543344
2863,21.3838,22.4463,20.1589,21.9137,369673
2864,21.9137,22.1679,21.4142,21.6945,347759
2865,21.6945,21.8559,19.6191,20.8979,951127
2866,20.8979,22.3468,20.8637,21.9097,976918
2867,21.9097,21.9647,20.8358,21.3231,374176
2868,21.3231,22.2315,21.0783,21.7489,674094
2869,21.7489,21.8251,20.9797,21.1323,291894
2870,21.1323,21.5714,19.4586,19.4635,577359
2871,19.4635,20.3922,18.961,20.1377,239137
2872,20.1377,20.6108,18.602,19.3114,807230
2873,19.3114,20.6837,18.6211,20.1345,983038
2874,20.1345,22.7283,19.41,22.2258,801779
2875,22.2258,23.3792,20.9739,21.9435,373256
2876,21.9435,22.5646,21.5875,22.2884,418540
2877,22.2884,22.8346,21.8095,22.2555,475411
2878,22.2555,22.7469,21.7483,22.7079,971811
2879,22.7079,23.4275,20.7685,21.6115,117531
2880,21.6115,21.7083,21.0163,21.3443,745005
2881,21.3443,21.8088,20.6898,21.0757,393116
2882,21.0757,22.9778,20.953,22.6677,293481
2883,22.6677,22.6859,20.4057,20.6979,392934
2884,20.6979,21.9549,20.5962,21.1622,522884
2885,21.1622,21.4918,20.7511,21.4641,917998
2886,21.4641,21.8682,20.1458,20.1788,646034
2887,20.1788,20.3423,19.5948,19.8517,432503
2888,19.8517,20.0669,19.1216,19.2336,220856
2889,19.2336,19.6765,19.151,19.2326,236595
2890,19.2326,19.4794,17.8706,18.2121,279994
2891,18.2121,19.0474,17.451,18.8504,334647
2892,18.8504,19.2576,18.0215,18.1019,119666
2893,18.1019,18.3396,17.9256,18.1538,382565
2894,18.1538,18.8104,15.7533,16.6172,501256
2895,16.6172,17.3063,16.0724,17.0947,399710
2896,17.0947,17.6569,16.3936,17.3144,329821
2897,17.3144,17.4226,16.9345,17.3112,456677
2898,17.3112,18.1678,17.2978,18.0115,575557
2899,18.0115,19.3466,17.4782,19.0351,128875
2900,19.0351,20.0385,19.0114,19.1441,811123
2901,19.1441,19.1769,17.2971,17.8379,608776
2902,17.8379,18.6974,16.4802,16.6206,578586
2903,16.6206,18.1252,15.6573,17.2023,649028
2904,17.2023,19.2208,17.1653,18.3868,790403
2905,18.3868,18.556,16.6734,17.6562,765042
2906,17.6562,18.3913,17.4984,18.2773,683055
2907,18.2773,18.7948,17.2953,17.6222,489157
2908,17.6222,18.2701,15.8009,15.8889,105718
2909,15.8889,16.067,15.8071,15.981,332967
2910,15.981,17.1508,15.2427,17.0238,393957
2911,17.0238,17.2179,15.5143,15.5959,419180
2912,15.5959,16.3297,13.6126,14.299,237344
2913,14.299,14.733,14.251,14.3968,641729
2914,14.3968,15.0937,13.6768,14.6064,586068
2915,14.6064,15.5864,14.4621,15.4612,287926
2916,15.4612,16.2958,14.9646,16.1243,343970
2917,16.1243,16.9052,15.9573,16.7689,908991
2918,16.7689,18.0781,16.418,17.1976,437602
2919,17.1976,17.4823,15.6172,15.6482,502131
2920,15.6482,15.9216,14.4709,14.6717,442454
2921,14.6717,15.0487,14.1703,14.8458,752066
2922,14.8458,17.4233,14.2639,16.8168,208322
2923,16.8168,16.8634,15.4564,15.4573,271883
2924,15.4573,16.3502,14.5008,14.5843,423872
2925,14.5843,14.8279,14.51,14.5681,823070
2926,14.5681,15.3999,13.9895,14.6003,419212
2927,14.6003,16.7122,13.712,16.394,370624
2928,16.394,17.3841,16.3936,17.1741,679223
2929,17.1741,17.5348,15.9234,16.3055,682623
2930,16.3055,16.4279,15.8174,16.0641,324098
2931,16.0641,16.1674,15.1532,15.5833,786059
2932,15.5833,17.6968,15.2456,16.8621,879710
2933,16.8621,17.2706,16.0986,16.3504,255177
2934,16.3504,17.8427,15.8452,16.6488,767770
2935,16.6488,17.1771,16.4743,16.883,246136
2936,16.883,17.3104,16.5449,16.5515,662781
2937,16.5515,17.424,16.1739,17.2116,398423
2938,17.2116,18.8899,17.1267,18.7889,884825
2939,18.7889,19.1328,18.3052,19.0531,572684
2940,19.0531,20.0434,18.9804,19.9961,907469
2941,19.9961,23.3053,19.5638,22.4903,985031
2942,22.4903,23.6115,22.0029,23.2278,220964
2943,23.2278,23.6579,21.8818,22.0937,912594
2944,22.0937,23.6431,21.5666,23.1368,429024
2945,23.1368,23.6565,21.1141,21.937,866771
2946,21.937,22.2847,21.605,22.1682,216826
2947,22.1682,22.9635,21.9742,22.8367,463454
2948,22.8367,23.2358,22.6829,23.0571,303601
2949,23.0571,24.3159,22.4167,23.6431,701520
2950,23.6431,26.6721,23.5612,26.0212,895224
2951,26.0212,26.3194,25.3721,26.0542,621431
2952,26.0542,26.8676,26.0015,26.7466,915413
2953,26.7466,26.8503,26.4092,26.5112,228659
2954,26.5112,27.9812,26.3219,27.1117,245696
2955,27.1117,27.6967,26.0815,26.5382,665841
2956,26.5382,26.8993,25.9394,26.6312,506893
2957,26.6312,27.6165,26.3912,26.9366,351374
2958,26.9366,27.0683,25.6671,26.7942,403529
2959,26.7942,27.6335,26.5916,27.3935,594010
2960,27.3935,27.7785,25.6759,26.3108,408137
2961,26.3108,26.3324,25.4767,25.9523,968278
2962,25.9523,27.2772,25.6966,27.0254,511690
2963,27.0254,28.4005,26.7375,27.994,376327
2964,27.994,31.2704,27.4313,29.9435,174670
2965,29.9435,31.1781,28.9912,30.7384,998690
2966,30.7384,32.4922,29.838,32.1673,299671
2967,32.1673,33.8697,31.7555,33.7844,236594
2968,33.7844,35.2496,33.3141,34.8609,820233
2969,34.8609,35.1358,33.8087,34.3903,437024
2970,34.3903,34.6336,33.8122,33.9893,670881
2971,33.9893,34.6402,32.569,32.571,947972
2972,32.571,33.3339,31.3682,31.9967,350579
2973,31.9967,34.6656,31.687,34.3553,974807
2974,34.3553,36.8557,34.0075,36.4146,222507
2975,36.4146,36.4442,36.4093,36.4392,380444
2976,36.4392,38.3231,36.1189,37.713,963348
2977,37.713,38.8574,37.1377,38.6705,788133
2978,38.6705,40.5611,37.5207,40.1309,318216
2979,40.1309,41.1589,39.877,40.4569,850896
2980,40.4569,42.0332,39.9056,40.8716,348596
2981,40.8716,41.4328,40.7935,41.2725,236661
2982,41.2725,41.9726,38.6139,38.874,784526
2983,38.874,39.3893,38.7868,39.3724,665691
2984,39.3724,40.5266,39.2397,39.8038,368939
2985,39.8038,41.5525,39.6205,40.9703,981093
2986,40.9703,41.465,40.7267,41.0784,344892
2987,41.0784,42.0929,40.8888,42.0559,519873
2988,42.0559,42.9357,41.2264,41.7466,722293
2989,41.7466,43.0215,41.7096,42.2113,997844
2990,42.2113,43.2103,41.8027,42.6718,426294
2991,42.6718,44.2207,42.0057,43.6797,479506
2992,43.6797,44.3271,40.718,41.4814,352183
2993,41.4814,41.8778,41.3447,41.351,477680
2994,41.351,43.2787,40.1276,42.5417,174784
2995,42.5417,44.5366,42.5151,43.9992,631975
2996,43.9992,45.2854,43.7971,45.1669,802829
2997,45.1669,45.7865,44.5831,44.8365,567070
2998,44.8365,45.2743,43.7861,44.0084,641496
2999,44.0084,44.486,41.8829,42.5105,205726
3000,42.5105,42.5521,41.6668,42.1379,705348
3001,42.1379,43.2967,41.4894,42.9992,412574
3002,42.9992,44.2538,42.0494,44.0217,616010
3003,44.0217,44.1909,41.4007,41.6725,799867
3004,41.6725,41.728,40.2758,40.3753,610236
3005,40.3753,42.9458,39.4597,42.7633,821705
3006,42.7633,44.2005,41.7987,44.0728,328162
3007,44.0728,44.8727,43.6999,44.4553,501406
3008,44.4553,44.9841,44.1665,44.3303,991878
3009,44.3303,45.2156,43.9667,44.1834,592549
3010,44.1834,46.0653,43.7277,45.8443,413685
3011,45.8443,47.5005,45.5644,46.616,654762
3012,46.616,46.6766,44.9604,45.9096,304813
3013,45.9096,46.3323,45.7843,46.1289,381631
3014,46.1289,46.4498,44.717,44.7227,444426
3015,44.7227,45.5032,44.0434,44.5783,906202
3016,44.5783,46.0771,43.3136,46.0392,390483
3017,46.0392,47.4744,45.387,47.0488,604436
3018,47.0488,47.0752,45.5865,46.2075,458174
3019,46.2075,46.521,45.4159,45.9846,889239
3020,45.9846,47.0346,45.7641,46.7118,744299
3021,46.7118,46.8148,45.5219,45.7277,960467
3022,45.7277,46.1402,44.5454,45.5056,364521
3023,45.5056,45.5939,44.5904,45.1309,136695
3024,45.1309,45.8394,44.9067,45.1271,346409
3025,45.1271,45.1598,42.8624,43.2355,303249
3026,43.2355,43.4442,42.8773,43.1567,111176
3027,43.1567,43.2672,42.4303,43.1648,473073
3028,43.1648,43.7794,41.7234,41.9284,471091
3029,41.9284,43.228,41.1982,42.6895,981217
3030,42.6895,42.7053,40.4042,41.1872,983724
3031,41.1872,41.8142,40.4515,41.4449,943229
3032,41.4449,43.2078,41.0199,43.0073,962281
3033,43.0073,45.0649,42.6322,44.3233,584447
3034,44.3233,45.295,43.2396,44.2583,805796
3035,44.2583,44.2849,42.7707,43.1231,643682
3036,43.1231,44.9437,42.342,44.7952,680469
3037,44.7952,45.2784,41.4231,42.061,147881
3038,42.061,42.7742,41.6629,42.3438,492565
3039,42.3438,43.0194,41.7489,42.9305,151791
3040,42.9305,43.5092,41.6376,42.4598,233092
3041,42.4598,42.6272,42.1812,42.3074,952616
3042,42.3074,42.4175,40.2504,41.0334,541728
3043,41.0334,42.1801,40.008,40.3548,506900
3044,40.3548,41.0824,40.1155,40.2945,397479
3045,40.2945,40.7286,38.1817,38.445,585651
3046,38.445,38.6267,37.8654,38.2601,106097
3047,38.2601,38.7615,36.8827,37.0416,979618
3048,37.0416,37.8977,36.6387,37.434,757342
3049,37.434,37.8099,36.6739,37.3513,261406
3050,37.3513,37.6544,35.6895,36.3469,545477
3051,36.3469,36.8102,35.7307,36.6628,954126
3052,36.6628,37.0517,35.8967,36.2291,726773
3053,36.2291,37.1709,35.8432,36.8203,736536
3054,36.8203,37.7776,36.415,37.351,266109
3055,37.351,37.5591,36.0621,36.7672,405748
3056,36.7672,36.7741,36.0305,36.6396,118360
3057,36.6396,37.5165,33.9621,34.4124,251661
3058,34.4124,35.3611,34.2733,34.7634,104194
3059,34.7634,34.8418,34.0533,34.586,873422
3060,34.586,34.8967,33.7746,33.8634,658785
3061,33.8634,34.4743,33.2921,34.1551,921353
3062,34.1551,36.3598,33.7721,35.8307,902293
3063,35.8307,36.8212,35.1487,35.2736,837095
3064,35.2736,35.9215,35.247,35.7834,583830
3065,35.7834,38.3881,35.6314,38.0783,362287
3066,38.0783,38.2622,37.013,37.2693,566639
3067,37.2693,38.5638,35.8988,38.2196,927999
3068,38.2196,39.2818,35.697,36.1345,593182
3069,36.1345,36.4849,34.8265,35.2997,404509
3070,35.2997,36.3948,35.0233,36.1489,835826
3071,36.1489,37.0046,35.4476,36.5334,929012
3072,36.5334,38.6752,35.5163,38.2658,736873
3073,38.2658,38.7012,37.5336,38.5079,388497
3074,38.5079,39.1524,38.2126,38.3244,578733
3075,38.3244,38.7123,37.2015,37.3348,503114
3076,37.3348,38.5574,36.1968,38.1721,483687
3077,38.1721,38.2543,37.5593,37.7914,605127
3078,37.7914,38.1912,37.5197,37.8614,993058
3079,37.8614,38.9355,37.6682,38.0845,137469
3080,38.0845,38.4891,36.7819,36.9225,628722
3081,36.9225,38.3027,36.4036,37.9359,580862
3082,37.9359,38.3421,36.5422,36.6664,269415
3083,36.6664,37.0229,36.2024,36.9863,764686
3084,36.9863,37.2961,35.129,35.176,433741
3085,35.176,36.2194,33.49,34.4861,903120
3086,34.4861,35.9533,34.2969,35.9078,283247
3087,35.9078,36.9807,34.7836,36.2918,285426
3088,36.2918,36.935,35.2372,36.5128,104264
3089,36.5128,37.5383,35.8076,36.6234,988376
3090,36.6234,36.8465,33.6796,34.107,854008
3091,34.107,34.7147,34.0891,34.638,893750
3092,34.638,36.6989,34.335,36.1237,877369
3093,36.1237,36.3649,35.0578,35.6485,345353
3094,35.6485,35.8385,34.038,34.5204,472275
3095,34.5204,35.5792,33.9072,34.1428,640116
3096,34.1428,34.4941,32.7275,33.0856,726401
3097,33.0856,33.3173,31.5651,31.6855,203750
3098,31.6855,33.5629,31.3517,33.0898,265022
3099,33.0898,34.1496,31.9387,31.9696,937557
3100,31.9696,33.9771,31.5996,33.4798,356234
3101,33.4798,33.582,32.3657,33.0463,895623
3102,33.0463,34.9201,32.8505,34.3149,548170
3103,34.3149,37.7903,34.0788,36.6112,305780
3104,36.6112,36.8637,36.3344,36.7045,786287
3105,36.7045,37.3116,36.3025,36.9627,228482
3106,36.9627,37.0814,36.1681,36.251,940254
3107,36.251,36.641,36.1434,36.3192,611921
3108,36.3192,37.6004,36.1742,37.1671,955372
3109,37.1671,38.2047,36.9478,37.9858,452180
3110,37.9858,39.5923,37.6451,39.3547,157284
3111,39.3547,39.9205,39.061,39.6197,884203
3112,39.6197,39.9601,38.5607,38.7193,575700
3113,38.7193,38.8166,38.0316,38.1981,716286
3114,38.1981,38.7198,37.7903,38.1218,656727
3115,38.1218,40.2603,37.9308,39.2424,193413
3116,39.2424,39.6974,38.7551,39.6472,606440
3117,39.6472,41.1019,39.3867,40.314,665457
3118,40.314,40.9815,40.2377,40.801,683976
3119,40.801,43.4193,40.5509,42.794,654444
3120,42.794,43.5831,41.8927,42.1509,714593
3121,42.1509,42.4499,40.9023,41.4516,927483
3122,41.4516,41.8061,40.8598,41.3685,424121
3123,41.3685,42.8062,40.7699,42.2453,999226
3124,42.2453,44.9248,41.9216,44.5716,118843
3125,44.5716,45.0241,43.8089,44.762,587348
3126,44.762,45.2274,44.2601,45.1543,856121
3127,45.1543,46.1061,43.2592,43.7167,760104
3128,43.7167,44.6766,43.5455,44.2112,427204
3129,44.2112,44.6592,43.6908,43.7475,295263
3130,43.7475,43.8667,42.7714,43.078,886245
3131,43.078,43.6628,41.8181,42.3288,787578
3132,42.3288,42.9312,41.1982,41.5901,292162
3133,41.5901,42.0787,41.3465,41.8927,849599
3134,41.8927,42.0002,40.5114,41.202,145797
3135,41.202,42.0813,40.9296,41.4614,565750
3136,41.4614,42.5112,40.9715,42.2819,724572
3137,42.2819,42.7689,41.0427,41.1636,607027
3138,41.1636,43.084,40.7428,42.8013,803673
3139,42.8013,43.6201,41.8146,43.1328,217499
3140,43.1328,43.9234,42.9503,43.5275,939718
3141,43.5275,44.0563,41.7525,42.2865,808266
3142,42.2865,42.3431,41.1968,41.2307,876024
3143,41.2307,43.3994,40.8135,43.081,282706
3144,43.081,45.2697,42.8002,45.0673,856610
3145,45.0673,45.8982,42.8274,43.6399,527578
3146,43.6399,43.7588,42.3041,42.7002,191349
3147,42.7002,43.1077,40.4118,40.7109,579074
3148,40.7109,41.7726,40.5123,41.5565,597089
3149,41.5565,41.8284,38.3493,38.7477,978512
3150,38.7477,38.8928,36.4953,36.7366,500413
3151,36.7366,37.0256,36.3786,36.7558,253412
3152,36.7558,38.1775,36.6604,37.4202,836156
3153,37.4202,38.9021,36.9802,38.6234,973267
3154,38.6234,41.1613,38.4105,40.5506,897043
3155,40.5506,42.7104,40.3062,42.6306,370094
3156,42.6306,43.0798,42.4543,42.8565,993607
3157,42.8565,43.9539,42.4295,43.235,740267
3158,43.235,43.4325,42.9588,43.0247,642531
3159,43.0247,43.1648,42.6218,43.0794,252154
3160,43.0794,43.2734,42.1591,42.4217,352221
3161,42.4217,42.5641,39.1302,40.2147,146809
3162,40.2147,40.3866,39.7879,40.3565,504037
3163,40.3565,40.4153,40.0942,40.0942,512278
3164,40.0942,40.6484,38.0995,38.4053,217584
3165,38.4053,39.8866,38.3958,39.7913,442604
3166,39.7913,40.1949,39.3192,39.5952,132384
3167,39.5952,40.2766,38.4051,38.8671,868263
3168,38.8671,40.5241,38.3675,40.4153,407915
3169,40.4153,42.1872,39.8671,41.9075,340005
3170,41.9075,42.8659,40.9529,41.5331,176315
3171,41.5331,41.9118,40.8479,41.093,829679
3172,41.093,41.1753,40.8427,41.0659,166973
3173,41.0659,41.2724,40.3851,40.6611,877321
3174,40.6611,40.7432,39.0089,39.0139,826287
3175,39.0139,40.4687,38.6242,39.9639,884214
3176,39.9639,42.116,39.7158,41.1302,807518
3177,41.1302,41.689,41.0354,41.5316,771457
3178,41.5316,41.723,40.7849,40.8919,956252
3179,40.8919,42.6838,40.8749,42.6624,171470
3180,42.6624,43.2437,42.1076,42.9809,528439
3181,42.9809,45.3526,42.728,43.9472,359257
3182,43.9472,44.395,42.6576,43.5525,155139
3183,43.5525,43.6488,43.4034,43.5972,229503
3184,43.5972,45.4857,43.2472,44.1902,729970
3185,44.1902,44.3801,43.9046,44.0743,992782
3186,44.0743,45.2583,43.469,44.8869,633077
3187,44.8869,45.2409,43.8158,43.9321,842021
3188,43.9321,45.0169,43.3198,44.9607,689357
3189,44.9607,45.7827,44.9558,45.707,156504
3190,45.707,46.1604,44.6673,45.3415,657860
3191,45.3415,45.6959,45.2696,45.51,110799
3192,45.51,45.5177,43.7148,43.9296,629324
3193,43.9296,44.9866,43.6137,44.7489,159290
3194,44.7489,44.8236,42.4281,43.382,505708
3195,43.382,43.9535,42.477,43.3259,382127
3196,43.3259,43.6541,43.3241,43.3292,628506
3197,43.3292,44.3525,42.7862,44.2288,931101
3198,44.2288,45.2348,43.1285,44.4719,517261
3199,44.4719,45.6808,43.9492,45.3558,477637
3200,45.3558,46.9244,45.3138,46.6536,385051
3201,46.6536,48.1105,46.586,48.065,812237
3202,48.065,48.3261,47.8032,48.164,633643
3203,48.164,48.5483,47.943,48.3441,403583
3204,48.3441,49.1982,48.2763,48.7038,373169
3205,48.7038,50.0921,48.6233,49.9167,751356
3206,49.9167,52.1668,49.4199,51.06,243838
3207,51.06,51.4384,50.8794,51.4045,390954
3208,51.4045,51.8133,51.2549,51.3152,311637
3209,51.3152,53.3207,51.2453,53.0063,377206
3210,53.0063,53.4706,52.414,53.0874,715651
3211,53.0874,53.1974,52.3479,52.6275,752281
3212,52.6275,53.5696,51.6922,53.2187,432610
3213,53.2187,53.607,52.7277,53.5736,288510
3214,53.5736,54.0807,53.25,53.9127,884686
3215,53.9127,54.9401,52.195,53.061,599496
3216,53.061,53.4576,52.5499,52.759,274939
3217,52.759,53.6895,51.8641,53.3738,306034
3218,53.3738,53.6808,51.1997,51.4023,837691
3219,51.4023,51.4426,49.6852,50.2788,186024
3220,50.2788,50.425,49.5798,50.4242,173176
3221,50.4242,50.4628,48.0923,49.0679,339406
3222,49.0679,49.8914,47.2019,47.4724,812153
3223,47.4724,47.7465,47.2808,47.3813,321927
3224,47.3813,47.6797,46.766,47.0963,842353
3225,47.0963,47.127,46.475,46.5376,986756
3226,46.5376,47.8973,46.1584,47.4069,841722
3227,47.4069,48.4047,45.6686,45.8757,760077
3228,45.8757,45.9057,45.2564,45.5843,818963
3229,45.5843,46.4503,44.4083,45.2261,109822
3230,45.2261,46.1048,44.9479,46.0856,122755
3231,46.0856,46.7765,44.6111,45.1033,918825
3232,45.1033,46.0547,44.5423,45.6341,599737
3233,45.6341,46.1028,43.9215,44.2331,348354
3234,44.2331,44.8829,43.7042,44.7339,246610
3235,44.7339,47.3656,44.0179,46.4622,597317
3236,46.4622,48.1703,46.1428,47.8748,748451
3237,47.8748,48.0929,46.2318,46.536,393949
3238,46.536,46.6042,45.6244,45.738,354618
3239,45.738,45.9978,44.4242,44.5501,745543
3240,44.5501,44.6729,44.1892,44.3231,161105
3241,44.3231,45.5238,43.9827,45.0283,779193
3242,45.0283,45.4757,44.6808,44.7594,471377
3243,44.7594,45.3479,44.1739,44.7656,677636
3244,44.7656,44.996,44.2481,44.4245,840561
3245,44.4245,45.3553,43.5999,44.8538,334679
3246,44.8538,46.3609,44.1361,46.3124,601916
3247,46.3124,48.4442,46.2899,48.1327,297100
3248,48.1327,48.4549,47.8466,48.4236,883434
3249,48.4236,48.4252,47.5125,47.5404,117330
3250,47.5404,47.5971,45.4725,46.0518,702677
3251,46.0518,46.6491,44.9933,45.6396,287952
3252,45.6396,46.0246,45.6098,45.9726,731641
3253,45.9726,46.2076,44.8969,45.1376,291500
3254,45.1376,46.2197,44.5306,44.7813,769828
3255,44.7813,45.4063,44.2369,44.5313,281427
3256,44.5313,44.8832,44.2086,44.491,394352
3257,44.491,44.7423,44.4316,44.4583,643031
3258,44.4583,45.0418,43.9708,44.6942,465121
3259,44.6942,44.9441,44.4169,44.8103,886810
3260,44.8103,45.0105,42.6403,43.2585,772545
3261,43.2585,44.6535,42.56,44.004,424844
3262,44.004,44.6648,42.563,42.798,610161
3263,42.798,43.6214,42.3684,43.3681,294781
3264,43.3681,43.5577,42.8991,43.3081,549633
3265,43.3081,44.0917,42.5282,43.0086,778472
3266,43.0086,43.7716,42.7356,43.269,637066
3267,43.269,44.3949,43.0831,43.6828,196535
3268,43.6828,43.8087,43.5295,43.5297,145025
3269,43.5297,44.3566,42.9871,44.3284,755873
3270,44.3284,44.548,44.2738,44.3285,431244
3271,44.3285,45.3834,42.6835,42.7082,351980
3272,42.7082,42.9474,41.398,41.7435,131493
3273,41.7435,42.3359,40.6256,42.1465,984954
3274,42.1465,42.9844,42.017,42.7668,673038
3275,42.7668,44.7235,41.9201,44.4623,257123
3276,44.4623,45.0728,42.3559,42.8779,509720
3277,42.8779,44.5472,42.8624,44.0429,606907
3278,44.0429,44.9616,43.7458,44.2543,293928
3279,44.2543,44.5465,42.9578,43.4756,519131
3280,43.4756,43.759,43.4028,43.7219,907667
3281,43.7219,44.776,41.7591,42.3201,746983
3282,42.3201,42.4356,40.8403,41.2173,704118
3283,41.2173,41.9196,40.8799,41.8456,996253
3284,41.8456,42.4646,39.9754,40.1515,871298
3285,40.1515,40.4335,38.4924,38.699,768273
3286,38.699,38.7479,36.9586,37.1681,430567
3287,37.1681,38.2734,36.4147,37.7072,753578
3288,37.7072,39.6726,37.5958,39.2472,675382
3289,39.2472,39.6106,37.1537,38.1482,790581
3290,38.1482,40.659,37.5503,40.2108,900486
3291,40.2108,40.6679,39.5437,39.7501,327880
3292,39.7501,40.4879,38.7825,39.6479,680917
3293,39.6479,39.8374,38.0171,38.4621,409108
3294,38.4621,39.7029,35.8606,36.5601,230545
3295,36.5601,37.1536,35.7575,35.7894,616323
3296,35.7894,36.6668,33.7124,33.8388,842216
3297,33.8388,34.4033,31.2406,32.3577,589597
3298,32.3577,33.0073,30.1984,30.2787,329245
3299,30.2787,30.6509,27.9602,28.0092,808951
3300,28.0092,28.4519,26.4643,26.4944,852821
3301,26.4944,27.3343,23.9343,24.8496,297164
3302,24.8496,25.1535,24.1698,24.5818,776408
3303,24.5818,26.1475,23.6736,25.7041,905710
3304,25.7041,26.255,25.6881,26.2485,814234
3305,26.2485,26.2553,25.6518,25.7711,955099
3306,25.7711,26.1023,25.2613,26.0761,842708
3307,26.0761,26.1348,25.598,25.641,127987
3308,25.641,25.8731,25.2196,25.4406,798461
3309,25.4406,26.2953,24.9417,26.1296,421762
3310,26.1296,26.7639,25.3696,25.8124,370193
3311,25.8124,26.034,24.6906,25.2918,530595
3312,25.2918,25.9811,25.1952,25.8713,542200
3313,25.8713,26.8181,25.1095,26.7318,875057
3314,26.7318,27.4963,26.3167,27.0328,188206
3315,27.0328,27.6774,25.7185,26.5091,541277
3316,26.5091,28.7937,26.4851,28.6553,538703
3317,28.6553,29.9139,28.455,29.5975,751850
3318,29.5975,29.8398,28.3806,29.4846,509217
3319,29.4846,29.8562,29.3487,29.4802,378832
3320,29.4802,29.647,28.486,29.4537,294899
3321,29.4537,29.492,28.6425,29.3319,802751
3322,29.3319,31.2689,29.1183,30.7707,551865
3323,30.7707,30.9479,28.3978,29.2663,688332
3324,29.2663,31.3699,29.0663,30.737,728394
3325,30.737,30.7973,28.5036,28.5838,361257
3326,28.5838,29.2758,28.3736,29.1578,239316
3327,29.1578,29.7897,29.1046,29.5055,798166
3328,29.5055,29.8941,28.4881,29.5147,795216
3329,29.5147,30.2123,29.1083,30.1259,860984
3330,30.1259,31.4777,29.5884,31.4054,730702
3331,31.4054,31.9206,30.8789,31.7987,952005
3332,31.7987,33.5544,31.5924,33.0588,430008
3333,33.0588,33.1555,32.2348,32.9945,671348
3334,32.9945,33.4392,32.4012,32.7521,351011
3335,32.7521,32.9366,31.4136,31.7717,953795
3336,31.7717,32.3996,31.3767,32.0826,927347
3337,32.0826,34.3477,31.8672,33.7826,613378
3338,33.7826,34.47,33.3154,34.1923,996868
3339,34.1923,34.4714,32.8391,33.6457,266959
3340,33.6457,34.9134,33.3137,34.3658,309023
3341,34.3658,34.9009,34.3433,34.6872,153994
3342,34.6872,34.7452,34.3065,34.5441,699320
3343,34.5441,34.5783,34.2311,34.4295,928658
3344,34.4295,35.0049,33.3684,34.0588,269800
3345,34.0588,34.1489,32.5291,32.9316,670056
3346,32.9316,34.3812,32.6995,33.5091,231501
3347,33.5091,34.7705,33.3884,34.3431,562046
3348,34.3431,34.9872,34.0044,34.0557,322361
3349,34.0557,35.0533,33.825,34.0967,336221
3350,34.0967,35.1372,33.902,34.6424,883601
3351,34.6424,34.804,34.0963,34.6877,451698
3352,34.6877,35.4756,32.0284,32.651,773747
3353,32.651,34.109,32.3874,33.6135,681436
3354,33.6135,33.6235,31.2929,31.5852,639080
3355,31.5852,32.4224,31.0675,31.1818,159700
3356,31.1818,32.1925,30.6461,31.2846,231007
3357,31.2846,31.6573,30.2411,30.6789,826130
3358,30.6789,31.7424,30.4673,31.3735,581761
3359,31.3735,31.7533,30.4064,30.9738,447484
3360,30.9738,31.5006,30.0404,30.5932,725724
3361,30.5932,32.1173,30.2467,31.8019,522395
3362,31.8019,32.2896,30.3807,30.6945,408169
3363,30.6945,30.7698,29.2858,29.2898,344126
3364,29.2898,30.2254,28.7075,30.08,381746
3365,30.08,32.4979,29.6564,31.8897,375712
3366,31.8897,32.1663,30.9799,31.5166,470385
3367,31.5166,32.0397,30.9627,31.4249,901495
3368,31.4249,31.9742,29.3282,29.9861,365513
3369,29.9861,30.4232,29.1971,29.6214,818227
3370,29.6214,29.8902,29.2361,29.3877,752133
3371,29.3877,30.9046,29.1452,30.4038,847350
3372,30.4038,32.3972,29.7447,32.1025,547260
3373,32.1025,32.7093,32.0183,32.1341,583667
3374,32.1341,33.8328,31.5914,33.4191,327282
3375,33.4191,35.4015,33.3789,35.2102,270035
3376,35.2102,36.2598,34.7409,35.202,509284
3377,35.202,36.5615,35.0923,36.5235,279271
3378,36.5235,38.3008,36.3571,37.7994,983526
3379,37.7994,38.1199,36.6686,36.8597,262994
3380,36.8597,37.7676,36.1719,37.1888,149051
3381,37.1888,37.9811,36.8117,37.6509,805483
3382,37.6509,38.3313,37.071,37.4137,284403
3383,37.4137,38.8248,36.9608,38.4168,661924
3384,38.4168,38.563,37.8945,38.473,307439
3385,38.473,38.913,37.4491,37.5157,856691
3386,37.5157,39.1448,36.9979,38.777,385046
3387,38.777,40.0065,38.6238,39.1176,654666
3388,39.1176,39.3274,38.4557,38.5174,766410
3389,38.5174,39.3562,38.294,39.3032,860844
3390,39.3032,39.4425,38.7577,39.3419,249078
3391,39.3419,39.9808,39.0535,39.668,377644
3392,39.668,40.7231,39.3434,40.1294,448032
3393,40.1294,40.4582,39.4425,40.2343,498274
3394,40.2343,41.0457,39.7429,41.0122,653547
3395,41.0122,41.439,39.9607,40.1013,542367
3396,40.1013,42.2987,39.5109,42.1487,389872
3397,42.1487,42.1529,40.4064,40.7659,435664
3398,40.7659,40.9613,38.9555,39.6045,729035
3399,39.6045,40.2168,38.2226,38.3382,464592
3400,38.3382,39.1786,37.9238,39.1754,307805
3401,39.1754,39.5077,37.1097,38.266,319665
3402,38.266,38.7989,37.7469,38.6215,820090
3403,38.6215,38.9173,37.4906,37.9166,751760
3404,37.9166,38.8891,37.7997,38.7069,329433
3405,38.7069,39.3088,38.1364,38.8353,251687
3406,38.8353,39.2715,38.2422,38.8145,639194
3407,38.8145,40.4269,38.3424,39.5281,784639
3408,39.5281,40.4675,38.8079,39.4038,183139
3409,39.4038,39.5547,38.2772,39.2958,507790
3410,39.2958,40.6682,38.3431,40.4034,350662
3411,40.4034,41.2082,40.1746,41.0265,308634
3412,41.0265,42.2862,40.9369,42.1493,689159
3413,42.1493,43.8906,41.859,42.6791,593144
3414,42.6791,43.6708,42.0774,42.4556,312620
3415,42.4556,42.9978,42.412,42.6896,191359
3416,42.6896,42.8183,42.0403,42.3264,211723
3417,42.3264,42.5237,40.6333,40.6815,938935
3418,40.6815,40.6833,40.0476,40.1139,869866
3419,40.1139,40.8338,39.5264,40.237,151165
3420,40.237,40.4949,40.119,40.3908,240318
3421,40.3908,42.4661,40.0609,41.7314,351349
3422,41.7314,41.7396,40.294,40.6042,198888
3423,40.6042,41.335,40.5989,40.6202,439682
3424,40.6202,41.1759,40.2457,40.2477,818954
3425,40.2477,40.6979,39.3154,39.8068,572545
3426,39.8068,40.9709,39.2623,39.5448,418541
3427,39.5448,40.0347,38.2867,38.2901,571123
3428,38.2901,38.7847,36.297,36.6211,549754
3429,36.6211,37.1715,36.2336,36.8511,368597
3430,36.8511,37.2597,35.975,36.2895,438349
3431,36.2895,36.5994,35.6518,35.6803,491983
3432,35.6803,36.0328,35.4647,35.8509,878677
3433,35.8509,37.0746,35.5997,36.2698,320042
3434,36.2698,36.6268,35.5498,35.5867,495123
3435,35.5867,35.6332,33.4599,34.4698,516969
3436,34.4698,35.0587,34.3879,34.9185,952952
3437,34.9185,37.4063,34.872,36.7243,518580
3438,36.7243,37.592,36.2483,37.0413,490044
3439,37.0413,37.3122,35.7103,36.2779,940579
3440,36.2779,36.6654,35.7682,36.1881,417234
3441,36.1881,38.0324,35.4041,36.9735,231345
3442,36.9735,39.757,36.5889,39.6611,122215
3443,39.6611,40.4933,39.1587,39.8983,818660
3444,39.8983,40.7275,39.7261,40.0519,356434
3445,40.0519,41.3868,39.6681,41.1971,538765
3446,41.1971,41.9601,41.0619,41.9485,801377
3447,41.9485,42.589,40.5786,41.7757,939652
3448,41.7757,43.3821,41.2656,42.8529,495875
3449,42.8529,43.2412,42.0219,42.7176,183870
3450,42.7176,44.8212,42.3838,44.4479,137702
3451,44.4479,45.6189,43.4175,43.6393,475830
3452,43.6393,44.9908,43.3846,44.8591,592350
3453,44.8591,45.9716,44.602,44.7871,872956
3454,44.7871,44.8442,44.2158,44.7884,159480
3455,44.7884,45.0672,41.5057,42.025,171972
3456,42.025,43.0623,41.2252,41.4943,655118
3457,41.4943,43.5535,41.1228,43.428,602711
3458,43.428,44.132,42.6269,43.2155,397539
3459,43.2155,43.7418,42.1233,42.5925,630801
3460,42.5925,42.9647,40.1153,40.9411,800466
3461,40.9411,41.9134,40.5764,40.9954,945946
3462,40.9954,41.7365,39.7204,41.3172,992181
3463,41.3172,42.7987,41.1941,42.5868,841662
3464,42.5868,43.4944,41.5284,41.8552,297057
3465,41.8552,43.0824,41.7251,42.9305,587988
3466,42.9305,43.8414,42.3058,43.3045,477362
3467,43.3045,43.484,42.8041,43.1036,935568
3468,43.1036,44.4771,42.9279,44.0802,900375
3469,44.0802,44.4417,42.0702,42.3912,127535
3470,42.3912,43.5556,42.2954,43.3238,312114
3471,43.3238,44.5683,42.6803,44.1676,464785
3472,44.1676,44.4079,43.489,43.8222,649515
3473,43.8222,44.3756,43.5956,44.1223,174590
3474,44.1223,45.7587,43.6824,44.9829,107640
3475,44.9829,45.1291,42.7473,43.8552,827288
3476,43.8552,46.2343,42.6125,45.307,101878
3477,45.307,45.7827,44.8315,45.5423,717095
3478,45.5423,45.7603,45.0281,45.4446,614797
3479,45.4446,47.756,45.3766,47.4904,624577
3480,47.4904,48.4256,47.4392,47.7373,839286
3481,47.7373,48.2392,46.5095,47.9539,196784
3482,47.9539,50.5387,47.5712,49.963,573478
3483,49.963,50.7214,49.3365,50.3652,333983
3484,50.3652,51.3883,49.7568,50.9069,186508
3485,50.9069,51.3809,48.7501,49.708,698507
3486,49.708,50.4082,48.8504,50.0989,422876
3487,50.0989,50.1221,49.1272,49.2664,826269
3488,49.2664,49.4012,46.8547,48.2929,378393
3489,48.2929,48.6218,47.7767,47.9493,171507
3490,47.9493,48.6296,47.8183,48.4164,196907
3491,48.4164,48.5061,47.1087,47.8767,718953
3492,47.8767,49.34,47.4963,48.6405,491801
3493,48.6405,50.173,48.0476,49.6723,628903
3494,49.6723,49.9892,49.0935,49.2249,525905
3495,49.2249,49.8569,49.1585,49.7953,128241
3496,49.7953,50.3703,49.4913,50.1403,267906
3497,50.1403,50.1513,48.0465,48.6749,391221
3498,48.6749,49.9172,48.3451,49.6186,970027
3499,49.6186,49.8224,48.293,48.8505,729869
3500,48.8505,49.7238,48.1549,48.1957,958860
3501,48.1957,48.4872,46.916,47.1984,895797
3502,47.1984,47.241,46.4778,47.157,961356
3503,47.157,48.9303,46.4105,48.491,668384
3504,48.491,49.5538,47.62,49.3381,435721
3505,49.3381,50.4962,49.0727,50.4863,289955
3506,50.4863,50.8496,48.7965,49.4333,762890
3507,49.4333,49.4526,46.9811,48.2036,651217
3508,48.2036,48.6104,45.8239,46.1702,954835
3509,46.1702,47.0361,46.0488,46.5125,584913
3510,46.5125,46.518,45.1267,45.2775,399344
3511,45.2775,45.6637,43.957,44.1044,890410
3512,44.1044,45.104,42.5313,43.009,647884
3513,43.009,43.5449,42.5495,43.1129,370254
3514,43.1129,43.194,42.4078,42.5225,306525
3515,42.5225,43.3707,42.4632,43.1542,136489
3516,43.1542,44.9001,42.992,44.3786,457282
3517,44.3786,44.9159,41.9655,42.0947,832982
3518,42.0947,42.5919,41.1883,41.338,551576
3519,41.338,43.3001,41.0655,43.039,640220
3520,43.039,44.4617,41.906,42.3801,292073
3521,42.3801,42.7295,41.6714,41.9445,990349
3522,41.9445,42.8456,41.7782,42.4314,590556
3523,42.4314,43.6221,41.7985,42.8988,951920
3524,42.8988,43.8528,42.8646,43.5913,774469
3525,43.5913,44.3222,43.2715,43.516,915359
3526,43.516,43.6011,42.3153,42.6021,187843
3527,42.6021,43.5637,41.9936,43.3848,161730
3528,43.3848,44.3951,42.9438,43.0533,867727
3529,43.0533,43.8009,42.894,43.7932,949927
3530,43.7932,44.0326,41.9899,42.0432,506162
3531,42.0432,43.864,41.94,43.275,209887
3532,43.275,43.474,41.8238,42.1752,174941
3533,42.1752,42.8545,41.9284,42.4017,950446
3534,42.4017,42.9912,41.3153,42.8213,658307
3535,42.8213,44.6583,42.5241,44.4955,407891
3536,44.4955,45.2529,44.3603,44.4661,274753
3537,44.4661,46.1933,44.1949,46.1463,450350
3538,46.1463,46.8893,45.9127,46.8794,561177
3539,46.8794,47.4608,46.6178,47.141,796117
3540,47.141,48.4686,46.9549,48.466,993720
3541,48.466,49.4026,47.9674,48.6789,793755
3542,48.6789,49.2236,47.6046,48.0711,279201
3543,48.0711,49.2746,47.6026,49.1315,988896
3544,49.1315,49.8152,48.8398,49.1534,473980
3545,49.1534,51.6613,49.0168,50.5346,858720
3546,50.5346,51.0663,49.8531,50.2128,204844
3547,50.2128,51.4207,49.4086,50.9808,406632
3548,50.9808,51.0717,50.8509,50.9417,851704
3549,50.9417,51.3363,50.4053,50.5879,872791
3550,50.5879,50.9855,49.6957,49.8386,967670
3551,49.8386,50.6358,49.629,50.3428,405947
3552,50.3428,50.9058,50.2396,50.7385,577866
3553,50.7385,51.6986,50.7055,51.5034,983128
3554,51.5034,52.0776,50.807,51.7074,882554
3555,51.7074,53.2261,51.4247,52.9422,185641
3556,52.9422,52.9824,51.7312,52.18,899567
3557,52.18,52.7787,52.0671,52.4638,348863
3558,52.4638,52.8074,51.2436,51.7741,587175
3559,51.7741,53.6387,51.1487,52.9321,721433
3560,52.9321,53.1174,51.9286,52.5349,367791
3561,52.5349,54.3677,51.4508,53.8571,478154
3562,53.8571,54.641,53.5257,54.4245,146848
3563,54.4245,57.1505,54.2225,56.6399,529279
3564,56.6399,57.1044,56.2985,56.3895,587767
3565,56.3895,57.0553,55.4457,56.2697,173807
3566,56.2697,56.6244,54.9729,55.6029,612113
3567,55.6029,57.0722,55.2538,56.5477,737345
3568,56.5477,57.2312,55.4498,56.6219,877442
3569,56.6219,56.7138,52.9961,53.6041,345982
3570,53.6041,53.8841,52.7727,53.6445,268794
3571,53.6445,53.696,53.1303,53.3101,273224
3572,53.3101,55.201,53.2303,54.7486,464068
3573,54.7486,55.342,52.8095,52.8982,870525
3574,52.8982,54.0039,52.5299,53.6339,683503
3575,53.6339,53.654,50.6043,50.8743,327642
3576,50.8743,51.4597,50.6441,51.2386,676738
3577,51.2386,52.8361,51.1422,52.3258,998330
3578,52.3258,52.5637,51.5157,52.5376,715661
3579,52.5376,53.2683,51.905,53.0082,686667
3580,53.0082,53.2006,51.757,52.6783,112383
3581,52.6783,53.4219,52.1839,53.2103,807037
3582,53.2103,54.776,52.8848,54.4749,470014
3583,54.4749,55.1112,53.3473,53.6618,671546
3584,53.6618,54.0206,53.2122,53.8954,882955
3585,53.8954,55.3943,52.6775,54.8211,493705
3586,54.8211,54.9828,54.2883,54.9757,242744
3587,54.9757,56.2756,54.9693,55.3469,283455
3588,55.3469,55.6632,53.8649,54.128,355101
3589,54.128,55.6531,53.292,54.8854,158765
3590,54.8854,55.577,54.7654,55.1693,301884
3591,55.1693,56.7268,54.4835,55.7754,342675
3592,55.7754,56.3082,53.5321,53.5982,220138
3593,53.5982,54.5831,52.5003,53.8769,596571
3594,53.8769,55.9987,53.6594,55.8231,340908
3595,55.8231,56.1013,54.4859,55.2952,564832
3596,55.2952,56.641,54.8227,56.4532,156670
3597,56.4532,56.9754,56.1466,56.9121,319864
3598,56.9121,58.0288,56.1553,56.4594,870265
3599,56.4594,56.9716,53.811,54.4306,979706
3600,54.4306,55.6923,53.741,53.7677,394639
3601,53.7677,54.3578,53.2727,53.2973,274077
3602,53.2973,53.6294,53.0055,53.2749,787745
3603,53.2749,54.1784,52.6584,53.2616,702852
3604,53.2616,53.8873,52.3779,52.5358,421198
3605,52.5358,53.0152,51.174,51.5158,872016
3606,51.5158,52.0406,50.2918,50.9521,579237
3607,50.9521,50.9749,49.1846,49.8914,192873
3608,49.8914,50.1793,49.0859,49.3065,879896
3609,49.3065,50.0895,49.1124,49.5944,712864
3610,49.5944,50.1277,49.5032,49.5845,222149
3611,49.5845,49.9346,49.2159,49.5317,926383
3612,49.5317,51.268,48.6992,49.9718,678717
3613,49.9718,52.2745,49.028,51.5995,650596
3614,51.5995,53.1721,51.3891,52.8562,638491
3615,52.8562,54.0359,52.7717,52.8031,349373
3616,52.8031,54.3573,52.0734,53.9383,755798
3617,53.9383,55.2349,53.0482,54.9756,898721
3618,54.9756,55.4542,54.5407,54.8889,306396
3619,54.8889,54.892,54.4907,54.8768,777994
3620,54.8768,55.1578,52.5686,52.6723,765010
3621,52.6723,54.0437,52.5099,53.965,840082
3622,53.965,53.9801,53.246,53.3973,261452
3623,53.3973,54.0005,53.3477,53.707,504520
3624,53.707,54.1414,53.6212,54.0485,753169
3625,54.0485,54.52,53.8584,53.8934,851271
3626,53.8934,54.5875,51.8857,52.2027,850257
3627,52.2027,53.1396,52.1393,52.7297,257586
3628,52.7297,53.253,52.294,52.9652,176344
3629,52.9652,53.3422,52.5055,53.1792,729718
3630,53.1792,54.1199,52.4955,53.7225,742350
3631,53.7225,55.0496,53.1788,54.6394,965701
3632,54.6394,55.0237,53.6296,53.8589,507749
3633,53.8589,55.0879,53.6732,54.4969,504152
3634,54.4969,54.9442,53.0671,53.9073,500568
3635,53.9073,54.5326,52.559,53.3593,852061
3636,53.3593,53.4979,52.1642,52.5591,795302
3637,52.5591,52.6069,51.3546,52.1328,214101
3638,52.1328,52.9038,50.9883,51.2593,580188
3639,51.2593,52.5594,50.6882,52.0585,741204
3640,52.0585,53.016,51.908,52.949,261813
3641,52.949,54.852,52.9394,54.2219,872472
3642,54.2219,54.7331,54.1687,54.5441,585102
3643,54.5441,55.9059,54.2204,55.6,594016
3644,55.6,56.1021,55.4677,56.0314,541457
3645,56.0314,56.5527,55.8386,56.3192,180444
3646,56.3192,56.6428,54.386,54.8188,479910
3647,54.8188,54.9711,54.5109,54.5463,713205
3648,54.5463,54.9997,53.4162,53.4369,129795
3649,53.4369,53.6802,53.3805,53.6717,828637
3650,53.6717,54.1049,53.3976,53.4812,781802
3651,53.4812,54.5745,53.199,53.9542,957779
3652,53.9542,54.9901,53.4477,54.2767,585128
3653,54.2767,54.9123,53.0531,53.0596,747302
3654,53.0596,53.4916,51.6654,51.6969,704960
3655,51.6969,52.594,51.5939,52.0251,243347
3656,52.0251,53.1017,51.9448,52.8304,701329
3657,52.8304,52.9327,51.187,52.0334,235519
3658,52.0334,52.2194,51.4268,51.7955,659489
3659,51.7955,52.8666,51.2786,52.7378,123626
3660,52.7378,53.0363,52.716,53.0059,335156
3661,53.0059,53.4914,52.7484,53.0313,564301
3662,53.0313,54.3269,52.9357,53.8263,606701
3663,53.8263,54.1602,53.7826,53.877,389476
3664,53.877,54.8433,53.4717,54.5908,839420
3665,54.5908,55.2765,53.8266,54.8032,662515
3666,54.8032,55.5375,54.6915,55.2149,469165
3667,55.2149,56.5074,54.5672,56.0049,115294
3668,56.0049,56.5096,54.3164,54.8173,944737
3669,54.8173,55.5319,54.4545,55.3862,142287
3670,55.3862,56.0558,55.0395,55.6976,851408
3671,55.6976,57.0509,55.6485,56.6026,663020
3672,56.6026,56.6562,55.5997,56.5843,259700
3673,56.5843,57.885,56.0381,57.698,440279
3674,57.698,57.7513,56.5809,57.1915,157749
3675,57.1915,57.4797,56.4191,57.1268,657167
3676,57.1268,57.8306,56.8329,57.7449,614278
3677,57.7449,58.4532,56.7145,56.9602,318444
3678,56.9602,57.9781,56.5766,57.2824,431430
3679,57.2824,57.888,56.9955,57.0924,800465
3680,57.0924,58.8152,56.5905,57.9311,839833
3681,57.9311,59.3022,56.8367,57.1971,775263
3682,57.1971,57.8424,56.1953,57.7942,138087
3683,57.7942,58.0001,56.997,57.202,714865
3684,57.202,57.546,55.1707,56.3879,920289
3685,56.3879,56.8345,56.0189,56.8039,351808
3686,56.8039,57.6864,56.1704,57.5212,833249
3687,57.5212,57.5578,55.1738,55.2856,431534
3688,55.2856,55.8389,53.4776,53.6811,260609
3689,53.6811,54.6229,53.1296,54.5731,848578
3690,54.5731,55.2802,54.0926,54.3804,133786
3691,54.3804,54.5391,54.0247,54.2473,924837
3692,54.2473,54.4644,52.835,53.6578,419557
3693,53.6578,54.3635,53.3455,54.0235,455248
3694,54.0235,55.5135,53.7517,55.465,191958
3695,55.465,56.9653,54.6766,56.5864,808635
3696,56.5864,57.2429,56.1364,56.3243,278756
3697,56.3243,56.7149,55.0361,55.1483,464495
3698,55.1483,55.9688,54.8276,55.8104,894144
3699,55.8104,57.4254,54.7339,56.7915,650687
3700,56.7915,57.6339,56.1578,56.1837,394696
3701,56.1837,56.5402,54.8178,55.3291,597294
3702,55.3291,56.0216,54.5294,55.3247,109604
3703,55.3247,56.9123,55.2026,56.0624,196071
3704,56.0624,56.106,55.8184,56.0582,215116
3705,56.0582,56.7097,54.1796,54.1968,525045
3706,54.1968,55.2838,53.8225,55.1695,355284
3707,55.1695,55.7033,55.0877,55.6701,102766
3708,55.6701,55.9213,54.4077,54.6467,431114
3709,54.6467,55.0456,54.2432,54.7868,163821
3710,54.7868,55.5312,54.3598,55.0943,794680
3711,55.0943,55.7001,54.7327,54.8087,529612
3712,54.8087,56.1522,54.2433,55.803,780869
3713,55.803,55.9713,55.0908,55.2923,645911
3714,55.2923,55.4875,52.936,52.9432,506162
3715,52.9432,53.3909,51.4374,52.4123,725875
3716,52.4123,53.9486,52.0864,53.6882,567712
3717,53.6882,54.1445,51.9653,52.3036,800216
3718,52.3036,52.6078,50.5688,51.0653,455946
3719,51.0653,51.4146,48.7037,49.4404,204861
3720,49.4404,50.4829,48.8104,49.8822,116171
3721,49.8822,50.5998,49.2773,50.5141,282863
3722,50.5141,51.3171,49.7807,50.44,179541
3723,50.44,50.6874,50.1272,50.6023,388340
3724,50.6023,51.5175,50.3729,51.5105,257957
3725,51.5105,52.9753,50.9417,51.9288,558168
3726,51.9288,53.645,51.3336,53.3803,536847
3727,53.3803,54.4145,52.3808,53.9844,659060
3728,53.9844,54.923,53.0778,53.173,361360
3729,53.173,53.7129,52.9614,53.6559,814430
3730,53.6559,55.7217,53.5748,54.8551,408348
3731,54.8551,56.0059,54.1581,55.0124,575747
3732,55.0124,55.3008,53.9712,54.1608,680622
3733,54.1608,54.3304,53.3887,53.7735,721996
3734,53.7735,55.2745,53.6683,54.3511,556659
3735,54.3511,55.6968,53.9717,55.6686,616678
3736,55.6686,56.7227,55.3539,55.9961,507797
3737,55.9961,56.903,55.3833,55.9363,615508
3738,55.9363,57.1989,55.7519,56.71,662035
3739,56.71,58.373,56.1894,57.4302,677574
3740,57.4302,57.4796,55.0345,55.8608,708317
3741,55.8608,56.9762,55.347,55.9974,230662
3742,55.9974,56.784,55.354,56.6464,673099
3743,56.6464,56.7644,55.7515,56.1344,795069
3744,56.1344,56.6276,55.379,55.8011,813068
3745,55.8011,58.3099,55.6161,57.3407,855267
3746,57.3407,57.4654,56.7041,57.0367,802475
3747,57.0367,57.7337,55.8661,57.2109,149295
3748,57.2109,57.2884,56.1418,56.2167,602117
3749,56.2167,57.6117,55.7154,57.0204,902446
3750,57.0204,57.4909,56.7799,57.2968,294316
3751,57.2968,57.9082,54.2062,54.2999,393200
3752,54.2999,56.2235,53.3688,55.6532,685170
3753,55.6532,56.9877,55.3001,56.627,115749
3754,56.627,56.7984,55.1837,55.5554,102765
3755,55.5554,55.9791,54.2517,54.982,912023
3756,54.982,55.47,52.346,52.5618,126945
3757,52.5618,53.9751,51.8563,53.1506,590050
3758,53.1506,54.5384,52.565,54.0936,184147
3759,54.0936,54.2975,52.4591,52.8546,931115
3760,52.8546,54.1566,52.2264,54.0229,827867
3761,54.0229,56.1049,53.3929,55.5595,826509
3762,55.5595,55.7361,53.9925,54.4099,931443
3763,54.4099,56.4717,54.3241,55.8119,234056
3764,55.8119,56.5459,54.3675,54.818,864787
3765,54.818,55.8785,53.9467,54.5243,247820
3766,54.5243,54.5246,53.0058,53.0279,700944
3767,53.0279,53.087,51.2639,51.6786,998599
3768,51.6786,52.715,50.198,51.1325,448468
3769,51.1325,51.4511,50.8927,51.2546,841204
3770,51.2546,52.5946,51.1528,52.5441,950809
3771,52.5441,52.664,52.1819,52.3038,666875
3772,52.3038,53.0369,51.6129,51.9758,148891
3773,51.9758,52.1468,51.2265,51.4532,624216
3774,51.4532,51.9355,50.7937,50.9731,229283
3775,50.9731,51.3232,50.8674,50.8845,545741
3776,50.8845,51.446,50.7413,51.0655,246081
3777,51.0655,51.5978,50.4982,50.8227,876714
3778,50.8227,51.9238,50.2297,51.6045,410095
3779,51.6045,51.6795,50.6325,51.1914,843405
3780,51.1914,52.1934,49.5092,50.0371,983784
3781,50.0371,50.501,47.1168,47.9087,120461
3782,47.9087,49.306,47.6179,48.6154,336519
3783,48.6154,49.3307,48.4083,49.269,219399
3784,49.269,49.8201,49.0723,49.3925,937549
3785,49.3925,51.1086,48.9359,50.0451,934450
3786,50.0451,51.0273,49.9697,50.6972,996499
3787,50.6972,52.3689,50.4342,51.9562,441846
3788,51.9562,52.341,51.4427,52.2393,842650
3789,52.2393,53.1626,51.6237,53.1066,978789
3790,53.1066,53.5909,52.8782,53.3597,502740
3791,53.3597,54.7297,53.1244,54.3339,753387
3792,54.3339,55.9101,53.7603,55.5886,143007
3793,55.5886,56.4515,54.6999,56.137,488043
3794,56.137,56.665,55.9761,56.6293,506564
3795,56.6293,57.4889,55.351,55.8472,934915
3796,55.8472,57.2638,55.3855,56.584,549692
3797,56.584,56.6773,53.5268,54.3705,675156
3798,54.3705,55.997,53.6362,55.2327,630093
3799,55.2327,55.6552,55.0219,55.4497,976310
3800,55.4497,56.8816,54.8959,56.5845,761093
3801,56.5845,56.6288,54.6796,54.9659,483418
3802,54.9659,55.4362,53.6089,54.5131,585423
3803,54.5131,56.5791,54.1791,55.8999,386597
3804,55.8999,57.6117,55.8342,57.2572,775244
3805,57.2572,57.4926,57.1093,57.4657,747264
3806,57.4657,58.1467,55.8388,56.1661,995020
3807,56.1661,56.3893,53.7138,54.6797,312354
3808,54.6797,56.7543,54.1911,56.0345,231889
3809,56.0345,56.7453,55.4109,56.2855,175917
3810,56.2855,56.4733,56.0199,56.3031,666257
3811,56.3031,56.563,55.2736,56.0262,693599
3812,56.0262,56.4759,55.9099,55.9519,989986
3813,55.9519,57.6514,55.7159,57.3579,165575
3814,57.3579,58.3623,56.4009,57.6789,165477
3815,57.6789,57.8701,56.4319,56.8745,634754
3816,56.8745,58.1833,56.7106,57.5354,795313
3817,57.5354,58.0619,57.0925,57.4123,592053
3818,57.4123,57.7044,56.8604,56.8902,902958
3819,56.8902,57.8669,56.224,57.7615,756673
3820,57.7615,58.377,57.2289,58.0498,977508
3821,58.0498,58.4935,56.3842,56.7992,216989
3822,56.7992,57.1349,56.4553,56.7608,761882
3823,56.7608,56.8148,55.1101,55.3557,506677
3824,55.3557,55.8864,54.5466,54.7033,829233
3825,54.7033,56.4209,54.2649,56.0199,261138
3826,56.0199,56.7589,55.7098,56.3581,451446
3827,56.3581,57.7354,56.2944,56.9281,654024
3828,56.9281,57.0637,55.8763,56.7361,967171
3829,56.7361,58.3047,56.1599,58.0317,578977
3830,58.0317,58.2448,57.6478,57.837,661277
3831,57.837,59.1614,57.7802,58.8602,850679
3832,58.8602,59.1398,57.7002,58.2933,544516
3833,58.2933,59.1774,57.5497,58.2907,100589
3834,58.2907,58.7602,57.3932,57.9873,813164
3835,57.9873,58.5537,56.3935,56.941,881008
3836,56.941,56.9584,55.4542,55.9512,754919
3837,55.9512,56.432,54.6817,55.4077,251127
3838,55.4077,56.0156,55.2245,55.7642,771825
3839,55.7642,56.5548,55.5138,56.2387,514617
3840,56.2387,57.565,56.0689,57.3487,843821
3841,57.3487,57.5551,56.8323,56.8584,715173
3842,56.8584,59.3839,55.8922,59.3192,810581
3843,59.3192,59.9722,58.7339,59.6619,911366
3844,59.6619,59.8713,59.1009,59.2036,464410
3845,59.2036,59.9613,58.8237,59.1013,785348
3846,59.1013,59.3013,57.6351,58.7776,260108
3847,58.7776,59.8798,58.4765,59.7117,951458
3848,59.7117,59.8481,58.8335,59.5914,408992
3849,59.5914,60.0692,57.6108,58.4054,945621
3850,58.4054,60.2127,57.9181,59.5942,432308
3851,59.5942,61.1319,58.3521,61.0163,954619
3852,61.0163,61.0991,60.6874,60.7194,388397
3853,60.7194,60.7774,59.0526,59.2141,274743
3854,59.2141,59.3893,58.3967,58.5789,707884
3855,58.5789,58.6296,57.0518,57.2711,533095
3856,57.2711,57.4253,57.0369,57.0522,569388
3857,57.0522,57.686,56.6646,56.6812,854706
3858,56.6812,57.0625,56.2658,56.9564,392721
3859,56.9564,57.084,55.9924,56.1042,756039
3860,56.1042,57.2194,55.3272,56.5247,835784
3861,56.5247,56.6708,54.2486,54.613,483625
3862,54.613,54.7042,54.3768,54.4998,963820
3863,54.4998,55.4632,54.0742,54.3084,198194
3864,54.3084,55.1523,52.6791,52.951,131672
3865,52.951,53.3898,51.372,52.2803,209812
3866,52.2803,52.7547,50.3557,50.6641,154128
3867,50.6641,50.9281,50.2115,50.6058,216798
3868,50.6058,51.0582,50.0993,50.7154,870808
3869,50.7154,50.9584,50.0776,50.3701,828188
3870,50.3701,51.2421,49.8779,51.0494,152532
3871,51.0494,51.8178,49.3872,50.2729,504801
3872,50.2729,50.6666,50.0516,50.2012,250830
3873,50.2012,50.222,48.8657,49.2941,702383
3874,49.2941,51.1365,49.1771,50.6964,629489
3875,50.6964,52.6342,50.3722,52.437,652283
3876,52.437,53.9923,52.2009,53.8771,962204
3877,53.8771,56.7914,53.6751,56.093,399065
3878,56.093,56.733,54.3797,55.1161,894240
3879,55.1161,57.0893,54.8648,56.8499,682606
3880,56.8499,57.5101,55.5967,57.3685,218015
3881,57.3685,59.5767,56.9513,58.8552,881636
3882,58.8552,58.9031,57.2468,57.2691,405936
3883,57.2691,58.0008,56.8421,57.9296,263934
3884,57.9296,58.2729,56.7344,56.985,866009
3885,56.985,57.0612,54.618,56.0141,541566
3886,56.0141,56.9886,54.3262,54.3287,991416
3887,54.3287,55.0567,53.978,54.5192,954511
3888,54.5192,54.6963,53.4768,53.6998,105728
3889,53.6998,54.1479,52.8752,52.8966,431950
3890,52.8966,53.217,51.0713,52.2922,573244
3891,52.2922,52.7919,51.4056,52.5023,763341
3892,52.5023,52.5682,51.8391,52.0069,280162
3893,52.0069,53.9508,51.5809,53.1996,183343
3894,53.1996,53.2832,53.1551,53.2375,180865
3895,53.2375,53.6531,52.8121,53.2632,516867
3896,53.2632,54.9035,53.2177,54.6066,524494
3897,54.6066,54.6316,53.3367,54.1826,909866
3898,54.1826,55.0987,54.1277,54.6623,772143
3899,54.6623,55.1948,53.2592,53.7447,876463
3900,53.7447,54.2584,53.5869,53.8437,656750
3901,53.8437,53.903,51.8537,52.1192,909686
3902,52.1192,52.882,50.8883,51.1565,453246
3903,51.1565,51.2531,50.3177,50.5535,521895
3904,50.5535,51.4448,50.258,50.7418,278489
3905,50.7418,51.901,50.0899,51.1158,969958
3906,51.1158,52.215,50.1529,50.4596,393240
3907,50.4596,51.6523,49.829,51.0728,766895
3908,51.0728,51.9899,49.6648,50.5093,759524
3909,50.5093,51.653,49.8942,50.9563,312644
3910,50.9563,51.3051,50.112,50.2269,249907
3911,50.2269,50.8662,49.3155,49.3381,905069
3912,49.3381,50.8349,48.7284,50.6502,377255
3913,50.6502,50.9361,49.1396,49.6421,894255
3914,49.6421,49.8187,47.4616,48.353,360858
3915,48.353,49.8005,48.3265,49.5683,829687
3916,49.5683,50.439,48.8894,50.3318,752526
3917,50.3318,51.2853,49.8819,50.7923,494916
3918,50.7923,50.912,48.7373,49.0227,162894
3919,49.0227,49.8583,48.5657,49.7299,574300
3920,49.7299,49.9742,49.0717,49.0752,541294
3921,49.0752,50.0513,48.5143,49.7795,923482
3922,49.7795,49.792,48.8826,49.1666,831088
3923,49.1666,49.4022,49.0316,49.1745,811527
3924,49.1745,49.5851,47.7275,48.2054,255939
3925,48.2054,49.0517,47.5617,48.7891,945754
3926,48.7891,49.2422,47.9325,48.3328,555323
3927,48.3328,48.5273,47.2901,47.4913,734457
3928,47.4913,49.5,47.0589,49.0826,266190
3929,49.0826,49.4632,47.5471,48.4319,775546
3930,48.4319,49.9992,48.4187,49.1439,281795
3931,49.1439,49.5614,48.3584,48.9948,833205
3932,48.9948,49.3957,47.8058,48.3213,198532
3933,48.3213,50.4421,48.1428,50.0573,755162
3934,50.0573,51.452,49.4589,50.644,120556
3935,50.644,51.9494,50.4963,51.4205,628191
3936,51.4205,51.4843,49.7401,49.83,372511
3937,49.83,49.9305,48.3565,48.3875,650872
3938,48.3875,48.4039,47.689,47.7358,474025
3939,47.7358,47.8,46.8767,47.0605,970673
3940,47.0605,47.1569,46.6911,46.8157,235838
3941,46.8157,47.488,46.2541,47.2101,730361
3942,47.2101,48.7829,47.0719,48.2397,694164
3943,48.2397,49.753,48.2343,49.5279,201438
3944,49.5279,49.7435,48.9445,49.0957,262636
3945,49.0957,50.8059,48.3394,50.255,695545
3946,50.255,51.5375,49.874,50.7836,939162
3947,50.7836,51.8937,50.7661,51.2323,614695
3948,51.2323,51.6444,50.7705,50.9599,582533
3949,50.9599,51.4259,49.718,50.3712,798983
3950,50.3712,51.0474,48.58,49.0952,353840
3951,49.0952,49.9971,48.9075,49.7557,662813
3952,49.7557,50.0434,47.9365,48.287,107867
3953,48.287,49.5064,46.6018,46.8431,215926
3954,46.8431,47.8669,46.2783,47.5085,730563
3955,47.5085,48.4817,45.5847,45.7547,159415
3956,45.7547,45.7908,43.1431,43.8718,824825
3957,43.8718,44.922,43.6563,44.1988,725104
3958,44.1988,44.2916,43.8991,43.9011,187451
3959,43.9011,44.4429,43.8175,44.3941,423114
3960,44.3941,45.6521,43.9705,45.4308,376250
3961,45.4308,46.2025,44.2565,46.0439,899292
3962,46.0439,46.4671,45.9318,46.4468,991089
3963,46.4468,47.6179,46.2547,47.3954,307726
3964,47.3954,48.0254,47.3897,47.8491,639160
3965,47.8491,49.6249,47.3315,49.3246,875767
3966,49.3246,49.6809,49.0359,49.0863,213834
3967,49.0863,49.7968,48.43,48.8022,334955
3968,48.8022,49.4182,47.5622,48.2693,716003
3969,48.2693,48.545,47.7238,47.8249,324727
3970,47.8249,48.3151,46.542,47.0303,917182
3971,47.0303,47.3578,45.4461,46.0593,431709
3972,46.0593,46.3952,45.0584,45.3257,158394
3973,45.3257,45.5901,43.436,43.9182,482653
3974,43.9182,44.0941,43.5742,43.9063,531614
3975,43.9063,45.9904,43.9026,45.4002,199504
3976,45.4002,47.2731,45.1105,46.4674,817533
3977,46.4674,46.4799,45.1018,46.1874,813276
3978,46.1874,46.7712,46.1111,46.5543,458774
3979,46.5543,46.8073,46.2374,46.5909,589935
3980,46.5909,48.5255,46.4942,47.616,703175
3981,47.616,47.7073,46.297,47.08,976781
3982,47.08,47.5416,46.5449,47.3836,275937
3983,47.3836,48.588,47.3714,48.4432,306270
3984,48.4432,49.6936,48.3681,49.5563,883206
3985,49.5563,50.0274,48.6981,48.7656,820923
3986,48.7656,49.954,48.0704,49.5997,122311
3987,49.5997,49.7257,48.418,49.0187,419800
3988,49.0187,49.4921,48.5385,48.7763,328384
3989,48.7763,49.3213,48.4434,49.2743,703945
3990,49.2743,49.5294,49.0337,49.2972,462321
3991,49.2972,51.2933,48.9416,50.2857,493727
3992,50.2857,51.3005,49.7089,50.57,171040
3993,50.57,50.8809,49.1444,49.5209,527503
3994,49.5209,50.8896,47.8856,48.1653,462685
3995,48.1653,48.3597,47.0728,47.3954,779586
3996,47.3954,48.6081,47.2407,48.5631,629662
3997,48.5631,48.7861,48.3037,48.3051,689592
3998,48.3051,49.0424,47.9843,48.5043,947328
3999,48.5043,50.2744,48.4591,49.9464,667967
4000,49.9464,49.9512,47.9343,47.9729,324361
4001,47.9729,48.3446,47.9413,48.3417,649502
4002,48.3417,49.2498,48.0441,48.0546,367865
4003,48.0546,49.7639,47.602,48.9506,645498
4004,48.9506,49.6627,48.4733,48.5195,683224
4005,48.5195,49.5765,48.1563,48.943,443999
4006,48.943,49.3331,47.1152,47.2599,469798
4007,47.2599,47.4146,46.8357,46.9221,144193
4008,46.9221,48.1159,46.8725,47.7257,309968
4009,47.7257,48.5221,47.3918,48.1301,970336
4010,48.1301,49.9467,47.5414,49.6218,624577
4011,49.6218,53.2957,49.5408,52.4291,740338
4012,52.4291,52.7409,52.2698,52.4862,487708
4013,52.4862,54.0067,51.9327,53.9516,564014
4014,53.9516,54.4012,53.387,54.1363,254375
4015,54.1363,54.5104,53.7335,54.4212,124686
4016,54.4212,55.8931,53.7572,55.6623,185570
4017,55.6623,58.2865,54.8218,57.7925,311689
4018,57.7925,58.1267,56.4082,57.1719,614406
4019,57.1719,57.7589,55.353,55.4554,231945
4020,55.4554,56.4969,53.5003,54.3837,966267
4021,54.3837,55.0002,53.3272,54.2355,935023
4022,54.2355,55.1533,52.3494,52.3968,866260
4023,52.3968,54.8633,52.0617,54.6519,224416
4024,54.6519,54.6788,53.5793,54.1264,892159
4025,54.1264,54.598,52.8013,53.3848,496318
4026,53.3848,53.9208,52.7864,52.8095,110380
4027,52.8095,54.472,52.8003,53.6641,526876
4028,53.6641,54.1919,53.627,53.9732,858333
4029,53.9732,54.9177,53.3943,54.5083,182353
4030,54.5083,55.3196,54.3404,55.1943,242047
4031,55.1943,56.8282,54.4481,56.3544,639911
4032,56.3544,57.3137,54.9012,55.4016,235393
4033,55.4016,55.8949,54.555,55.253,863139
4034,55.253,55.3349,54.5955,54.7332,138821
4035,54.7332,55.3589,53.7191,53.7671,811104
4036,53.7671,55.9474,53.5508,55.5325,139619
4037,55.5325,57.1133,55.3516,56.6904,904386
4038,56.6904,57.6554,56.0948,57.4236,399976
4039,57.4236,57.5893,56.4837,57.0822,873093
4040,57.0822,57.471,55.9271,56.5282,263552
4041,56.5282,57.3291,54.5072,55.2031,354735
4042,55.2031,55.5825,54.1942,54.5074,323789
4043,54.5074,55.1923,53.8372,54.3794,381154
4044,54.3794,54.6257,54.3492,54.5555,604749
4045,54.5555,55.1653,54.09,54.9993,784044
4046,54.9993,55.2327,54.4346,54.889,588357
4047,54.889,56.1423,54.0999,55.7243,299802
4048,55.7243,56.3265,54.8011,54.9342,551627
4049,54.9342,55.6111,53.1295,53.3807,531571
4050,53.3807,54.8033,53.3313,53.9687,500656
4051,53.9687,54.2097,52.9043,53.0337,369909
4052,53.0337,53.2421,51.8632,52.7806,627848
4053,52.7806,53.6506,52.2549,52.8481,639721
4054,52.8481,54.8739,51.1858,54.1563,885819
4055,54.1563,54.3895,53.8691,54.0512,904998
4056,54.0512,56.3712,52.8708,55.604,139411
4057,55.604,56.2412,55.1952,55.5679,847052
4058,55.5679,56.3684,55.5266,56.0704,915786
4059,56.0704,56.4877,55.7613,55.9198,187625
4060,55.9198,56.3791,55.8045,56.3267,273923
4061,56.3267,56.4428,55.8059,56.2684,156861
4062,56.2684,56.2887,55.2777,55.8527,920398
4063,55.8527,56.7129,55.5554,55.8259,584416
4064,55.8259,56.3924,55.1205,56.3791,592033
4065,56.3791,58.1545,56.0077,57.9359,596037
4066,57.9359,58.103,56.9906,57.1071,343783
4067,57.1071,57.2813,53.6309,53.853,660292
4068,53.853,54.4661,51.6502,51.9917,952466
4069,51.9917,52.1886,49.7869,50.6645,324078
4070,50.6645,51.1604,50.1549,50.2326,656690
4071,50.2326,50.6551,47.7671,48.0847,903270
4072,48.0847,49.0571,47.8396,48.6725,335096
4073,48.6725,49.3491,47.5719,48.1015,750143
4074,48.1015,49.0594,47.9445,48.985,718707
4075,48.985,49.051,47.8871,48.0473,725290
4076,48.0473,48.1608,46.9672,47.1209,170745
4077,47.1209,47.2839,46.6665,46.9744,794163
4078,46.9744,47.0948,45.5766,45.8953,382949
4079,45.8953,46.3132,44.1407,44.5638,333914
4080,44.5638,45.5359,44.442,45.4181,536957
4081,45.4181,46.9016,45.1722,46.6975,222298
4082,46.6975,47.3445,45.8836,46.0085,261034
4083,46.0085,46.4765,45.0393,45.7473,806965
4084,45.7473,47.2003,45.1106,47.1625,491417
4085,47.1625,47.165,46.7472,46.8422,112919
4086,46.8422,46.9508,45.6685,46.086,481231
4087,46.086,46.719,44.416,44.9813,614089
4088,44.9813,46.8521,44.5607,46.765,387039
4089,46.765,47.9408,46.7238,47.0838,217770
4090,47.0838,47.383,46.4804,46.8561,819036
4091,46.8561,48.7143,46.6616,48.0995,476860
4092,48.0995,48.1505,47.4345,47.5934,456841
4093,47.5934,48.1848,46.8819,46.9039,725313
4094,46.9039,47.3669,46.6404,47.2332,268064
4095,47.2332,47.9842,46.3624,47.6125,485363
4096,47.6125,48.1778,46.6815,47.2034,526553
4097,47.2034,47.6973,45.4448,45.8213,193290
4098,45.8213,46.1698,44.4674,45.1717,189923
4099,45.1717,46.1338,42.0549,43.3068,580068
4100,43.3068,43.7996,43.2008,43.2539,153971
4101,43.2539,44.828,42.6892,43.4375,564643
4102,43.4375,44.1701,42.9589,43.5444,992473
4103,43.5444,45.6926,43.2311,44.9593,947591
4104,44.9593,46.9738,44.6573,46.1499,112257
4105,46.1499,47.013,45.6378,46.4982,336809
4106,46.4982,46.9679,45.6768,46.461,168525
4107,46.461,47.575,45.6068,46.1859,305926
4108,46.1859,46.6251,45.6162,46.5903,305178
4109,46.5903,47.1399,45.2062,45.836,143284
4110,45.836,48.206,45.3862,46.9344,672002
4111,46.9344,47.2228,45.9741,46.403,211065
4112,46.403,47.1831,46.0324,46.3271,553116
4113,46.3271,47.3401,46.3085,47.0127,142434
4114,47.0127,47.2507,44.092,44.565,374952
4115,44.565,45.1027,43.4393,43.5874,277128
4116,43.5874,44.2411,43.4211,44.0639,950017
4117,44.0639,45.6098,43.2533,44.9588,653298
4118,44.9588,45.6311,43.5892,45.5145,713954
4119,45.5145,46.1472,43.7178,44.1803,796198
4120,44.1803,44.7594,43.8088,44.7263,364122
4121,44.7263,45.3657,43.5642,43.6888,880848
4122,43.6888,44.1651,43.5231,43.7056,252744
4123,43.7056,44.9743,43.543,44.7238,154700
4124,44.7238,45.1141,42.7409,43.3015,448322
4125,43.3015,43.453,42.9635,43.3071,129880
4126,43.3071,45.2438,42.7464,44.5563,306589
4127,44.5563,45.1365,43.8995,44.3288,306493
4128,44.3288,46.028,43.4856,45.4332,110633
4129,45.4332,47.4607,45.2398,46.6837,563231
4130,46.6837,46.7928,44.5974,45.0878,526753
4131,45.0878,46.1441,44.3403,44.5931,255024
4132,44.5931,44.6218,42.7093,43.8239,959960
4133,43.8239,44.3506,43.589,43.7466,581572
4134,43.7466,43.8658,42.995,43.1361,642490
4135,43.1361,44.2178,43.0523,43.4533,717616
4136,43.4533,43.4852,42.4988,43.3959,702566
4137,43.3959,44.1445,43.0632,43.4726,552105
4138,43.4726,44.8936,42.6094,44.3539,761807
4139,44.3539,45.3952,43.7609,44.7843,563043
4140,44.7843,45.9696,43.9212,45.3831,721539
4141,45.3831,48.9043,45.1239,48.3142,219560
4142,48.3142,49.9197,48.2624,49.5227,504472
4143,49.5227,50.524,49.3118,50.1542,756009
4144,50.1542,50.9292,49.674,50.2525,443204
4145,50.2525,50.6472,49.4602,50.2394,683827
4146,50.2394,50.4886,49.0106,49.174,311919
4147,49.174,49.2707,47.3131,48.7492,693577
4148,48.7492,49.2479,48.3087,48.3088,835220
4149,48.3088,49.7458,47.7088,49.5218,563215
4150,49.5218,50.1473,49.1957,49.3962,931710
4151,49.3962,49.8681,49.3612,49.6472,307017
4152,49.6472,49.7166,49.4305,49.4887,722498
4153,49.4887,49.8391,47.8594,48.6843,557130
4154,48.6843,50.6377,48.1361,50.1317,602297
4155,50.1317,51.0417,50.075,50.4995,175250
4156,50.4995,50.734,50.0362,50.5979,817173
4157,50.5979,51.6812,50.0007,50.0595,935700
4158,50.0595,51.7443,49.4807,51.3231,176547
4159,51.3231,51.3332,50.4925,51.0122,775967
4160,51.0122,51.5697,50.4497,51.1264,275488
4161,51.1264,52.0606,49.5941,50.3957,811094
4162,50.3957,50.7204,49.3243,49.3966,795785
4163,49.3966,51.3859,49.135,51.2852,433052
4164,51.2852,52.1243,50.187,51.6443,957247
4165,51.6443,51.9269,50.6439,50.7325,720128
4166,50.7325,52.0551,50.2074,50.8222,701597
4167,50.8222,50.9255,49.715,50.4344,924525
4168,50.4344,50.6172,50.2317,50.5526,181266
4169,50.5526,53.5838,50.4884,52.2555,826986
4170,52.2555,53.282,52.1959,53.0596,652706
4171,53.0596,54.5552,52.9805,54.2417,570513
4172,54.2417,55.0989,53.0457,53.127,784187
4173,53.127,53.3957,51.9112,51.9867,580866
4174,51.9867,53.1522,51.6999,52.5166,243375
4175,52.5166,53.0622,50.531,51.1445,602227
4176,51.1445,51.849,50.8376,50.9268,206481
4177,50.9268,51.0646,48.8857,49.4381,165383
4178,49.4381,50.3225,47.9158,48.0882,485878
4179,48.0882,48.8189,45.8657,46.8317,121036
4180,46.8317,47.0471,45.7864,45.9322,948941
4181,45.9322,48.0836,45.8908,47.3194,864343
4182,47.3194,47.7654,45.8995,46.3808,847933
4183,46.3808,46.5267,45.7522,46.4474,105259
4184,46.4474,47.4479,45.9006,46.2707,431689
4185,46.2707,46.6693,45.8321,46.5201,382919
4186,46.5201,47.2753,46.373,46.7396,511226
4187,46.7396,47.4569,46.0616,46.3332,641910
4188,46.3332,47.0208,46.113,46.9729,705676
4189,46.9729,48.1614,46.8432,47.616,632998
4190,47.616,49.4581,47.419,48.9608,259323
4191,48.9608,51.4027,48.6247,50.4761,504351
4192,50.4761,52.0122,49.5185,51.6249,922071
4193,51.6249,52.4323,51.4517,51.4791,840976
4194,51.4791,52.2459,51.1367,52.0081,537495
4195,52.0081,52.8315,51.9602,52.4543,860429
4196,52.4543,53.0621,51.194,51.9433,430451
4197,51.9433,53.3945,51.1345,52.706,157032
4198,52.706,53.8089,52.0324,52.8904,908628
4199,52.8904,53.5475,50.4859,50.8192,222411
4200,50.8192,51.3175,50.3585,50.9932,259862
4201,50.9932,52.2068,50.6166,51.6596,808792
4202,51.6596,53.2848,51.6527,53.0691,568153
4203,53.0691,55.1142,52.7559,54.8039,745369
4204,54.8039,56.214,54.5338,56.1976,477716
4205,56.1976,56.9435,53.6152,54.4061,435827
4206,54.4061,54.5792,53.5699,53.5901,416289
4207,53.5901,53.886,51.9524,52.1602,616924
4208,52.1602,52.8381,51.9131,52.0217,859456
4209,52.0217,52.5423,51.9358,52.3843,267336
4210,52.3843,53.284,51.495,51.9961,769481
4211,51.9961,53.1689,51.951,52.2568,612560
4212,52.2568,52.297,51.8157,51.9385,163792
4213,51.9385,52.1228,49.9037,51.1526,330783
4214,51.1526,51.8375,49.7367,51.384,177961
4215,51.384,51.407,49.2186,49.6307,363732
4216,49.6307,49.7333,49.038,49.2937,610738
4217,49.2937,49.4263,47.0818,47.9791,470912
4218,47.9791,48.2403,46.8082,47.0917,960894
4219,47.0917,47.7091,46.9544,47.1953,813728
4220,47.1953,47.4701,44.6541,44.6795,526721
4221,44.6795,46.1544,43.7445,45.2953,752817
4222,45.2953,46.7128,45.1293,46.3642,140863
4223,46.3642,46.8793,45.3261,45.5978,264858
4224,45.5978,46.0091,45.0607,45.1438,973738
4225,45.1438,46.2721,44.5804,45.4828,893178
4226,45.4828,45.9978,44.4715,45.9466,236245
4227,45.9466,46.042,44.854,44.9445,135026
4228,44.9445,46.4838,44.8034,46.1875,593158
4229,46.1875,49.6481,45.2922,49.5398,553041
4230,49.5398,50.7926,47.6947,48.0772,386127
4231,48.0772,49.5059,47.8685,48.3898,864828
4232,48.3898,48.6159,46.8898,47.0416,142689
4233,47.0416,47.5107,46.1166,46.4947,145108
4234,46.4947,47.2141,45.9592,46.7705,417195
4235,46.7705,47.1494,46.0223,46.109,842186
4236,46.109,47.2382,45.7614,46.7202,399975
4237,46.7202,47.0039,45.9452,46.767,757557
4238,46.767,47.1721,46.182,46.8315,900534
4239,46.8315,47.2917,46.1291,47.1694,947263
4240,47.1694,49.404,46.3482,48.1916,117186
4241,48.1916,48.5597,47.0877,47.7956,148585
4242,47.7956,47.8845,46.9698,47.2599,121413
4243,47.2599,47.7311,46.9685,47.0622,938950
4244,47.0622,48.9634,46.8646,48.8973,259413
4245,48.8973,49.3136,48.5431,49.3128,382372
4246,49.3128,50.2947,48.6913,50.1188,884730
4247,50.1188,50.7717,49.3237,50.6646,927075
4248,50.6646,51.7826,50.5492,51.5693,293138
4249,51.5693,51.8815,50.5061,51.4481,689208
4250,51.4481,51.5989,49.2883,49.6454,670344
4251,49.6454,49.7313,49.2035,49.4569,543081
4252,49.4569,51.9765,48.68,51.9031,860072
4253,51.9031,52.0461,49.9591,50.6708,630898
4254,50.6708,50.7503,49.9202,50.0091,307539
4255,50.0091,50.1958,49.5107,50.0114,961653
4256,50.0114,51.0252,49.0934,50.0724,795575
4257,50.0724,51.657,50.0383,51.5984,413388
4258,51.5984,52.5469,51.1699,51.5615,485567
4259,51.5615,51.593,50.002,50.0138,588484
4260,50.0138,50.7803,48.8651,49.6497,959870
4261,49.6497,50.5815,48.8602,50.5544,963859
4262,50.5544,51.0894,48.5021,49.1557,319267
4263,49.1557,49.6166,47.961,48.2476,163595
4264,48.2476,50.2008,47.7786,49.0013,612455
4265,49.0013,49.3381,47.3079,47.7314,922606
4266,47.7314,48.4433,47.5759,48.365,592061
4267,48.365,48.9226,47.3897,48.1313,317472
4268,48.1313,48.9437,48.0794,48.553,712196
4269,48.553,49.7772,47.6919,48.0324,360078
4270,48.0324,49.1542,46.2991,46.9255,437471
4271,46.9255,46.974,46.4399,46.9372,863259
4272,46.9372,47.2391,46.565,46.9935,296169
4273,46.9935,47.6894,45.4231,45.7331,441534
4274,45.7331,46.073,44.6633,46.0387,265280
4275,46.0387,47.3987,45.9669,47.0159,268093
4276,47.0159,48.0766,46.7615,47.3408,234506
4277,47.3408,47.9661,47.2233,47.5503,763505
4278,47.5503,47.69,47.2229,47.2513,905527
4279,47.2513,47.606,45.8936,45.9264,787874
4280,45.9264,47.0796,45.6444,46.0098,559393
4281,46.0098,46.3214,45.8335,46.0351,453323
4282,46.0351,46.0859,45.5229,45.7885,934766
4283,45.7885,46.5268,44.3976,45.4915,510884
4284,45.4915,45.5358,43.2339,44.8957,600835
4285,44.8957,46.0458,44.2764,45.9841,178954
4286,45.9841,46.5428,44.0607,44.4323,481147
4287,44.4323,44.719,44.0775,44.5851,703932
4288,44.5851,45.2451,43.7684,44.3705,896269
4289,44.3705,45.3496,44.171,44.9764,515749
4290,44.9764,45.0852,44.8988,44.9243,636253
4291,44.9243,46.013,44.5378,46.0093,245892
4292,46.0093,46.6486,45.3932,46.5056,262839
4293,46.5056,47.0301,43.4986,44.2224,753001
4294,44.2224,45.4823,43.8125,45.26,919347
4295,45.26,46.1227,44.5841,45.5302,717755
4296,45.5302,46.0189,44.4573,44.6707,795522
4297,44.6707,44.6775,43.5448,43.9816,173397
4298,43.9816,45.2632,43.7528,44.8953,774662
4299,44.8953,45.4198,44.4186,44.482,600411
4300,44.482,44.6365,44.0113,44.0556,993173
4301,44.0556,44.366,42.7765,43.6634,643486
4302,43.6634,43.7971,42.6519,43.2672,437893
4303,43.2672,44.5928,42.3347,44.3825,823335
4304,44.3825,44.5909,42.0696,43.3283,379892
4305,43.3283,43.8264,43.0261,43.7524,778593
4306,43.7524,43.8394,43.5574,43.6994,596079
4307,43.6994,44.1097,42.095,42.7692,305774
4308,42.7692,42.9211,41.1684,41.4162,326765
4309,41.4162,41.9856,41.1561,41.218,218511
4310,41.218,41.8987,40.608,41.896,198735
4311,41.896,42.4827,39.2818,39.7144,276654
4312,39.7144,41.021,39.6977,40.7615,664572
4313,40.7615,41.0429,40.7193,41.0318,943394
4314,41.0318,41.4605,40.7004,41.3432,218080
4315,41.3432,41.9176,40.9472,41.1011,888229
4316,41.1011,41.1326,39.8852,40.68,137285
4317,40.68,41.0296,40.3038,40.7688,142331
4318,40.7688,41.2773,40.4376,41.2701,713963
4319,41.2701,42.0963,41.1733,41.6867,845359
4320,41.6867,42.1386,40.8632,40.9886,912784
4321,40.9886,42.3632,40.859,42.0112,120625
4322,42.0112,42.6494,41.4368,42.2944,474139
4323,42.2944,43.9346,42.2672,43.426,440308
4324,43.426,44.1982,41.6774,42.301,243209
4325,42.301,42.9162,41.6521,42.2938,337303
4326,42.2938,43.9393,41.605,43.489,839060
4327,43.489,44.5942,43.1497,44.3924,821312
4328,44.3924,45.5682,44.1521,45.4951,538163
4329,45.4951,45.4984,44.0901,44.539,857114
4330,44.539,45.1317,43.2861,44.2018,514454
4331,44.2018,45.2957,43.6254,44.2434,936875
4332,44.2434,45.8009,43.9413,45.2836,454344
4333,45.2836,45.6082,44.5397,44.7349,329262
4334,44.7349,46.6866,44.287,46.3864,488336
4335,46.3864,47.9904,46.1306,47.8937,302247
4336,47.8937,47.9504,47.4659,47.4986,682500
4337,47.4986,47.8826,46.5028,46.7118,221220
4338,46.7118,47.3383,46.5431,47.1539,365965
4339,47.1539,47.8539,46.9235,47.5755,845873
4340,47.5755,48.2683,46.9688,47.8642,725883
4341,47.8642,48.1491,47.3854,47.8047,672608
4342,47.8047,48.3978,45.8735,46.046,543693
4343,46.046,48.5929,45.4398,48.4878,937274
4344,48.4878,48.7102,47.0855,47.3818,380021
4345,47.3818,47.7523,46.7711,47.5624,337302
4346,47.5624,47.7002,46.2323,46.6658,315479
4347,46.6658,49.3643,45.4557,48.3958,976697
4348,48.3958,48.5807,47.7934,48.2332,151842
4349,48.2332,48.3037,47.5107,47.5334,833712
4350,47.5334,48.3385,47.1873,48.2042,170817
4351,48.2042,50.0247,47.7026,49.1871,436475
4352,49.1871,49.2808,48.5309,49.0022,520214
4353,49.0022,50.1046,48.3279,48.6921,397742
4354,48.6921,49.3288,48.1925,48.3839,905423
4355,48.3839,48.9939,48.235,48.6162,672155
4356,48.6162,49.063,46.3294,46.484,315936
4357,46.484,46.8943,45.3946,45.7064,938073
4358,45.7064,46.196,44.5944,44.9255,966047
4359,44.9255,45.6887,44.887,45.5557,408931
4360,45.5557,46.3779,45.1042,45.9542,917432
4361,45.9542,46.4564,42.8809,43.9099,375714
4362,43.9099,44.2997,42.8085,43.0475,784376
4363,43.0475,43.2979,41.7111,42.3198,457367
4364,42.3198,42.4965,41.5746,41.8374,868103
4365,41.8374,42.4578,41.5683,41.9096,431148
4366,41.9096,42.2101,40.3979,41.8445,339125
4367,41.8445,42.6146,39.7118,40.1017,958291
4368,40.1017,43.8852,39.5647,43.4985,323031
4369,43.4985,46.1143,43.3266,45.3987,385061
4370,45.3987,45.6868,43.8834,44.6254,150252
4371,44.6254,44.7686,43.9356,43.9812,964945
4372,43.9812,44.0215,43.1846,43.2712,580742
4373,43.2712,43.5061,42.2083,43.0723,927777
4374,43.0723,43.2311,42.1929,42.39,431524
4375,42.39,42.4567,41.6003,41.9704,240776
4376,41.9704,42.8297,40.6334,41.6364,351424
4377,41.6364,42.8063,40.8947,42.4832,333785
4378,42.4832,42.8875,40.8847,41.4865,710841
4379,41.4865,42.7812,41.3001,42.6049,683294
4380,42.6049,42.6504,42.034,42.1377,576133
4381,42.1377,43.7039,41.9859,42.7271,500238
4382,42.7271,43.3548,41.8946,42.0857,460274
4383,42.0857,42.3745,41.5582,41.7964,919924
4384,41.7964,41.9876,41.6739,41.8934,786872
4385,41.8934,42.7679,40.8763,41.3284,156593
4386,41.3284,41.7583,38.98,39.1903,684169
4387,39.1903,39.3184,38.7403,39.0238,870701
4388,39.0238,39.2289,38.7883,39.1148,378269
4389,39.1148,39.7821,38.251,38.489,123822
4390,38.489,38.9026,37.076,38.3189,723069
4391,38.3189,40.7016,38.2686,39.9179,664791
4392,39.9179,41.2733,37.8718,38.6948,917589
4393,38.6948,39.2213,38.3607,38.9063,238757
4394,38.9063,38.9561,37.9523,38.2594,748761
4395,38.2594,38.4497,37.5955,37.7418,805683
4396,37.7418,38.1854,35.1332,35.7951,969724
4397,35.7951,36.6419,34.3408,34.5277,311168
4398,34.5277,34.876,33.3207,33.9447,793772
4399,33.9447,34.2178,32.2705,32.4938,647131
4400,32.4938,34.0994,32.4895,33.6241,526313
4401,33.6241,34.6182,32.459,32.887,302951
4402,32.887,32.9642,30.8445,31.3663,556548
4403,31.3663,32.5736,31.2334,32.475,978510
4404,32.475,32.9565,32.384,32.6475,646420
4405,32.6475,33.0137,32.354,32.7672,868186
4406,32.7672,32.9344,32.5915,32.7463,542252
4407,32.7463,33.1921,31.9895,33.0017,982435
4408,33.0017,33.2241,29.7922,31.0553,709993
4409,31.0553,31.2898,29.7895,30.6264,699598
4410,30.6264,31.9746,30.1788,31.6833,736706
4411,31.6833,32.6711,31.4277,31.5323,391880
4412,31.5323,31.5385,30.1457,30.4106,288838
4413,30.4106,31.1628,30.306,31.097,957055
4414,31.097,31.6185,30.2723,30.5605,671266
4415,30.5605,30.9988,30.0997,30.5834,991350
4416,30.5834,30.9892,30.064,30.5668,745619
4417,30.5668,31.2213,29.5924,29.7927,962518
4418,29.7927,30.1951,29.0365,29.3099,838947
4419,29.3099,30.374,26.8068,26.9837,910196
4420,26.9837,28.4532,25.9187,28.4013,811320
4421,28.4013,28.5203,25.9668,26.6266,578415
4422,26.6266,27.3166,25.8749,27.2142,542598
4423,27.2142,28.0199,26.7808,27.7957,871094
4424,27.7957,28.692,27.5288,27.8745,687881
4425,27.8745,27.9483,27.6117,27.8005,446830
4426,27.8005,27.9403,27.1058,27.2057,806090
4427,27.2057,27.5151,26.5672,26.8343,428837
4428,26.8343,27.5809,25.5221,25.8355,811678
4429,25.8355,26.7985,25.0216,26.6763,943105
4430,26.6763,26.9339,25.5227,25.9268,485307
4431,25.9268,26.1168,24.8317,25.8553,407998
4432,25.8553,25.9384,24.9104,24.9506,940010
4433,24.9506,26.7259,24.6624,26.2923,388936
4434,26.2923,26.7423,25.7768,25.9141,266376
4435,25.9141,25.9164,25.6328,25.8819,491137
4436,25.8819,26.5094,25.8092,26.4622,660474
4437,26.4622,26.6457,26.174,26.2026,376732
4438,26.2026,26.8091,25.536,25.7726,776707
4439,25.7726,26.288,23.0756,23.582,682539
4440,23.582,24.8208,23.222,24.284,570897
4441,24.284,24.706,23.7099,24.4127,171912
4442,24.4127,25.1688,23.9,24.481,218666
4443,24.481,25.093,22.3709,23.6154,725907
4444,23.6154,24.6657,23.4761,24.063,527638
4445,24.063,24.1922,22.5351,23.1673,946634
4446,23.1673,23.5939,20.2082,21.193,728455
4447,21.193,21.4238,20.2956,21.0144,395934
4448,21.0144,22.4166,19.8662,21.9484,704902
4449,21.9484,22.9585,21.841,22.2645,141112
4450,22.2645,22.871,22.1339,22.7338,857948
4451,22.7338,23.4817,21.5952,22.9115,606736
4452,22.9115,26.1865,22.6041,25.1007,531944
4453,25.1007,25.1244,24.5247,25.0888,456078
4454,25.0888,25.9699,24.3995,25.7011,491732
4455,25.7011,26.0812,23.6973,24.6422,896332
4456,24.6422,25.4223,22.9025,23.3909,447091
4457,23.3909,24.0174,21.544,22.5096,129723
4458,22.5096,23.3144,22.2515,22.9257,729128
4459,22.9257,22.9514,22.5607,22.6535,608541
4460,22.6535,23.6083,19.0854,19.9429,497241
4461,19.9429,21.4895,19.7832,21.0373,726350
4462,21.0373,21.0952,20.2629,20.5974,725249
4463,20.5974,21.0392,19.072,19.2715,245360
4464,19.2715,20.3828,18.8335,20.1091,285733
4465,20.1091,21.517,18.7827,19.1998,924548
4466,19.1998,19.6645,17.66,18.1006,612925
4467,18.1006,18.5303,17.1324,17.5894,491162
4468,17.5894,17.7239,16.6791,17.1063,335552
4469,17.1063,19.6089,17.0937,18.9493,331658
4470,18.9493,19.9046,17.6209,18.0926,650788
4471,18.0926,18.7926,15.5669,16.2754,318212
4472,16.2754,16.5468,14.438,15.3874,348209
4473,15.3874,15.4962,13.9544,14.7047,337414
4474,14.7047,15.4455,13.1904,13.3117,691644
4475,13.3117,13.4174,12.3648,12.7909,478115
4476,12.7909,13.5034,12.4407,13.0545,941661
4477,13.0545,14.5921,12.2152,14.5376,570146
4478,14.5376,14.7866,13.8742,14.1825,324259
4479,14.1825,14.3215,13.6705,14.2832,216179
4480,14.2832,14.3724,13.25,13.4807,530863
4481,13.4807,14.4573,12.9933,14.3376,273444
4482,14.3376,14.936,12.9826,13.6222,433489
4483,13.6222,13.7358,12.1503,12.3144,319990
4484,12.3144,12.7035,11.8058,11.9133,489553
4485,11.9133,12.9965,10.7332,11.1427,609916
4486,11.1427,12.3683,10.8951,12.2461,763567
4487,12.2461,12.4592,11.3013,11.9122,515323
4488,11.9122,13.6162,11.1361,12.9866,575888
4489,12.9866,13.1691,11.8379,12.449,855624
4490,12.449,13.0692,11.61,11.7534,487219
4491,11.7534,13.5971,10.8248,12.5354,334982
4492,12.5354,12.8047,10.6856,11.0091,333437
4493,11.0091,11.4473,10.2408,10.5468,587835
4494,10.5468,11.6235,9.7931,10.9069,366961
4495,10.9069,12.5274,10.498,11.6686,222158
4496,11.6686,13.1214,11.4123,12.9148,511767
4497,12.9148,13.798,12.8607,13.3316,308791
4498,13.3316,13.9585,12.9697,13.1701,553991
4499,13.1701,14.0118,11.8039,12.5418,848075
4500,12.5418,14.535,12.3613,13.6682,989718
4501,13.6682,14.3086,12.2333,12.7514,352521
4502,12.7514,12.7773,10.7055,11.9703,237691
4503,11.9703,12.3205,11.6688,12.1164,900341
4504,12.1164,12.4759,10.9762,11.1302,994192
4505,11.1302,12.0389,10.1771,10.5131,814545
4506,10.5131,11.3871,9.468,10.7716,247032
4507,10.7716,11.946,10.6773,11.3168,263056
4508,11.3168,12.3026,10.5079,12.2944,778502
4509,12.2944,12.6637,11.225,12.3311,661247
4510,12.3311,14.7383,12.0618,14.7108,220997
4511,14.7108,15.6084,11.9777,12.198,306749
4512,12.198,14.2735,11.8226,14.2006,521601
4513,14.2006,15.9159,13.947,15.599,510664
4514,15.599,15.6659,14.6419,14.672,870312
4515,14.672,15.8323,14.0295,15.3882,383669
4516,15.3882,15.5255,14.2241,14.3257,350194
4517,14.3257,14.4494,13.8052,14.0929,307747
4518,14.0929,14.8391,13.4508,13.8716,834458
4519,13.8716,14.0943,13.7255,13.9877,813163
4520,13.9877,16.8012,13.8076,16.2045,512607
4521,16.2045,18.1926,15.8783,17.8972,925544
4522,17.8972,18.4445,16.1778,16.2343,246739
4523,16.2343,17.9229,15.9609,17.1588,152640
4524,17.1588,19.4634,16.423,19.1487,924662
4525,19.1487,20.183,18.191,19.0323,191431
4526,19.0323,20.0578,18.6765,19.4355,721885
4527,19.4355,19.7858,18.4083,19.0998,640648
4528,19.0998,20.9238,18.2319,20.1847,145041
4529,20.1847,20.6665,18.2948,19.39,238677
4530,19.39,19.6992,18.2415,18.874,405530
4531,18.874,19.2577,18.4961,19.1268,822398
4532,19.1268,20.9043,18.7386,20.2472,446749
4533,20.2472,20.6955,20.2296,20.2893,765547
4534,20.2893,22.0232,20.1014,21.4783,664480
4535,21.4783,21.736,19.5598,19.8447,216991
4536,19.8447,20.2742,19.7648,20.1409,577824
4537,20.1409,20.4581,19.675,20.4271,597519
4538,20.4271,20.7176,16.9681,17.7391,144996
4539,17.7391,20.7868,16.8605,20.1015,876658
4540,20.1015,21.7475,20.0278,20.982,818143
4541,20.982,22.4908,20.5823,22.213,657483
4542,22.213,23.2829,21.7448,23.2775,638359
4543,23.2775,24.3399,22.9003,23.0796,257952
4544,23.0796,24.3723,22.404,23.3739,773594
4545,23.3739,24.0142,23.3306,23.3757,871439
4546,23.3757,23.7095,23.1779,23.5652,258532
4547,23.5652,24.2512,22.8415,22.9104,444250
4548,22.9104,26.0178,22.6258,24.9613,766034
4549,24.9613,26.2126,24.5024,26.2067,364984
4550,26.2067,29.7969,25.8254,28.7817,116669
4551,28.7817,28.7901,26.915,27.5727,397534
4552,27.5727,27.5862,27.4001,27.5018,249589
4553,27.5018,28.9133,27.0744,28.3823,414424
4554,28.3823,29.9875,27.7222,29.2104,270519
4555,29.2104,29.7435,27.9537,28.7239,457534
4556,28.7239,28.951,26.9478,27.2043,952865
4557,27.2043,27.4557,26.4574,26.4912,929153
4558,26.4912,28.0054,26.3474,27.1272,244016
4559,27.1272,27.3512,25.8551,26.7627,414360
4560,26.7627,28.5726,26.3055,27.7851,220439
4561,27.7851,28.3223,26.7894,27.0462,357253
4562,27.0462,28.0694,26.3024,26.7944,959545
4563,26.7944,27.2249,26.541,26.8763,781705
4564,26.8763,27.7423,26.3928,27.589,492302
4565,27.589,27.7715,25.745,26.0353,844001
4566,26.0353,27.006,25.3076,26.88,958559
4567,26.88,27.947,26.6824,27.8179,562934
4568,27.8179,28.8679,27.3146,28.4841,187386
4569,28.4841,28.8458,28.0078,28.6175,136402
4570,28.6175,28.705,26.6094,27.2214,865892
4571,27.2214,27.5017,26.9684,27.0561,865453
4572,27.0561,27.8352,26.1517,26.6766,803899
4573,26.6766,26.9782,25.5546,26.0949,740105
4574,26.0949,27.0753,24.0846,24.3254,589095
4575,24.3254,24.6694,21.2983,21.3176,787218
4576,21.3176,21.785,21.0347,21.4419,600644
4577,21.4419,22.3993,21.3503,22.2448,853138
4578,22.2448,23.6375,22.2394,22.7479,259895
4579,22.7479,25.2336,22.0349,24.7481,532397
4580,24.7481,25.0661,24.2202,24.7676,798344
4581,24.7676,26.3257,24.5672,26.1475,774040
4582,26.1475,28.1676,25.8992,28.1282,491809
4583,28.1282,29.0088,27.837,28.7046,743373
4584,28.7046,30.2057,28.5953,29.9482,167593
4585,29.9482,30.6869,29.5718,30.2971,650560
4586,30.2971,31.4906,30.1197,30.6171,201491
4587,30.6171,31.7881,29.8001,30.3621,875685
4588,30.3621,30.5066,29.5544,29.7166,876430
4589,29.7166,30.0246,27.3828,27.9529,979087
4590,27.9529,28.8473,27.1985,28.7147,186881
4591,28.7147,30.1929,28.2304,29.537,151311
4592,29.537,30.7183,29.1671,30.3475,118843
4593,30.3475,30.6283,30.0659,30.1178,942621
4594,30.1178,30.127,29.4954,30.1192,274052
4595,30.1192,30.7365,27.7994,28.506,393973
4596,28.506,28.7007,28.1679,28.5402,576514
4597,28.5402,29.4718,27.9573,28.6888,245654
4598,28.6888,29.4819,27.7374,28.187,253824
4599,28.187,29.3299,27.681,28.4896,580583
4600,28.4896,29.7552,28.1053,28.9084,780657
4601,28.9084,31.1143,28.6275,30.7139,900581
4602,30.7139,32.2925,30.3154,31.8573,903661
4603,31.8573,32.7743,30.6337,30.8962,466758
4604,30.8962,32.6665,30.3028,32.6553,671499
4605,32.6553,35.4277,31.9439,34.5666,791167
4606,34.5666,34.8104,33.2075,33.7014,323048
4607,33.7014,34.1183,30.205,31.2484,270884
4608,31.2484,33.4014,30.4901,32.9454,281012
4609,32.9454,33.8315,32.4389,33.1545,557291
4610,33.1545,34.338,33.07,33.8822,268151
4611,33.8822,34.6868,33.2275,33.7522,737422
4612,33.7522,34.2995,32.5675,34.1931,117806
4613,34.1931,35.4583,33.6472,35.2902,480242
4614,35.2902,36.5759,34.9414,36.2449,623801
4615,36.2449,38.4261,36.0214,38.3839,688770
4616,38.3839,38.4721,37.4213,38.2744,659052
4617,38.2744,38.3857,36.7444,37.213,552851
4618,37.213,38.8263,36.365,37.8099,477099
4619,37.8099,39.2493,37.4024,38.6772,694667
4620,38.6772,39.0043,37.7873,38.4624,991608
4621,38.4624,38.969,38.0914,38.7119,958006
4622,38.7119,39.7166,38.4205,39.3195,253733
4623,39.3195,40.691,38.9525,40.214,283726
4624,40.214,41.2055,39.7651,40.7074,901998
4625,40.7074,41.5504,40.1106,41.1716,665447
4626,41.1716,41.7128,40.2466,40.2773,368075
4627,40.2773,42.3307,39.8862,41.5785,527661
4628,41.5785,41.7377,41.0655,41.6897,631239
4629,41.6897,42.0536,41.0476,42.0502,535988
4630,42.0502,43.1651,41.8075,42.5786,635760
4631,42.5786,43.2852,42.0353,42.0497,656026
4632,42.0497,43.4408,41.8297,42.9807,167741
4633,42.9807,43.0319,40.8711,41.1819,201290
4634,41.1819,41.5832,39.2491,39.3467,512501
4635,39.3467,40.366,38.816,40.2072,827584
4636,40.2072,41.3754,39.9027,40.992,798765
4637,40.992,41.0745,39.867,40.2244,249998
4638,40.2244,42.4243,39.5264,41.847,888254
4639,41.847,42.1183,40.8105,41.5634,247623
4640,41.5634,41.9177,38.6166,39.0424,457036
4641,39.0424,39.6998,37.8188,38.7059,261227
4642,38.7059,39.7966,38.6235,39.424,568075
4643,39.424,39.4446,38.9562,39.4282,270958
4644,39.4282,39.5014,38.3936,38.5187,534220
4645,38.5187,39.0592,37.8405,37.8955,526354
4646,37.8955,39.6482,37.1814,39.2355,195387
4647,39.2355,40.4135,37.5528,37.5768,964118
4648,37.5768,38.4083,36.4981,38.1436,142518
4649,38.1436,39.2266,37.9864,38.4926,462967
4650,38.4926,39.337,36.281,36.8332,636796
4651,36.8332,36.907,36.2579,36.7188,363505
4652,36.7188,37.5166,36.2283,36.5324,272423
4653,36.5324,36.7685,34.5212,35.3765,488793
4654,35.3765,35.912,32.5983,32.8482,531867
4655,32.8482,32.9458,32.3961,32.8122,473000
4656,32.8122,33.6604,32.708,33.5772,201698
4657,33.5772,34.1063,33.3814,33.578,307833
4658,33.578,33.9489,33.0408,33.248,972036
4659,33.248,34.654,32.694,34.1593,698738
4660,34.1593,35.0819,33.9797,34.4682,936213
4661,34.4682,35.3122,34.4241,34.8722,227587
4662,34.8722,35.1824,34.6268,35.1386,919145
4663,35.1386,35.4831,33.8883,34.3193,482923
4664,34.3193,34.9561,33.255,34.441,262720
4665,34.441,34.725,33.5926,33.7455,693915
4666,33.7455,35.2458,33.7002,35.1323,549013
4667,35.1323,35.1932,33.4131,34.1475,393112
4668,34.1475,34.7024,33.3698,33.7587,393631
4669,33.7587,35.822,33.7179,35.2914,105495
4670,35.2914,36.6405,34.1358,36.0011,358722
4671,36.0011,36.3487,35.4353,35.9073,909523
4672,35.9073,38.3029,35.6223,37.532,454947
4673,37.532,38.5471,36.045,36.215,745418
4674,36.215,37.3305,35.8602,36.0563,676083
4675,36.0563,36.4708,34.8353,35.3096,582464
4676,35.3096,37.1058,35.2034,36.745,411854
4677,36.745,37.4214,35.8096,36.0982,626010
4678,36.0982,36.3555,35.1829,35.8939,411647
4679,35.8939,36.3151,34.549,35.6934,394922
4680,35.6934,37.368,35.5391,37.2263,159904
4681,37.2263,37.3667,36.9651,37.0578,377662
4682,37.0578,37.5131,36.5082,36.8083,376530
4683,36.8083,36.9592,34.8318,35.1342,227031
4684,35.1342,35.7023,34.184,34.4157,769014
4685,34.4157,34.658,34.2249,34.3614,420766
4686,34.3614,34.6426,32.4228,33.2832,613968
4687,33.2832,33.934,33.009,33.5414,400033
4688,33.5414,34.1579,33.1044,33.1497,300020
4689,33.1497,33.8934,32.3871,33.6459,719542
4690,33.6459,34.5708,32.9285,34.5241,926599
4691,34.5241,35.6365,33.9726,35.5717,581453
4692,35.5717,36.3378,34.5855,35.836,161485
4693,35.836,36.7005,35.7672,36.1509,844488
4694,36.1509,36.5722,35.9773,36.1725,156335
4695,36.1725,37.1184,36.0199,36.6251,694804
4696,36.6251,38.1841,36.2655,37.4606,534367
4697,37.4606,38.4342,36.9427,37.8718,196641
4698,37.8718,39.1477,37.6124,38.6397,363283
4699,38.6397,39.8668,38.5896,39.4382,441009
4700,39.4382,39.9132,37.5854,38.3615,629965
4701,38.3615,39.3241,38.2363,39.1521,628894
4702,39.1521,41.0564,38.673,40.1247,666194
4703,40.1247,40.693,37.3363,37.709,617604
4704,37.709,39.0519,36.9687,38.8603,200948
4705,38.8603,38.9883,36.9645,37.6154,578162
4706,37.6154,37.8988,36.4647,37.7824,737983
4707,37.7824,39.2563,37.2855,38.5877,569860
4708,38.5877,38.8399,38.1582,38.3305,365328
4709,38.3305,39.4924,37.8638,37.9334,775974
4710,37.9334,38.5383,36.6706,37.1046,751777
4711,37.1046,37.3716,35.2242,36.1732,841496
4712,36.1732,36.5168,35.1226,35.4074,738980
4713,35.4074,35.9007,33.9293,34.7044,858328
4714,34.7044,34.9683,34.0631,34.1513,496996
4715,34.1513,34.5586,31.9249,32.7501,861155
4716,32.7501,33.2393,30.6125,31.3987,369315
4717,31.3987,31.5782,29.5586,30.0165,173754
4718,30.0165,30.4606,29.373,29.4133,622539
4719,29.4133,30.6491,27.8089,28.6231,810916
4720,28.6231,28.7175,27.4727,27.799,546705
4721,27.799,29.0865,27.327,28.6532,174700
4722,28.6532,29.5286,27.9482,29.422,288928
4723,29.422,29.4366,27.6091,27.7524,173724
4724,27.7524,27.7913,25.891,27.3523,542515
4725,27.3523,27.449,26.0067,26.5738,898757
4726,26.5738,27.4548,25.7905,25.9168,691022
4727,25.9168,27.9209,25.0493,27.2042,850055
4728,27.2042,27.8218,26.1283,26.3494,433365
4729,26.3494,28.3362,25.7591,27.5401,298910
4730,27.5401,27.593,26.725,26.9349,846153
4731,26.9349,27.4816,26.4728,26.4773,518211
4732,26.4773,26.4827,23.9455,24.8012,702042
4733,24.8012,26.0105,23.9818,25.3065,209674
4734,25.3065,25.5502,24.6449,25.5133,109391
4735,25.5133,26.864,24.6425,26.7051,376636
4736,26.7051,26.9689,24.0495,24.3955,209136
4737,24.3955,24.5404,23.7733,24.3468,843716
4738,24.3468,25.083,23.4068,24.7932,745460
4739,24.7932,25.7707,24.487,25.6525,743170
4740,25.6525,25.7037,24.8895,25.0725,408925
4741,25.0725,25.9038,24.0113,24.4993,461851
4742,24.4993,24.6972,24.3961,24.5227,721186
4743,24.5227,24.5637,22.8609,23.1722,317795
4744,23.1722,23.7456,22.3575,22.8871,663968
4745,22.8871,23.2632,19.3211,20.2705,487181
4746,20.2705,21.1059,19.0618,19.989,505326
4747,19.989,20.7476,19.3949,20.0226,315467
4748,20.0226,20.3423,18.575,18.6005,412045
4749,18.6005,19.0929,18.4757,18.9318,710958
4750,18.9318,20.1579,18.8609,19.8992,557252
4751,19.8992,20.5477,18.9519,19.9718,590232
4752,19.9718,21.2484,19.57,20.4973,440389
4753,20.4973,22.7447,20.328,22.7121,439939
4754,22.7121,23.8835,22.5236,23.8777,734315
4755,23.8777,23.9476,22.1605,23.6505,515644
4756,23.6505,26.6305,23.4261,25.9574,284263
4757,25.9574,26.1611,23.7083,24.1566,339040
4758,24.1566,25.4268,23.4581,23.6567,133726
4759,23.6567,24.2066,22.1224,23.0456,107445
4760,23.0456,25.4754,22.6381,25.1498,479998
4761,25.1498,26.4821,24.5829,26.2405,708788
4762,26.2405,27.6784,26.063,27.0912,621110
4763,27.0912,27.5769,25.0157,25.6017,617619
4764,25.6017,26.1633,24.8562,25.019,334114
4765,25.019,26.2215,24.5707,25.1056,722849
4766,25.1056,25.4144,24.0184,24.0254,555090
4767,24.0254,24.4963,23.6095,24.094,342660
4768,24.094,24.6354,22.2206,23.373,200697
4769,23.373,24.2817,22.8027,22.8686,903480
4770,22.8686,23.2507,21.1958,21.6335,508161
4771,21.6335,21.8588,20.7464,21.7918,963869
4772,21.7918,22.6697,21.346,21.4283,781803
4773,21.4283,23.1988,21.2916,22.4134,131603
4774,22.4134,22.5293,20.4105,20.732,553489
4775,20.732,20.7581,19.7392,20.3691,498868
4776,20.3691,20.442,19.0916,20.4212,300200
4777,20.4212,21.0299,20.3835,20.5232,846460
4778,20.5232,21.1827,18.9893,19.4332,644538
4779,19.4332,19.6036,18.77,19.0824,843314
4780,19.0824,20.006,17.943,18.886,267660
4781,18.886,19.4499,18.8585,19.2576,135567
4782,19.2576,19.9141,18.53,19.8593,253347
4783,19.8593,22.0833,19.2449,21.3099,420489
4784,21.3099,21.3688,20.2631,20.2775,782165
4785,20.2775,20.6587,19.9966,20.5897,854979
4786,20.5897,20.679,18.5283,19.1672,243604
4787,19.1672,19.7976,17.5794,17.9648,153547
4788,17.9648,18.6526,16.6785,16.7535,188911
4789,16.7535,16.9622,16.3796,16.3822,519054
4790,16.3822,17.0777,14.7035,15.129,527202
4791,15.129,16.5551,14.5949,15.0288,284217
4792,15.0288,15.1176,13.8703,14.0514,546408
4793,14.0514,14.3175,13.7871,13.8838,901066
4794,13.8838,14.8559,13.6087,14.6444,477294
4795,14.6444,16.6958,14.3346,16.107,444314
4796,16.107,17.0086,15.7893,16.3153,293601
4797,16.3153,16.36,15.1326,15.7537,252851
4798,15.7537,16.9263,15.6387,16.6639,131633
4799,16.6639,17.1505,15.1331,15.2231,472694
4800,15.2231,17.7595,14.7335,17.3308,276934
4801,17.3308,18.7801,16.7728,18.6093,644423
4802,18.6093,18.8997,18.5672,18.6793,319055
4803,18.6793,19.4531,17.671,17.7831,515255
4804,17.7831,17.9452,17.5905,17.734,777371
4805,17.734,18.9223,17.6055,18.8041,586482
4806,18.8041,19.3167,18.7052,19.2105,558384
4807,19.2105,20.7863,18.8902,20.3025,122456
4808,20.3025,20.5148,19.9124,20.3202,929844
4809,20.3202,21.3784,19.8382,20.5626,199863
4810,20.5626,21.014,16.2377,17.0255,967971
4811,17.0255,17.0346,16.8986,16.9147,148414
4812,16.9147,18.5885,16.7882,17.6635,783618
4813,17.6635,18.5101,16.9325,17.193,229802
4814,17.193,17.2457,16.7557,16.8263,408089
4815,16.8263,17.7687,16.817,17.1194,759311
4816,17.1194,17.8655,16.252,16.5664,625006
4817,16.5664,17.4421,15.7668,15.9347,262265
4818,15.9347,16.1881,14.622,14.8512,264368
4819,14.8512,15.2137,13.3245,14.2633,523292
4820,14.2633,16.021,13.997,15.5286,836507
4821,15.5286,15.6371,15.2239,15.4875,953216
4822,15.4875,15.7073,14.9719,15.3892,586044
4823,15.3892,15.6877,14.8743,15.5988,199396
4824,15.5988,17.0015,15.426,16.4055,929968
4825,16.4055,18.4168,15.9127,17.9276,781703
4826,17.9276,18.0788,17.0052,17.6713,582274
4827,17.6713,17.9662,15.7697,16.6935,982598
4828,16.6935,17.711,16.4618,17.592,517248
4829,17.592,19.7817,17.196,19.7757,510567
4830,19.7757,20.5981,19.6517,19.7747,494489
4831,19.7747,20.9181,18.0312,18.2695,129276
4832,18.2695,18.5194,17.2643,18.1993,217566
4833,18.1993,18.2567,17.2516,17.9236,787682
4834,17.9236,19.6348,17.5755,18.8535,948148
4835,18.8535,19.9161,18.8213,19.2633,277642
4836,19.2633,19.4297,18.4228,18.7442,586299
4837,18.7442,18.7688,17.8189,17.9516,241948
4838,17.9516,18.1626,16.5752,17.8552,469196
4839,17.8552,18.1736,17.7416,17.7571,159326
4840,17.7571,18.1702,16.9069,17.6208,542501
4841,17.6208,18.2525,16.5461,18.1462,101341
4842,18.1462,18.4343,17.8078,18.3432,154863
4843,18.3432,19.6141,18.3397,19.5452,742885
4844,19.5452,20.6793,19.3341,20.3757,200106
4845,20.3757,21.5984,19.5947,21.5801,999345
4846,21.5801,21.7622,20.6502,20.8241,818489
4847,20.8241,23.4682,20.5336,23.2878,777671
4848,23.2878,23.9315,21.8257,22.4922,224977
4849,22.4922,22.5327,20.1307,20.1632,578739
4850,20.1632,20.2809,18.0472,18.844,766011
4851,18.844,19.1782,17.3271,18.1119,370181
4852,18.1119,19.3368,17.6053,17.6902,948522
4853,17.6902,19.0008,17.307,18.5326,320449
4854,18.5326,19.7002,18.1797,18.6293,834342
4855,18.6293,19.918,18.4775,19.8144,206866
4856,19.8144,20.5935,18.5788,19.1211,957783
4857,19.1211,19.623,18.7976,19.5116,695937
4858,19.5116,19.963,18.7584,18.9219,333224
4859,18.9219,18.9285,16.8161,17.2344,975500
4860,17.2344,17.3792,16.6757,17.0355,863077
4861,17.0355,18.0184,16.8699,17.9825,471585
4862,17.9825,19.0762,17.9,18.6435,949104
4863,18.6435,18.8803,17.3712,18.0501,876907
4864,18.0501,18.3079,17.1637,17.2812,148301
4865,17.2812,17.8876,16.6946,17.7896,829101
4866,17.7896,17.9582,16.1058,16.7048,182441
4867,16.7048,16.7543,14.1111,14.4558,636817
4868,14.4558,14.5962,12.1682,13.4734,234362
4869,13.4734,14.0739,12.8951,13.8993,163025
4870,13.8993,13.9329,13.2302,13.672,222348
4871,13.672,15.0777,13.459,13.9845,380415
4872,13.9845,14.3224,13.3805,13.4879,996171
4873,13.4879,14.3641,13.3678,14.3185,794430
4874,14.3185,15.2971,14.1244,14.6943,398814
4875,14.6943,14.9249,12.5912,13.2424,807671
4876,13.2424,13.6973,12.6369,12.7103,116109
4877,12.7103,13.6207,11.5466,11.6421,518183
4878,11.6421,11.8879,11.4927,11.8093,483823
4879,11.8093,12.2579,11.2464,12.2268,512453
4880,12.2268,13.0146,11.6198,11.7682,771073
4881,11.7682,14.338,11.1998,13.0574,932707
4882,13.0574,14.6423,12.8522,14.2253,212584
4883,14.2253,14.5493,13.31,13.7842,547982
4884,13.7842,14.5377,13.2306,13.5887,301949
4885,13.5887,15.3908,12.8722,14.424,380850
4886,14.424,14.6284,12.2451,13.5575,374915
4887,13.5575,14.0534,12.1809,13.8025,866917
4888,13.8025,15.1841,12.9141,14.8964,122637
4889,14.8964,15.2086,13.6609,14.2484,769169
4890,14.2484,14.5371,14.0076,14.299,758700
4891,14.299,14.3136,13.6713,13.7319,479670
4892,13.7319,15.5173,13.7034,15.0046,252169
4893,15.0046,16.8776,15.0037,16.569,512962
4894,16.569,17.0477,15.9029,16.0495,988179
4895,16.0495,16.1066,13.9719,14.1142,415974
4896,14.1142,14.2741,12.6864,13.166,237378
4897,13.166,16.1728,12.4951,15.1279,497736
4898,15.1279,16.1057,14.7372,14.7508,497798
4899,14.7508,15.5527,14.3468,15.2415,846882
4900,15.2415,15.5851,13.8882,14.4481,675200
4901,14.4481,14.5523,14.0351,14.2722,559233
4902,14.2722,14.8468,14.1948,14.197,371203
4903,14.197,14.9341,13.5967,14.6439,376839
4904,14.6439,14.8274,12.7784,13.2663,765028
4905,13.2663,13.4652,12.6872,12.8511,811566
4906,12.8511,13.472,12.6947,13.1238,764429
4907,13.1238,13.4927,12.268,12.5419,972906
4908,12.5419,12.7576,11.924,12.2635,354749
4909,12.2635,13.7489,11.6299,12.9737,543751
4910,12.9737,14.1196,12.3781,13.9075,578076
4911,13.9075,13.9156,13.66,13.8383,302812
4912,13.8383,14.228,12.4109,13.2021,550398
4913,13.2021,15.075,13.1025,14.3917,349504
4914,14.3917,14.5885,12.5939,13.1822,993765
4915,13.1822,13.7451,10.5603,11.5223,834902
4916,11.5223,12.0607,11.5083,11.7443,244898
4917,11.7443,12.6656,11.5202,12.3666,821932
4918,12.3666,12.7541,10.7745,11.6934,206617
4919,11.6934,11.9439,10.9674,10.9906,103772
4920,10.9906,11.543,9.5712,9.7663,190432
4921,9.7663,10.7727,8.4016,9.5118,282372
4922,9.5118,12.1837,9.2154,11.468,194531
4923,11.468,11.7763,8.9051,9.6956,144548
4924,9.6956,10.0356,7.9416,8.1558,944522
4925,8.1558,9.8008,7.9097,8.7153,196244
4926,8.7153,9.0998,7.9442,8.7937,630724
4927,8.7937,8.9449,6.6226,7.3721,194466
4928,7.3721,8.5978,7.0102,8.2594,934581
4929,8.2594,9.5997,7.9793,8.4166,776130
4930,8.4166,8.9813,6.9627,7.1498,188669
4931,7.1498,7.9243,5.3858,5.9946,395791
4932,5.9946,6.04,4.5417,4.5934,208432
4933,4.5934,5.4021,4.4914,4.886,735551
4934,4.886,7.2177,4.7257,6.098,602300
4935,6.098,6.9494,5.2025,5.2437,223841
4936,5.2437,6.0719,5.063,5.2319,743552
4937,5.2319,5.4732,2.7755,2.8684,721233
4938,2.8684,3.5437,2.4241,3.014,978353
4939,3.014,5.0826,2.558,4.2083,629270
4940,4.2083,4.5876,2.337,2.366,541369
4941,2.366,3.0767,2.1761,2.8484,502667
4942,2.8484,4.3283,2.3636,3.4566,909703
4943,3.4566,5.2834,2.7407,5.2442,744686
4944,5.2442,5.5551,4.4616,4.8083,880418
4945,4.8083,4.8086,4.2039,4.636,363844
4946,4.636,4.7166,3.1686,3.4255,888705
4947,3.4255,4.0721,3.2017,4.0054,134246
4948,4.0054,4.6839,3.0878,3.1163,787076
4949,3.1163,3.4242,1.2348,1.2794,117930
4950,1.2794,2.9962,0.5606,2.7584,420856
4951,2.7584,3.0538,1.3213,1.3463,922951
4952,1.3463,3.8407,0.722,3.2925,889724
4953,3.2925,4.1887,3.2074,3.8456,905184
4954,3.8456,4.0664,1.499,1.9429,103970
4955,1.9429,2.7261,1.0292,2.5725,959492
4956,2.5725,5.179,1.8861,4.6722,903509
4957,4.6722,6.5574,4.4471,5.7487,658002
4958,5.7487,6.1851,3.7845,4.2752,359702
4959,4.2752,5.4688,4.2619,5.002,921587
4960,5.002,5.1914,4.3262,5.1429,828540
4961,5.1429,5.8858,5.1051,5.4845,431470
4962,5.4845,6.5567,5.2383,6.0441,428255
4963,6.0441,7.0822,5.7278,6.4911,741623
4964,6.4911,7.05,5.7492,7.027,942146
4965,7.027,7.7764,6.8163,7.4997,393266
4966,7.4997,7.9396,6.4309,7.3629,348523
4967,7.3629,7.3661,6.0073,6.5876,838236
4968,6.5876,7.0396,6.273,6.5411,963240
4969,6.5411,6.8816,5.7911,6.2203,922954
4970,6.2203,8.1129,5.8162,7.6317,168724
4971,7.6317,7.815,6.4316,6.5259,633047
4972,6.5259,6.5814,5.4396,6.0238,188616
4973,6.0238,6.2445,5.2133,5.6478,786184
4974,5.6478,5.8595,3.9993,4.5141,304374
4975,4.5141,4.7072,3.9626,4.085,764331
4976,4.085,4.9429,2.9948,3.0446,480566
4977,3.0446,3.1089,2.1687,2.5077,124584
4978,2.5077,3.6169,1.6108,3.3476,517460
4979,3.3476,4.0387,2.1628,2.1797,995417
4980,2.1797,2.1892,0.4627,1.0354,750394
4981,1.0354,1.8413,0.9094,1.2766,114351
4982,1.2766,2.1634,0.7797,1.951,839204
4983,1.951,3.0865,1.7015,2.5882,262961
4984,2.5882,4.1898,2.3902,3.578,399097
4985,3.578,4.2037,2.1897,3.7071,904152
4986,3.7071,3.9431,2.6577,3.2121,370231
4987,3.2121,4.3548,3.2118,4.2078,687432
4988,4.2078,4.5957,3.9705,4.3516,530411
4989,4.3516,6.4718,4.229,6.0808,753966
4990,6.0808,7.451,5.9763,6.9558,475812
4991,6.9558,8.3535,6.8328,7.8338,749832
4992,7.8338,9.3873,7.2473,9.036,465793
4993,9.036,9.1452,8.8261,8.9192,570983
4994,8.9192,11.742,8.4509,11.1508,258728
4995,11.1508,11.9677,10.4836,10.5501,412167
4996,10.5501,11.1523,9.6892,9.7861,850819
4997,9.7861,10.504,9.059,9.9424,961293
4998,9.9424,10.4005,8.3032,9.17,486157
4999,9.17,9.2365,8.9027,9.1638,389502
5000,9.1638,11.306,8.9125,10.5287,550172
5001,10.5287,11.7939,10.3253,11.396,492700
5002,11.396,12.7372,11.033,12.046,124859
5003,12.046,13.1773,11.8558,12.6434,289052
5004,12.6434,13.9272,12.0952,13.1478,509897
5005,13.1478,13.4118,12.6105,13.243,232502
5006,13.243,16.062,12.7313,15.3875,852324
5007,15.3875,16.7235,14.7057,16.0878,971840
5008,16.0878,16.4077,15.9018,16.1728,801494
5009,16.1728,18.1752,15.8865,17.309,853434
5010,17.309,18.4272,16.9493,17.904,129143
5011,17.904,18.3232,17.3186,18.1144,286597
5012,18.1144,18.9074,17.8679,18.7125,126629
5013,18.7125,19.6185,18.0834,19.1511,594633
5014,19.1511,20.2995,18.0497,18.8371,339526
5015,18.8371,19.1935,18.4101,18.4941,591730
5016,18.4941,18.8645,17.7803,18.1831,895184
5017,18.1831,19.4435,18.1123,18.3173,931465
5018,18.3173,19.1353,17.6424,17.9332,899355
5019,17.9332,19.0269,16.9056,16.9907,266274
5020,16.9907,17.7957,16.7168,17.6334,925138
5021,17.6334,17.8824,16.4358,17.1245,243918
5022,17.1245,18.4074,16.5918,18.3105,980999
5023,18.3105,18.4259,18.1991,18.3998,767289
5024,18.3998,19.6842,17.9568,19.6668,154779
5025,19.6668,21.1512,18.5513,20.6809,392544
5026,20.6809,20.7919,18.4358,18.7694,644240
5027,18.7694,20.4091,18.1873,19.8523,586826
5028,19.8523,20.7588,19.237,19.7886,206085
5029,19.7886,20.0887,17.7878,19.0848,606891
5030,19.0848,20.1211,18.9735,19.8874,487402
5031,19.8874,20.1295,18.8597,19.0094,876711
5032,19.0094,19.9472,18.8704,19.5451,979507
5033,19.5451,19.7513,18.8734,18.8779,121055
5034,18.8779,18.9789,16.9643,17.5492,591518
5035,17.5492,17.5846,17.5073,17.5255,778183
5036,17.5255,17.5852,14.2553,14.3414,140135
5037,14.3414,15.9732,13.3313,15.9223,859998
5038,15.9223,17.7038,15.753,17.4547,794482
5039,17.4547,19.3719,16.483,18.8813,314376
5040,18.8813,19.2604,18.096,18.1747,615180
5041,18.1747,18.9492,17.8024,18.8722,273185
5042,18.8722,18.8878,18.267,18.3222,250995
5043,18.3222,18.4347,17.7443,18.1418,824824
5044,18.1418,18.8922,15.0,16.1184,202169
5045,16.1184,16.8922,15.8849,16.6549,746122
5046,16.6549,17.7017,16.4399,17.4155,464338
5047,17.4155,17.4326,15.4284,16.1445,287336
5048,16.1445,16.4443,14.7637,15.5747,273473
5049,15.5747,17.4244,15.3399,16.5952,484079
5050,16.5952,17.5839,16.567,16.9637,412137
5051,16.9637,17.5852,16.7808,16.9373,848487
5052,16.9373,17.1383,15.722,16.5332,181419
5053,16.5332,16.9018,16.3765,16.7837,453539
5054,16.7837,17.359,14.768,15.145,653309
5055,15.145,15.698,15.1182,15.6227,278279
5056,15.6227,17.2197,15.5718,16.7928,434525
5057,16.7928,18.8776,16.2913,17.9585,880267
5058,17.9585,19.2639,17.4581,18.8548,911518
5059,18.8548,20.0787,17.0423,17.2601,455970
5060,17.2601,17.8877,17.0943,17.5674,533455
5061,17.5674,18.1837,16.6447,17.6809,346662
5062,17.6809,17.9906,16.3308,17.0054,557826
5063,17.0054,17.856,16.1381,17.6679,731097
5064,17.6679,19.3834,17.3331,18.9769,503711
5065,18.9769,19.116,18.7121,19.0008,767644
5066,19.0008,19.3878,18.6657,18.7472,887103
5067,18.7472,19.0701,18.6135,18.6636,721974
5068,18.6636,18.962,17.9573,18.3177,386015
5069,18.3177,19.1084,17.6865,18.1088,194560
5070,18.1088,19.1978,17.1522,19.1241,565682
5071,19.1241,19.5245,16.7737,17.0398,519523
5072,17.0398,17.6506,16.9605,17.1729,767124
5073,17.1729,17.7629,16.6503,17.5406,737376
5074,17.5406,18.2605,16.6468,18.2359,389202
5075,18.2359,20.2136,17.5489,19.8457,972214
5076,19.8457,20.0483,18.3734,18.9652,543374
5077,18.9652,19.2613,17.5177,17.6769,288072
5078,17.6769,17.7066,16.7894,17.0933,630611
5079,17.0933,17.2605,15.7848,16.2198,151443
5080,16.2198,17.7258,15.5504,17.2992,698960
5081,17.2992,18.1755,16.9643,18.0759,553110
5082,18.0759,18.2507,16.6773,17.4735,577364
5083,17.4735,18.62,17.0403,18.072,493518
5084,18.072,18.1451,17.6625,17.9217,809682
5085,17.9217,19.1722,17.7144,19.105,626050
5086,19.105,19.6243,18.7334,19.4147,295035
5087,19.4147,20.7997,19.3982,19.7985,627042
5088,19.7985,19.9423,19.1343,19.3911,265210
5089,19.3911,20.0684,17.946,18.4022,816232
5090,18.4022,18.8689,18.0026,18.2086,781239
5091,18.2086,19.3329,17.9027,19.2948,784431
5092,19.2948,19.8227,18.5947,19.0854,181575
5093,19.0854,21.0546,19.0746,20.758,358726
5094,20.758,22.1583,20.4592,21.5571,809254
5095,21.5571,22.006,19.6634,20.4069,499045
5096,20.4069,21.9039,20.03,21.569,336048
5097,21.569,22.4155,20.8872,22.0156,425175
5098,22.0156,22.0794,19.6667,19.8413,852358
5099,19.8413,19.9189,19.7012,19.724,763591
5100,19.724,20.4196,19.5459,20.1159,433661
5101,20.1159,21.2005,19.8368,20.5387,517312
5102,20.5387,21.7399,20.1913,21.1677,444089
5103,21.1677,21.4826,20.0368,21.477,229209
5104,21.477,21.6143,20.9606,20.9728,459976
5105,20.9728,21.6378,19.127,19.1367,149403
5106,19.1367,20.1355,17.0971,17.2513,451830
5107,17.2513,18.091,17.1844,17.4923,615198
5108,17.4923,17.5343,17.133,17.4388,344239
5109,17.4388,19.5192,16.905,19.0174,705967
5110,19.0174,19.2942,16.3913,17.3574,278404
5111,17.3574,17.3996,16.5846,17.2237,354802
5112,17.2237,17.6692,16.3929,16.6882,223495
5113,16.6882,17.0466,16.0633,16.8293,358934
5114,16.8293,18.8585,16.6616,18.5733,260809
5115,18.5733,18.773,15.9264,16.4892,478200
5116,16.4892,16.5998,16.2607,16.3228,872787
5117,16.3228,16.8864,16.1391,16.5191,140502
5118,16.5191,17.9588,15.998,17.868,162515
5119,17.868,18.2706,16.9017,17.4398,998204
5120,17.4398,17.7399,16.8602,17.3612,653946
5121,17.3612,18.0693,16.9371,17.678,358328
5122,17.678,19.6468,17.2572,19.5643,794346
5123,19.5643,20.873,19.4753,20.5982,802814
5124,20.5982,21.6698,20.0333,21.5013,449849
5125,21.5013,22.1508,21.1555,21.4562,886731
5126,21.4562,21.5245,20.971,21.4465,302855
5127,21.4465,21.9702,21.311,21.7431,719392
5128,21.7431,22.0233,21.1041,21.637,760547
5129,21.637,22.3605,21.4492,21.489,405013
5130,21.489,21.9425,21.4762,21.4786,897072
5131,21.4786,21.6161,18.8686,19.0963,350674
5132,19.0963,20.2707,18.4945,19.9816,114403
5133,19.9816,21.0045,19.8673,20.3744,335665
5134,20.3744,21.9708,20.1865,21.5882,861786
5135,21.5882,22.2015,20.3588,20.508,960566
5136,20.508,21.9674,20.4513,21.5697,511332
5137,21.5697,21.8641,20.2703,20.799,686642
5138,20.799,21.434,19.705,20.5116,330766
5139,20.5116,20.8,19.3364,19.5488,310456
5140,19.5488,20.408,18.3542,18.6541,968208
5141,18.6541,20.293,18.4964,19.9926,435490
5142,19.9926,20.6736,19.6295,19.7048,130202
5143,19.7048,20.9278,19.436,20.7263,858810
5144,20.7263,21.3281,20.4082,20.4502,401069
5145,20.4502,21.1355,19.723,19.981,361050
5146,19.981,20.0257,18.6273,19.1406,894072
5147,19.1406,21.4596,19.0883,21.2372,340308
5148,21.2372,22.5161,20.9657,21.9849,290146
5149,21.9849,22.4208,20.7873,20.8408,464096
5150,20.8408,21.1586,19.6615,20.6576,208218
5151,20.6576,21.3679,20.4488,21.238,871859
5152,21.238,22.7854,20.8585,22.1771,798491
5153,22.1771,22.7421,20.1949,20.8841,487817
5154,20.8841,21.4802,20.0564,21.3117,708627
5155,21.3117,21.5669,20.9785,21.4225,473239
5156,21.4225,21.855,20.5601,21.5465,726738
5157,21.5465,22.491,20.2746,20.8476,459824
5158,20.8476,20.8697,20.3865,20.8208,994831
5159,20.8208,20.9153,20.5252,20.728,224245
5160,20.728,21.0923,19.3037,19.982,152814
5161,19.982,20.4961,19.1342,19.2142,590558
5162,19.2142,19.867,17.0552,17.5203,126765
5163,17.5203,17.7241,16.8466,17.0228,786705
5164,17.0228,18.2948,16.4214,17.1654,906682
5165,17.1654,17.8452,16.9241,17.8149,790063
5166,17.8149,18.5053,16.5477,16.5867,705613
5167,16.5867,16.8388,15.3179,15.4537,238526
5168,15.4537,16.2627,14.2123,15.8802,792517
5169,15.8802,16.3443,15.1909,15.9834,929849
5170,15.9834,17.7721,15.7869,16.8636,377164
5171,16.8636,17.3717,16.7519,16.7842,746166
5172,16.7842,17.6632,16.3704,17.0233,698381
5173,17.0233,17.4805,16.8572,17.4438,372238
5174,17.4438,18.1206,14.9068,14.9512,117349
5175,14.9512,15.7972,14.2031,14.6033,124105
5176,14.6033,14.8332,13.7222,13.937,655237
5177,13.937,14.8793,13.5504,14.392,646532
5178,14.392,15.4024,12.7612,14.4017,308800
5179,14.4017,16.2365,14.2483,15.806,830550
5180,15.806,17.8196,14.9796,17.5359,724364
5181,17.5359,17.887,17.4974,17.709,524328
5182,17.709,17.7427,17.1878,17.2286,670615
5183,17.2286,18.1043,17.1853,17.9906,894725
5184,17.9906,19.4578,17.8177,18.4747,782761
5185,18.4747,18.9956,18.2514,18.8848,795158
5186,18.8848,19.529,17.9172,18.2661,911127
5187,18.2661,18.4482,16.8312,18.0154,797239
5188,18.0154,18.1631,17.9052,18.0373,639169
5189,18.0373,19.4094,17.0445,18.8229,283228
5190,18.8229,19.987,18.7714,19.3665,565823
5191,19.3665,22.1699,19.0966,21.4102,235200
5192,21.4102,22.2569,20.3685,21.6462,595241
5193,21.6462,22.3442,20.1706,20.6491,393624
5194,20.6491,21.343,18.7394,18.9817,117316
5195,18.9817,20.1731,18.5823,19.6976,608452
5196,19.6976,20.0508,18.8264,19.2621,348049
5197,19.2621,20.655,18.6692,20.3713,201099
5198,20.3713,21.8529,19.7491,20.9946,872721
5199,20.9946,22.0279,20.9257,21.53,129784
5200,21.53,21.7026,21.4617,21.6412,662410
5201,21.6412,21.8339,19.7344,20.2735,479151
5202,20.2735,20.7574,16.3326,17.2469,352549
5203,17.2469,18.4867,16.7135,17.6031,677732
5204,17.6031,18.8923,17.0783,18.5864,839188
5205,18.5864,18.5917,18.1248,18.4784,365711
5206,18.4784,20.3335,17.8555,19.9487,368430
5207,19.9487,20.3534,19.337,19.418,181022
5208,19.418,20.6445,18.8562,19.524,512676
5209,19.524,19.8469,18.9768,19.5294,464562
5210,19.5294,19.8455,18.1161,18.8297,324933
5211,18.8297,19.4214,16.5014,17.6204,364279
5212,17.6204,17.8206,17.4321,17.6312,788369
5213,17.6312,17.7673,17.0488,17.5228,482422
5214,17.5228,18.9502,17.5212,18.7471,579509
5215,18.7471,18.9243,17.1541,17.8584,973807
5216,17.8584,18.5153,16.6496,17.3173,344779
5217,17.3173,18.5899,17.036,18.1734,745164
5218,18.1734,19.4771,17.9981,18.9165,565993
5219,18.9165,19.6949,17.0719,18.6554,964657
5220,18.6554,20.651,18.5164,20.6342,462908
5221,20.6342,20.8302,18.448,18.9508,626776
5222,18.9508,19.4045,18.2808,18.76,610252
5223,18.76,18.8663,15.7439,16.5688,221399
5224,16.5688,16.9346,15.039,15.1591,644348
5225,15.1591,15.3554,14.1137,14.7026,109971
5226,14.7026,15.6109,14.6058,15.4425,508334
5227,15.4425,16.9213,14.9744,16.6449,439259
5228,16.6449,19.6276,16.5438,18.5383,953184
5229,18.5383,18.7801,17.6351,18.2198,956214
5230,18.2198,18.5522,17.4225,17.5263,776346
5231,17.5263,18.5227,16.8494,17.3355,739104
5232,17.3355,18.3503,17.2378,18.0435,924728
5233,18.0435,18.2144,17.2578,17.2691,143970
5234,17.2691,19.3481,16.9753,18.4894,905691
5235,18.4894,18.8694,18.3006,18.6626,270639
5236,18.6626,19.8471,18.4532,19.8281,991937
5237,19.8281,19.8983,19.2989,19.6285,144703
5238,19.6285,20.3959,19.0267,19.1291,936951
5239,19.1291,20.5179,19.1256,19.9658,813168
5240,19.9658,20.0065,18.8578,19.5925,867616
5241,19.5925,21.2955,19.2701,20.7073,206387
5242,20.7073,20.967,19.5571,20.4329,546135
5243,20.4329,21.832,20.1763,21.2513,632293
5244,21.2513,21.9476,20.9277,21.1072,849540
5245,21.1072,21.304,20.4025,20.6677,221889
5246,20.6677,21.043,18.114,18.3569,972658
5247,18.3569,18.4931,17.9702,18.1563,308914
5248,18.1563,19.5031,17.9105,18.9827,483963
5249,18.9827,19.5489,17.3102,17.5897,915169
5250,17.5897,18.4915,16.3995,17.0488,611546
5251,17.0488,18.8882,15.8258,18.7622,130559
5252,18.7622,19.2414,17.4048,17.4418,580553
5253,17.4418,17.8933,17.2382,17.7482,941718
5254,17.7482,18.2341,16.9538,17.1165,190453
5255,17.1165,17.2232,15.5461,15.8315,788033
5256,15.8315,16.4491,15.3893,15.7527,794119
5257,15.7527,15.8678,15.7371,15.8207,541677
5258,15.8207,18.4052,15.6156,18.1882,302984
5259,18.1882,18.9228,17.9559,18.7782,464233
5260,18.7782,19.3618,17.9945,18.0413,546281
5261,18.0413,18.1934,17.3341,17.7971,303180
5262,17.7971,18.3581,17.4049,17.7422,696916
5263,17.7422,18.3522,17.3927,18.2925,852242
5264,18.2925,19.6566,18.1821,19.4997,278448
5265,19.4997,19.5336,18.4091,18.8165,265463
5266,18.8165,19.4834,17.2063,19.0274,347555
5267,19.0274,19.2281,17.4317,17.8292,488126
5268,17.8292,19.0147,17.3935,17.8296,474384
5269,17.8296,18.5818,16.7014,18.3233,896369
5270,18.3233,18.5248,17.6042,18.1307,389217
5271,18.1307,19.0397,17.9708,18.3652,979711
5272,18.3652,18.7369,16.0857,16.9921,977489
5273,16.9921,18.7065,16.6994,18.2943,584391
5274,18.2943,18.5206,17.8243,18.148,445173
5275,18.148,18.4428,17.898,18.4184,418615
5276,18.4184,18.8794,17.2375,17.2417,767788
5277,17.2417,18.1418,16.5925,17.0019,334514
5278,17.0019,18.8525,16.3209,18.7151,702169
5279,18.7151,19.4665,18.5785,18.7256,542707
5280,18.7256,18.8843,18.552,18.5794,110177
5281,18.5794,19.5678,18.1488,18.6286,903509
5282,18.6286,18.9948,18.3585,18.6969,116537
5283,18.6969,19.4712,18.5465,18.7921,260389
5284,18.7921,18.8291,17.4678,17.572,288105
5285,17.572,18.1476,16.2169,16.3051,135915
5286,16.3051,17.4121,14.5812,14.677,589589
5287,14.677,15.3969,12.1803,12.7124,118937
5288,12.7124,13.2988,11.3907,11.6026,236396
5289,11.6026,12.2187,10.3089,11.0067,443922
5290,11.0067,13.5497,10.2723,13.2698,285981
5291,13.2698,13.8326,13.2213,13.4805,149944
5292,13.4805,14.017,11.6052,12.957,369982
5293,12.957,14.1306,12.7915,13.6522,791759
5294,13.6522,13.7864,13.5761,13.6372,747850
5295,13.6372,13.9895,12.0693,12.7301,136923
5296,12.7301,12.8372,12.2419,12.4678,729362
5297,12.4678,14.5899,12.1586,14.0644,981173
5298,14.0644,14.199,12.6472,12.7987,279722
5299,12.7987,13.3654,12.6218,13.1453,401757
5300,13.1453,13.5118,12.6966,13.4388,142341
5301,13.4388,14.3949,13.3408,13.9636,634599
5302,13.9636,14.7714,13.7248,14.428,509339
5303,14.428,15.7854,12.9656,13.2277,640557
5304,13.2277,13.9772,13.2167,13.9189,529666
5305,13.9189,14.6989,13.4648,13.6955,962721
5306,13.6955,15.8153,13.4806,15.238,902541
5307,15.238,16.6631,15.0764,15.5546,775643
5308,15.5546,15.7568,14.5026,15.3052,840586
5309,15.3052,15.6598,13.3892,13.8527,813404
5310,13.8527,14.4339,11.7188,13.3687,219043
5311,13.3687,13.5762,12.5473,12.7375,930564
5312,12.7375,13.6307,10.4484,11.4836,224081
5313,11.4836,12.0287,10.1735,10.2569,537545
5314,10.2569,11.2696,10.0705,10.757,294473
5315,10.757,11.0841,9.5396,9.9837,454033
5316,9.9837,12.0687,9.8542,11.5838,490575
5317,11.5838,11.8913,11.459,11.8834,178957
5318,11.8834,12.1466,9.5176,9.8097,107212
5319,9.8097,9.8805,8.9004,9.3227,633128
5320,9.3227,9.4962,8.2837,8.2963,766701
5321,8.2963,8.5094,7.4876,7.9395,405069
5322,7.9395,9.2895,7.1484,8.968,514061
5323,8.968,9.3747,7.8975,8.1942,200902
5324,8.1942,8.3843,7.5181,7.7773,453180
5325,7.7773,9.5322,7.5353,9.289,970307
5326,9.289,10.0495,8.5422,9.5154,543697
5327,9.5154,9.9382,8.7373,9.2681,631482
5328,9.2681,9.5537,6.3181,6.6506,772449
5329,6.6506,7.5361,6.5522,7.4415,562415
5330,7.4415,8.3778,7.3777,8.3135,604953
5331,8.3135,8.9727,7.78,8.0479,290225
5332,8.0479,9.5364,7.4151,8.8066,785880
5333,8.8066,9.1114,7.5358,7.9878,717245
5334,7.9878,8.3323,6.517,6.9874,545537
5335,6.9874,7.457,5.2645,6.5817,467549
5336,6.5817,7.1393,5.6931,6.7819,378637
5337,6.7819,7.0351,5.5307,5.8172,238837
5338,5.8172,8.7235,5.2837,7.7296,114431
5339,7.7296,9.1656,7.1831,8.3186,124455
5340,8.3186,9.0092,8.0822,8.7744,103931
5341,8.7744,9.0466,7.2239,7.3678,547345
5342,7.3678,7.8037,6.7503,7.0421,412174
5343,7.0421,7.1078,6.445,6.7099,167547
5344,6.7099,7.2797,6.2656,7.2666,498103
5345,7.2666,8.0493,6.3196,7.1152,428830
5346,7.1152,7.8641,6.2741,6.7974,724956
5347,6.7974,7.9607,6.0429,7.9167,210797
5348,7.9167,8.6403,7.834,8.4537,678687
5349,8.4537,8.5549,6.1256,7.1602,943056
5350,7.1602,8.9995,6.7438,8.7064,293327
5351,8.7064,9.6177,7.3924,7.703,390042
5352,7.703,8.0088,7.2407,7.485,703497
5353,7.485,7.6414,5.5052,6.2662,144258
5354,6.2662,6.4789,5.9232,6.3324,771482
5355,6.3324,6.4096,5.135,5.2093,319924
5356,5.2093,5.9258,3.9414,3.9683,607295
5357,3.9683,5.2515,3.6292,4.6684,270688
5358,4.6684,5.2892,3.9705,4.9747,643333
5359,4.9747,5.0899,2.8013,3.2335,874549
5360,3.2335,4.2274,3.0951,4.1927,881719
5361,4.1927,5.1782,4.1172,4.9696,941294
5362,4.9696,5.4099,2.7991,3.1373,655580
5363,3.1373,3.3159,2.3153,2.6025,313081
5364,2.6025,3.8475,2.4822,3.5785,748837
5365,3.5785,5.0929,3.2254,4.5557,264124
5366,4.5557,5.108,4.3825,4.7693,992417
5367,4.7693,6.3157,4.6457,6.0396,564639
5368,6.0396,7.905,5.7068,7.8121,367230
5369,7.8121,8.3869,6.0448,7.081,108183
5370,7.081,7.2905,6.3525,6.7492,388973
5371,6.7492,8.8952,6.6534,8.4103,450103
5372,8.4103,8.8753,7.6504,7.926,492775
5373,7.926,8.5743,7.0321,7.41,211885
5374,7.41,10.7706,7.3876,9.8259,809742
5375,9.8259,10.5489,9.3404,10.5156,489246
5376,10.5156,12.552,9.8996,11.9392,922249
5377,11.9392,11.9647,10.584,10.8178,472750
5378,10.8178,13.2545,10.0509,13.1379,130392
5379,13.1379,13.8223,11.2778,11.2927,822389
5380,11.2927,11.9319,11.0411,11.055,147123
5381,11.055,11.1467,10.6341,10.8635,553081
5382,10.8635,11.0992,9.7976,10.4623,176332
5383,10.4623,11.7431,10.355,11.1042,148281
5384,11.1042,11.422,10.054,10.2917,707857
5385,10.2917,11.4754,10.2596,11.0592,485224
5386,11.0592,11.4817,9.6413,9.8727,933403
5387,9.8727,10.8951,9.3568,10.451,320599
5388,10.451,12.8216,9.9422,12.0745,696123
5389,12.0745,12.8331,10.6837,10.8695,959679
5390,10.8695,10.9095,9.4099,9.9233,163876
5391,9.9233,10.0994,8.622,9.2177,287979
5392,9.2177,9.5644,8.3581,8.4079,628367
5393,8.4079,9.3458,8.3993,8.5976,737260
5394,8.5976,8.9669,6.1224,6.6876,169648
5395,6.6876,7.1425,4.8159,5.4144,658198
5396,5.4144,6.1754,5.0163,6.0032,880097
5397,6.0032,6.5181,4.287,4.5325,797569
5398,4.5325,6.651,4.3969,6.3292,218609
5399,6.3292,7.2176,6.1481,6.5595,190759
5400,6.5595,6.6896,5.621,6.2719,941104
5401,6.2719,6.4242,4.2683,4.8534,396589
5402,4.8534,5.1304,1.8672,2.9956,305180
5403,2.9956,4.618,2.7703,4.5388,767181
5404,4.5388,6.5539,4.46,5.5359,223723
5405,5.5359,6.6309,4.4457,6.0041,945142
5406,6.0041,6.2943,4.6832,5.5732,936229
5407,5.5732,6.5319,4.9987,6.1041,542525
5408,6.1041,6.8857,5.3974,6.3907,573719
5409,6.3907,6.9743,5.7079,6.8322,684038
5410,6.8322,7.9575,6.5722,7.2735,975278
5411,7.2735,7.7533,6.2901,7.0263,988704
5412,7.0263,7.7473,6.2641,7.4993,617981
5413,7.4993,7.8107,6.9041,6.914,582832
5414,6.914,7.1859,5.316,5.6061,122051
5415,5.6061,6.1497,4.8192,5.0899,610632
5416,5.0899,5.1847,3.488,3.8012,710443
5417,3.8012,3.8488,2.9897,3.8058,238748
5418,3.8058,4.0049,2.1099,2.2644,855469
5419,2.2644,4.5575,1.8372,4.1823,219167
5420,4.1823,5.0306,3.9252,4.6719,910781
5421,4.6719,5.4266,4.1693,4.5048,549336
5422,4.5048,6.0386,3.9667,4.9526,390226
5423,4.9526,5.4332,4.7234,4.9621,969456
5424,4.9621,4.9966,4.4314,4.9807,105148
5425,4.9807,6.3302,4.521,6.1336,473432
5426,6.1336,7.8943,6.082,7.6324,714964
5427,7.6324,8.0365,6.7186,6.9857,238515
5428,6.9857,8.4667,6.3605,7.6935,334010
5429,7.6935,8.5205,7.2808,7.8592,229348
5430,7.8592,8.1982,7.5853,8.0043,576355
5431,8.0043,11.9487,7.1449,11.0201,852847
5432,11.0201,11.6355,10.1125,11.2043,757170
5433,11.2043,11.5739,8.666,8.794,659989
5434,8.794,9.1057,8.4269,8.9606,924676
5435,8.9606,9.0016,7.5208,7.9346,399506
5436,7.9346,10.1739,7.7283,9.5181,581206
5437,9.5181,10.9931,8.9409,10.8631,291332
5438,10.8631,10.9016,9.6062,9.6741,793142
5439,9.6741,10.3842,7.8993,8.4684,860170
5440,8.4684,8.9276,7.8781,8.6441,538280
5441,8.6441,9.5143,8.4174,9.1329,288770
5442,9.1329,10.0858,8.8784,9.7812,111864
5443,9.7812,9.915,9.4245,9.6598,439876
5444,9.6598,11.4179,9.2666,11.2659,558495
5445,11.2659,12.6305,10.552,12.5637,300494
5446,12.5637,12.58,12.4662,12.5793,403104
5447,12.5793,14.1253,11.8763,13.3796,488976
5448,13.3796,14.1287,12.7756,13.7896,343238
5449,13.7896,14.5276,12.3763,12.7267,181020
5450,12.7267,13.5018,12.3686,12.9269,786435
5451,12.9269,13.2797,12.4755,12.5267,272088
5452,12.5267,12.5817,12.2351,12.3687,186732
5453,12.3687,13.1076,11.7073,12.3139,514248
5454,12.3139,13.4995,11.5203,12.5361,202310
5455,12.5361,13.0959,11.7511,12.1029,918148
5456,12.1029,12.7506,12.0611,12.4594,103324
5457,12.4594,12.5698,10.6371,10.8703,677249
5458,10.8703,11.412,9.5761,10.1261,825382
5459,10.1261,10.7672,9.5214,9.911,297804
5460,9.911,11.6458,9.8153,11.1249,763145
5461,11.1249,11.6093,10.1413,10.3173,249171
5462,10.3173,10.8188,8.3974,8.6731,935282
5463,8.6731,10.1014,7.9459,9.1595,445554
5464,9.1595,9.9768,8.5519,9.6992,691482
5465,9.6992,10.2886,7.7734,8.7516,576667
5466,8.7516,11.4622,8.2243,10.7953,521865
5467,10.7953,10.797,9.663,9.9593,425632
5468,9.9593,10.9717,9.5937,10.7401,660571
5469,10.7401,10.8005,10.3065,10.5591,220165
5470,10.5591,10.8905,10.2109,10.8352,526381
5471,10.8352,11.0167,8.4763,9.7105,895513
5472,9.7105,9.8144,7.6213,8.3682,615887
5473,8.3682,10.3564,8.3253,10.1517,841529
5474,10.1517,10.7041,8.5305,9.0975,664918
5475,9.0975,9.3367,6.8224,7.685,985987
5476,7.685,8.3658,6.7187,7.0981,163541
5477,7.0981,7.8699,6.9665,7.3647,572348
5478,7.3647,9.008,7.2927,7.9839,590181
5479,7.9839,8.0842,7.4533,7.7815,562769
5480,7.7815,8.0938,7.6353,7.9837,544701
5481,7.9837,9.4513,6.9726,9.2159,785895
5482,9.2159,11.5916,8.9988,11.3804,844096
5483,11.3804,11.9534,10.8673,11.5745,572611
5484,11.5745,12.3892,10.5296,11.4988,716723
5485,11.4988,11.669,10.4101,11.039,262366
5486,11.039,11.8466,9.8538,10.1994,642364
5487,10.1994,10.5318,8.718,9.5909,592140
5488,9.5909,11.0363,9.0565,10.6716,810200
5489,10.6716,10.7428,9.219,9.6926,559669
5490,9.6926,10.2988,7.6091,8.2864,683970
5491,8.2864,8.3669,5.4252,6.0697,969151
5492,6.0697,7.4078,6.0124,7.1634,509213
5493,7.1634,8.3594,6.779,7.9371,448860
5494,7.9371,9.2347,7.712,8.9508,347410
5495,8.9508,9.6606,8.1215,8.5523,646724
5496,8.5523,8.6998,7.3155,7.3592,742463
5497,7.3592,8.6359,6.6906,8.4765,876026
5498,8.4765,9.0233,7.4972,8.8177,996889
5499,8.8177,9.5924,7.9711,9.1565,498033
5500,9.1565,9.8079,8.3062,9.753,855877
5501,9.753,10.6158,8.269,8.6303,668913
5502,8.6303,9.5135,7.8543,9.1563,495980
5503,9.1563,10.1987,8.7786,9.9345,656080
5504,9.9345,10.3043,8.2452,8.9767,564920
5505,8.9767,9.3699,8.3196,8.7795,558190
5506,8.7795,9.3834,7.487,9.0449,380226
5507,9.0449,9.5811,7.5664,8.6314,192162
5508,8.6314,9.5507,8.3381,9.3443,683358
5509,9.3443,9.4869,7.9667,9.2042,202447
5510,9.2042,11.3357,8.8445,10.9883,940954
5511,10.9883,11.0298,9.9094,10.6033,890507
5512,10.6033,11.4538,10.4364,10.9363,148093
5513,10.9363,11.7184,10.0457,11.4738,664806
5514,11.4738,11.8475,10.7062,11.1747,337064
5515,11.1747,12.5645,10.8754,12.4676,990708
5516,12.4676,14.8273,11.9921,14.6057,870602
5517,14.6057,16.627,14.2852,16.3642,221241
5518,16.3642,16.7964,16.0458,16.6483,548748
5519,16.6483,17.5052,14.8509,15.5892,429446
5520,15.5892,17.571,15.3048,17.4911,919010
5521,17.4911,18.1355,16.7142,16.7758,965558
5522,16.7758,18.0136,16.4379,17.9622,133971
5523,17.9622,18.0477,16.515,17.5665,695699
5524,17.5665,18.6035,15.451,16.7459,304091
5525,16.7459,17.1375,16.2474,16.9435,162075
5526,16.9435,17.4124,14.9783,15.6503,583789
5527,15.6503,16.0956,13.5479,14.1021,286573
5528,14.1021,14.3977,13.6264,14.2703,523848
5529,14.2703,14.582,13.6597,14.2522,615071
5530,14.2522,16.0944,14.051,15.3981,929420
5531,15.3981,15.4648,13.1525,13.7604,482225
5532,13.7604,14.1836,12.9633,13.1249,953474
5533,13.1249,13.565,12.8641,13.4449,596630
5534,13.4449,14.1748,11.623,12.5705,902116
5535,12.5705,14.5145,12.4474,14.0021,531561
5536,14.0021,14.8172,13.8372,14.7625,631718
5537,14.7625,15.3467,14.2178,15.0392,123247
5538,15.0392,15.7983,15.0233,15.1294,747069
5539,15.1294,16.2095,14.2586,15.8483,973984
5540,15.8483,15.8639,12.8075,12.9271,236406
5541,12.9271,14.4738,12.1111,14.3049,617624
5542,14.3049,14.6048,13.5948,13.9855,837253
5543,13.9855,16.2534,13.5121,15.5499,210802
5544,15.5499,16.1406,14.0338,16.1049,472476
5545,16.1049,16.1652,15.2765,16.1572,923743
5546,16.1572,16.3164,15.2307,16.1299,929547
5547,16.1299,18.1481,15.6063,17.4211,980963
5548,17.4211,18.5866,16.7595,18.5086,135656
5549,18.5086,19.263,18.0236,19.0613,298636
5550,19.0613,19.8754,18.837,19.4615,766332
5551,19.4615,21.6782,19.1261,21.1229,672098
5552,21.1229,21.2058,20.0355,20.537,346913
5553,20.537,21.1778,20.5079,21.1274,156400
5554,21.1274,23.2707,20.6544,23.1036,424446
5555,23.1036,23.694,22.7716,23.5081,199039
5556,23.5081,23.94,21.4128,21.7998,215416
5557,21.7998,22.6915,21.7052,22.0569,914136
5558,22.0569,22.5628,20.6701,21.1369,401369
5559,21.1369,21.2824,20.3158,20.6278,438066
5560,20.6278,22.6839,20.0055,22.0145,368767
5561,22.0145,22.7824,21.4563,22.685,832917
5562,22.685,23.2823,20.1037,21.306,768655
5563,21.306,21.4622,21.0627,21.1225,943112
5564,21.1225,21.975,20.2789,20.4496,932823
5565,20.4496,21.0805,20.0902,20.4035,919544
5566,20.4035,20.4809,20.3838,20.4782,521939
5567,20.4782,20.8825,20.4702,20.5185,440173
5568,20.5185,21.4796,20.31,21.4651,717973
5569,21.4651,22.3723,20.8388,20.9698,334642
5570,20.9698,21.4343,20.4273,21.3249,565352
5571,21.3249,21.5579,19.6476,20.5868,107269
5572,20.5868,21.8184,20.5482,21.3791,319474
5573,21.3791,21.3941,20.0381,20.3102,728528
5574,20.3102,20.8768,19.7539,20.6789,153797
5575,20.6789,21.2896,20.2637,20.4704,285517
5576,20.4704,20.6601,20.267,20.3781,158430
5577,20.3781,21.0979,19.7757,20.53,950759
5578,20.53,22.1587,20.447,21.2677,169854
5579,21.2677,21.3092,20.6399,20.9746,388075
5580,20.9746,21.1162,19.3064,19.7315,508727
5581,19.7315,21.3209,19.7119,21.087,877352
5582,21.087,21.4064,20.3742,21.0317,319952
5583,21.0317,21.3515,20.7381,21.171,768741
5584,21.171,21.3006,20.9373,20.9473,266217
5585,20.9473,23.7511,20.5364,23.3289,682328
5586,23.3289,24.7307,22.9403,23.7047,116980
5587,23.7047,24.5408,22.4295,22.8335,186253
5588,22.8335,24.2927,22.7192,24.2647,467971
5589,24.2647,25.2109,24.2333,25.1116,609750
5590,25.1116,28.1665,24.9406,26.7484,461615
5591,26.7484,27.4908,26.7314,27.2791,222115
5592,27.2791,27.3693,26.6251,26.7295,992092
5593,26.7295,28.4054,26.2251,27.0382,142472
5594,27.0382,28.6439,26.5315,28.1192,186045
5595,28.1192,28.7091,27.2141,27.4039,782348
5596,27.4039,27.5339,26.9762,27.5177,301264
5597,27.5177,28.3099,27.3728,28.0967,440949
5598,28.0967,29.5388,27.9453,28.6594,242491
5599,28.6594,29.0401,28.3226,28.5775,354977
5600,28.5775,28.8763,27.3789,27.6824,550537
5601,27.6824,28.5439,26.7331,27.1417,104478
5602,27.1417,27.1932,25.8741,26.4708,486458
5603,26.4708,27.2928,26.2038,26.288,420948
5604,26.288,26.7957,24.7643,24.9755,703018
5605,24.9755,25.6861,23.5214,23.5561,595131
5606,23.5561,25.2479,23.3351,25.0271,524707
5607,25.0271,25.6478,24.9582,25.1417,259807
5608,25.1417,26.0855,23.4032,24.2496,433833
5609,24.2496,25.0912,23.196,23.2893,451078
5610,23.2893,25.4607,22.5531,24.9785,885103
5611,24.9785,25.0261,23.2257,23.5914,339940
5612,23.5914,24.1124,23.1213,24.0143,324292
5613,24.0143,25.5447,23.4605,24.9159,799709
5614,24.9159,27.7199,24.5583,26.6432,454426
5615,26.6432,27.3712,26.0251,26.3624,728867
5616,26.3624,27.6134,25.876,27.4544,785700
5617,27.4544,28.8606,26.8207,28.414,238686
5618,28.414,28.7369,26.2909,27.3416,779480
5619,27.3416,28.0743,25.473,25.6093,527338
5620,25.6093,26.2944,25.1486,25.9883,680375
5621,25.9883,28.7299,25.9683,28.2354,302144
5622,28.2354,28.3949,25.8016,26.9775,357957
5623,26.9775,27.1543,25.1832,25.8541,123520
5624,25.8541,26.6025,25.3661,26.4941,584559
5625,26.4941,27.0344,25.728,26.1725,776845
5626,26.1725,26.2218,24.2342,25.1126,169447
5627,25.1126,27.3095,24.8414,26.7457,191355
5628,26.7457,27.2256,25.3375,25.7005,277060
5629,25.7005,25.7294,24.5674,25.4639,526585
5630,25.4639,26.1367,25.0761,25.7262,249441
5631,25.7262,25.8092,25.2144,25.7697,481251
5632,25.7697,27.1005,25.6979,26.4693,740420
5633,26.4693,26.5638,25.8798,25.9538,206042
5634,25.9538,27.3322,24.475,24.6561,458408
5635,24.6561,26.0275,24.5449,25.2205,265549
5636,25.2205,25.8176,23.4187,24.1634,773798
5637,24.1634,25.6148,23.5679,25.577,410025
5638,25.577,27.5049,24.9524,26.5801,272129
5639,26.5801,27.1763,25.6801,27.0036,629768
5640,27.0036,27.0645,26.1222,26.1669,455870
5641,26.1669,26.4285,24.2936,25.1015,198853
5642,25.1015,25.5901,21.7652,22.3714,444940
5643,22.3714,22.9073,21.6824,22.0809,705011
5644,22.0809,22.972,20.7762,21.3285,301776
5645,21.3285,21.9245,19.4636,20.6865,196692
5646,20.6865,21.7048,19.9892,21.1988,124785
5647,21.1988,21.6612,19.5399,19.9029,626591
5648,19.9029,19.9177,19.3687,19.5741,303779
5649,19.5741,19.9686,18.7314,19.4635,849907
5650,19.4635,19.8711,19.1812,19.6838,717086
5651,19.6838,19.7318,18.6166,19.234,817428
5652,19.234,19.6752,18.4305,19.5977,959512
5653,19.5977,20.8066,19.5568,20.369,325940
5654,20.369,20.9772,20.3046,20.7522,109379
5655,20.7522,21.4656,19.8354,20.4528,794493
5656,20.4528,20.8657,19.5386,19.6658,909062
5657,19.6658,21.7647,19.29,20.8286,893530
5658,20.8286,22.5593,19.9197,21.8704,463778
5659,21.8704,21.906,20.6243,21.6214,641999
5660,21.6214,21.6276,20.894,21.1732,959295
5661,21.1732,21.6518,20.2492,21.2686,372127
5662,21.2686,21.2889,19.5507,19.8411,153922
5663,19.8411,20.0197,19.1467,19.675,985932
5664,19.675,20.8882,19.1336,20.104,935328
5665,20.104,22.5884,19.9534,21.9284,808483
5666,21.9284,22.8361,21.4756,22.2036,177769
5667,22.2036,22.2131,21.0136,21.5297,624670
5668,21.5297,23.0578,20.6267,22.704,114601
5669,22.704,24.9567,22.6814,24.1391,973584
5670,24.1391,25.0327,23.9408,24.058,179438
5671,24.058,24.6503,23.1039,24.5046,369166
5672,24.5046,24.8806,23.6595,24.0954,727480
5673,24.0954,24.966,23.5368,24.289,559068
5674,24.289,24.706,24.0501,24.0741,485832
5675,24.0741,24.3009,23.4419,23.4909,926173
5676,23.4909,24.1814,23.0923,23.0953,200078
5677,23.0953,23.6263,22.7325,23.6037,324553
5678,23.6037,23.8716,22.8417,23.219,889280
5679,23.219,24.0422,22.9118,23.8727,146259
5680,23.8727,24.31,23.2308,23.5353,695700
5681,23.5353,23.8645,22.7448,22.7542,250498
5682,22.7542,24.0465,21.9998,23.6729,547163
5683,23.6729,23.8557,23.2178,23.5231,537902
5684,23.5231,24.6718,22.4351,24.2511,519890
5685,24.2511,24.4586,22.6462,22.7452,918839
5686,22.7452,24.5591,22.4395,23.9505,556015
5687,23.9505,25.368,23.8267,25.2917,195370
5688,25.2917,26.067,25.2154,25.2622,406659
5689,25.2622,25.6177,22.7096,23.0059,427655
5690,23.0059,24.0485,22.6336,22.6655,866564
5691,22.6655,23.891,22.4161,23.2381,463786
5692,23.2381,23.5701,22.7654,23.5391,430262
5693,23.5391,24.5551,22.6945,23.4242,174702
5694,23.4242,24.1029,22.8601,23.6421,347008
5695,23.6421,23.7385,23.3935,23.6956,960148
5696,23.6956,23.9726,22.4609,22.611,136472
5697,22.611,23.1275,21.9134,22.2784,103087
5698,22.2784,22.8698,19.6675,20.3659,468260
5699,20.3659,20.803,18.2542,19.1547,190261
5700,19.1547,19.3361,18.8146,19.0218,524541
5701,19.0218,20.1143,18.6659,19.6,813469
5702,19.6,20.3896,19.2936,20.1988,596992
5703,20.1988,21.3125,20.0678,20.7343,523938
5704,20.7343,22.3535,20.2794,21.9456,422124
5705,21.9456,22.3612,20.4965,20.8877,135112
5706,20.8877,21.0501,20.4928,21.0469,644805
5707,21.0469,22.0898,20.8921,21.7684,942411
5708,21.7684,21.8387,20.1371,20.2378,867694
5709,20.2378,20.6626,19.0639,20.3378,934881
5710,20.3378,20.7042,19.2295,19.8467,632843
5711,19.8467,19.9852,19.4734,19.9566,675600
5712,19.9566,20.3908,19.4176,19.6023,540437
5713,19.6023,21.0261,19.2409,20.9437,214863
5714,20.9437,22.0534,20.6982,21.1083,121356
5715,21.1083,21.7715,20.0099,20.6764,396485
5716,20.6764,20.8947,19.1772,19.8309,884428
5717,19.8309,21.6236,19.8155,21.0198,690207
5718,21.0198,21.1701,19.9537,20.5726,819880
5719,20.5726,21.5808,19.9901,20.084,176502
5720,20.084,20.9166,20.0443,20.2812,649218
5721,20.2812,21.0328,19.4929,20.9827,603320
5722,20.9827,23.3507,20.8738,23.323,995848
5723,23.323,23.4691,21.8188,22.029,299726
5724,22.029,22.8294,21.3485,22.4015,746852
5725,22.4015,23.519,22.3409,22.3933,636635
5726,22.3933,24.9007,22.3142,23.9866,597294
5727,23.9866,26.4201,23.8436,26.1293,375454
5728,26.1293,26.2007,24.1973,24.8205,350431
5729,24.8205,25.1954,23.0268,23.3694,486932
5730,23.3694,23.8655,21.6141,22.196,423357
5731,22.196,23.5389,22.1129,22.9775,160009
5732,22.9775,23.4056,22.7966,22.9312,513727
5733,22.9312,23.9403,22.2005,23.1048,174694
5734,23.1048,24.8623,22.6121,24.6367,183910
5735,24.6367,25.6165,24.0329,24.889,596653
5736,24.889,25.6737,24.6174,25.4491,118446
5737,25.4491,26.0096,24.6787,25.2327,676132
5738,25.2327,26.2979,24.8922,26.0542,371164
5739,26.0542,26.8111,25.6821,26.2299,888795
5740,26.2299,26.6362,25.7303,25.7537,265767
5741,25.7537,26.8281,25.4775,25.6719,104290
5742,25.6719,26.6246,25.6312,26.4245,738494
5743,26.4245,27.1704,25.2048,25.8574,458488
5744,25.8574,28.3392,25.4692,27.8578,383792
5745,27.8578,29.0858,26.9176,27.3606,850686
5746,27.3606,27.8107,26.7427,26.9311,245936
5747,26.9311,27.9637,26.8734,27.4923,299460
5748,27.4923,29.7331,26.7912,29.185,708090
5749,29.185,29.4907,28.9874,29.0234,676032
5750,29.0234,29.6736,28.8939,29.4323,448187
5751,29.4323,29.6551,29.1109,29.6262,453078
5752,29.6262,30.2588,27.9931,28.424,640084
5753,28.424,28.5046,27.9139,27.9963,224951
5754,27.9963,28.8453,27.6853,28.557,466543
5755,28.557,28.7781,26.5125,26.9029,316664
5756,26.9029,27.1315,25.9171,26.3735,643711
5757,26.3735,26.6138,23.0057,23.3592,213581
5758,23.3592,23.4606,23.2568,23.3812,293903
5759,23.3812,24.6493,22.9572,24.0861,802211
5760,24.0861,24.1128,24.0299,24.0855,236101
5761,24.0855,24.4531,22.1624,22.7873,678688
5762,22.7873,23.3483,22.1128,23.1825,540468
5763,23.1825,23.2371,21.1057,21.8263,265426
5764,21.8263,22.2431,21.6016,21.845,189505
5765,21.845,23.7731,21.277,23.0101,352695
5766,23.0101,24.7239,22.9808,24.1239,431619
5767,24.1239,25.0495,24.0295,24.9685,659484
5768,24.9685,25.2567,23.4526,23.6661,357089
5769,23.6661,24.7561,23.3977,23.9644,310899
5770,23.9644,24.6696,23.7178,23.8877,521850
5771,23.8877,25.2674,23.4885,24.9562,360662
5772,24.9562,25.4622,24.0073,25.366,499544
5773,25.366,25.713,25.1278,25.4673,276230
5774,25.4673,27.9113,24.7413,27.0803,927997
5775,27.0803,28.2646,25.3099,25.7797,485209
5776,25.7797,26.5281,25.6678,26.237,523838
5777,26.237,27.3801,25.6183,27.0646,244108
5778,27.0646,28.9664,26.663,28.3022,389036
5779,28.3022,28.4523,26.6112,27.3253,153886
5780,27.3253,28.1716,27.1856,28.0437,202489
5781,28.0437,28.1286,26.6976,26.7966,666279
5782,26.7966,27.3196,26.626,26.6994,401769
5783,26.6994,27.3878,26.0793,27.1377,627196
5784,27.1377,27.4902,27.0192,27.2448,836861
5785,27.2448,27.2879,25.9157,26.4311,920453
5786,26.4311,26.786,26.1429,26.3491,236999
5787,26.3491,26.4458,25.4556,26.2703,508200
5788,26.2703,27.1358,25.3353,26.5697,612817
5789,26.5697,26.8271,24.2251,24.4474,727562
5790,24.4474,25.1504,24.0736,25.0473,410121
5791,25.0473,25.5434,23.904,24.4063,214128
5792,24.4063,26.6285,24.2343,25.3484,742245
5793,25.3484,26.9606,25.1219,26.5173,471461
5794,26.5173,28.8996,26.0761,27.9639,406744
5795,27.9639,28.8547,27.744,28.2645,347311
5796,28.2645,29.0127,27.5986,28.3811,823445
5797,28.3811,29.3793,28.2399,28.9267,879218
5798,28.9267,30.675,28.2187,29.9506,431920
5799,29.9506,30.8894,29.5153,30.3458,410883
5800,30.3458,31.4113,30.0521,30.3098,540108
5801,30.3098,31.7104,29.9832,31.0659,652235
5802,31.0659,32.9855,31.011,32.6012,497158
5803,32.6012,33.1084,31.8483,32.3168,619980
5804,32.3168,34.1388,31.4072,33.894,119512
5805,33.894,34.0447,32.9237,33.4397,216652
5806,33.4397,33.883,33.2566,33.4774,580448
5807,33.4774,33.6859,33.1653,33.2349,479531
5808,33.2349,33.6166,32.543,32.9313,476101
5809,32.9313,32.9644,31.5331,31.5842,119606
5810,31.5842,33.2636,31.2693,32.4558,331660
5811,32.4558,34.5944,31.8688,33.8954,371045
5812,33.8954,34.9708,33.3582,34.4747,910930
5813,34.4747,35.9728,34.3201,35.163,595093
5814,35.163,37.0156,34.2487,36.2875,729311
5815,36.2875,36.3431,35.1386,36.2734,750735
5816,36.2734,37.2708,34.6153,34.8472,436222
5817,34.8472,35.705,34.537,35.3921,283250
5818,35.3921,35.7539,33.9774,34.4737,184246
5819,34.4737,34.6945,31.6593,33.0288,229616
5820,33.0288,33.0526,31.5364,32.0782,758022
5821,32.0782,32.4085,31.3677,32.2673,384990
5822,32.2673,32.3681,31.1361,31.6269,460180
5823,31.6269,31.7032,31.3775,31.6075,703812
5824,31.6075,33.4494,30.8953,32.9408,827210
5825,32.9408,32.9616,32.6085,32.8573,814397
5826,32.8573,33.6198,32.1008,33.0814,856910
5827,33.0814,34.8228,32.4936,34.3194,341579
5828,34.3194,34.6102,33.9382,34.1859,968220
5829,34.1859,34.2765,33.525,33.534,506222
5830,33.534,33.6296,32.436,32.4857,810985
5831,32.4857,35.0561,31.992,33.8658,751403
5832,33.8658,34.3655,33.0208,33.6106,443071
5833,33.6106,35.0376,33.5882,34.4641,901587
5834,34.4641,37.18,33.991,36.6967,121624
5835,36.6967,39.022,36.5485,38.9196,146798
5836,38.9196,40.6647,38.7117,40.4765,659468
5837,40.4765,40.7351,40.1562,40.5143,144926
5838,40.5143,41.1152,39.3805,40.2422,100822
5839,40.2422,41.2226,39.8013,40.9402,808374
5840,40.9402,42.4078,40.7938,41.6557,737633
5841,41.6557,43.9395,41.5293,43.562,558613
5842,43.562,45.2725,42.9436,44.7538,132150
5843,44.7538,44.9415,44.6621,44.7413,157486
5844,44.7413,46.4,44.15,45.5221,405937
5845,45.5221,46.3961,44.5357,44.7929,192725
5846,44.7929,46.4631,44.7599,46.1147,379264
5847,46.1147,46.6522,45.3828,45.6112,110820
5848,45.6112,47.4661,45.3281,46.9341,385985
5849,46.9341,47.1707,46.5426,46.8382,336037
5850,46.8382,47.7997,45.2963,45.9168,133481
5851,45.9168,47.838,45.636,47.2686,645678
5852,47.2686,47.5172,45.7426,46.4187,283785
5853,46.4187,46.9293,45.6272,46.0991,450336
5854,46.0991,47.4468,46.027,46.8476,480155
5855,46.8476,48.299,46.6192,47.9671,420623
5856,47.9671,48.021,46.488,47.0925,697596
5857,47.0925,47.4458,46.5476,47.2903,878353
5858,47.2903,47.9816,44.9205,46.1266,286641
5859,46.1266,46.9106,45.4807,46.4745,479783
5860,46.4745,46.7393,46.045,46.1504,432655
5861,46.1504,46.4283,45.6504,45.662,793417
5862,45.662,47.5296,45.6385,47.123,449106
5863,47.123,47.3105,46.2401,46.8833,401635
5864,46.8833,47.6116,45.8107,46.014,585483
5865,46.014,46.537,45.2469,45.8973,287215
5866,45.8973,46.2399,44.6974,45.4921,105814
5867,45.4921,46.1551,44.9794,45.7119,260892
5868,45.7119,47.2881,45.1819,47.2749,604158
5869,47.2749,47.5815,46.3775,46.8136,764787
5870,46.8136,47.6286,46.6488,47.2216,887309
5871,47.2216,47.5282,46.3518,46.6413,823412
5872,46.6413,47.4174,46.5746,47.0993,923739
5873,47.0993,47.2406,44.8158,45.8416,858133
5874,45.8416,46.7549,45.1892,46.2076,301384
5875,46.2076,48.2076,45.3629,47.484,522228
5876,47.484,48.5564,46.3458,46.9366,204358
5877,46.9366,48.1973,46.7699,47.7904,759238
5878,47.7904,48.8434,46.8676,48.1946,278577
5879,48.1946,48.4368,47.9999,48.2619,165865
5880,48.2619,48.7792,47.5599,48.4088,350792
5881,48.4088,49.6334,47.3642,48.9304,967880
5882,48.9304,49.5033,48.3341,49.0769,863889
5883,49.0769,49.5851,47.861,48.6873,850796
5884,48.6873,49.2335,47.6307,49.0063,941208
5885,49.0063,49.6005,47.9477,48.4274,738799
5886,48.4274,49.3688,48.0835,48.581,462372
5887,48.581,48.6972,47.1497,47.7761,439864
5888,47.7761,47.9773,46.5152,46.7756,801080
5889,46.7756,48.2199,46.5771,48.1502,841708
5890,48.1502,48.645,47.8826,48.5913,707017
5891,48.5913,49.0248,48.065,48.1975,961469
5892,48.1975,48.591,45.9552,46.8239,621509
5893,46.8239,47.2451,46.7656,46.872,119126
5894,46.872,47.071,46.2228,46.7573,318921
5895,46.7573,47.3013,46.0428,47.2252,202860
5896,47.2252,47.6632,46.981,47.2895,770699
5897,47.2895,47.7088,47.0092,47.6012,477153
5898,47.6012,47.7277,45.4573,45.482,461193
5899,45.482,45.7772,43.5371,44.005,918761
5900,44.005,44.8201,41.7414,42.3171,926662
5901,42.3171,42.9897,41.5272,42.5704,422340
5902,42.5704,43.1038,42.0781,42.4949,197017
5903,42.4949,42.737,41.1535,41.4737,318219
5904,41.4737,42.359,41.1138,41.8874,471850
5905,41.8874,42.6161,40.4188,40.5791,240189
5906,40.5791,40.7356,39.7577,39.9111,995423
5907,39.9111,39.9199,39.0766,39.3649,231627
5908,39.3649,39.7931,38.4384,38.4883,584853
5909,38.4883,39.5326,37.0879,38.3058,548253
5910,38.3058,38.3308,36.5481,36.5742,829759
5911,36.5742,37.33,35.9109,35.967,452010
5912,35.967,36.3723,35.6648,35.7954,771654
5913,35.7954,36.4383,35.2532,36.0132,404128
5914,36.0132,36.0849,35.0637,35.3323,889670
5915,35.3323,35.7568,34.0227,34.1539,726466
5916,34.1539,34.2709,31.7688,32.1151,908740
5917,32.1151,34.2542,31.5347,33.3476,849345
5918,33.3476,34.4433,33.271,34.4188,916367
5919,34.4188,34.7271,33.5415,34.6786,629779
5920,34.6786,35.7737,34.4606,35.2783,202562
5921,35.2783,37.6799,34.9051,37.6534,140369
5922,37.6534,39.0546,36.436,36.6735,307576
5923,36.6735,37.0571,35.8935,36.419,640123
5924,36.419,38.5174,35.7339,38.1935,659473
5925,38.1935,39.6007,38.0014,38.476,475443
5926,38.476,39.2044,36.6597,37.1125,454517
5927,37.1125,37.2637,34.8002,35.71,226297
5928,35.71,36.1725,35.0355,35.5743,567921
5929,35.5743,36.7452,33.8705,33.8999,512977
5930,33.8999,34.0248,32.688,33.0521,512198
5931,33.0521,33.9868,33.0128,33.9759,845387
5932,33.9759,34.1119,33.5909,33.5927,413966
5933,33.5927,33.6962,32.8644,32.934,875816
5934,32.934,33.985,31.7248,32.1982,644194
5935,32.1982,32.4792,31.1815,31.5901,988691
5936,31.5901,32.577,31.3156,32.5718,479971
5937,32.5718,34.7774,32.5231,32.9654,125903
5938,32.9654,33.0342,31.5271,32.0324,537239
5939,32.0324,32.1649,29.4723,30.0421,882759
5940,30.0421,30.4763,29.5413,29.977,829442
5941,29.977,31.57,29.4203,30.4514,698321
5942,30.4514,31.0886,30.2842,30.9546,689266
5943,30.9546,32.8221,30.3547,32.2208,254707
5944,32.2208,34.4352,31.7785,34.1503,491483
5945,34.1503,34.2211,31.8509,32.624,275244
5946,32.624,32.8641,32.458,32.7329,455656
5947,32.7329,33.2593,32.0528,32.9816,708380
5948,32.9816,33.2741,31.2612,32.5368,100608
5949,32.5368,33.1765,31.9643,32.196,195555
5950,32.196,32.5068,30.3658,30.9907,532245
5951,30.9907,31.86,30.5243,31.4992,366747
5952,31.4992,31.8067,30.694,30.7919,601339
5953,30.7919,32.1398,30.3271,31.985,926610
5954,31.985,34.4446,31.8353,34.058,795886
5955,34.058,36.7024,33.6213,35.9331,624441
5956,35.9331,37.7936,35.3943,36.6788,225167
5957,36.6788,38.8656,36.3662,38.6011,183531
5958,38.6011,38.8013,37.8711,37.9131,202735
5959,37.9131,39.2095,36.9282,39.1216,424954
5960,39.1216,40.3855,38.9063,39.6192,265272
5961,39.6192,40.3934,38.915,39.4259,605060
5962,39.4259,41.987,39.128,41.6315,516749
5963,41.6315,42.4365,41.357,42.3244,276559
5964,42.3244,42.9605,41.7568,42.3821,234932
5965,42.3821,42.5173,41.1904,42.1396,132516
5966,42.1396,42.2424,41.4111,42.054,972135
5967,42.054,42.4704,39.9646,40.8847,245845
5968,40.8847,43.9095,40.4723,43.606,289738
5969,43.606,44.9826,42.8261,44.5463,112276
5970,44.5463,46.613,44.3353,45.9312,117831
5971,45.9312,46.7362,45.7013,46.4423,739527
5972,46.4423,47.8142,45.8465,47.3143,616795
5973,47.3143,47.7402,46.3899,46.5777,994728
5974,46.5777,46.7223,44.7879,45.2084,895716
5975,45.2084,46.0521,44.5111,44.5449,951433
5976,44.5449,45.0092,43.5784,43.6944,467206
5977,43.6944,44.4689,43.2288,43.8919,912896
5978,43.8919,44.3074,43.4321,44.1925,373535
5979,44.1925,44.9755,44.1035,44.8456,442735
5980,44.8456,45.7374,44.5739,45.168,582813
5981,45.168,45.9998,44.9342,45.5804,772784
5982,45.5804,45.6172,44.7765,45.1069,367006
5983,45.1069,45.4667,44.6343,45.068,592329
5984,45.068,45.3343,44.5957,44.7232,474841
5985,44.7232,44.7416,43.3286,43.6566,381870
5986,43.6566,44.7497,42.8382,44.1879,830263
5987,44.1879,44.2917,42.3911,42.9863,648053
5988,42.9863,43.0546,42.1257,43.0205,685399
5989,43.0205,43.8849,42.8354,43.2049,326640
5990,43.2049,45.1004,41.8449,45.0479,487561
5991,45.0479,45.3076,43.847,44.3044,786843
5992,44.3044,44.4146,43.6722,44.0965,153616
5993,44.0965,44.3553,43.9165,44.3509,517132
5994,44.3509,45.0631,44.2871,45.0562,512097
5995,45.0562,46.1536,44.5891,44.6323,610430
5996,44.6323,44.8103,42.4346,42.9488,923210
5997,42.9488,42.9661,41.9686,42.3967,671442
5998,42.3967,43.0511,41.8965,42.2451,972544
5999,42.2451,43.5492,41.7302,43.5299,401574
6000,43.5299,43.9579,43.519,43.7168,134606
6001,43.7168,45.3282,42.1543,44.756,120843
6002,44.756,45.1069,44.1661,44.8516,380486
6003,44.8516,45.717,43.3425,43.7004,338340
6004,43.7004,44.8595,43.0172,44.5576,309286
6005,44.5576,45.3218,44.0266,44.7482,269281
6006,44.7482,44.9843,42.6714,43.4392,190513
6007,43.4392,44.9254,43.0834,44.3555,882043
6008,44.3555,44.6153,43.8006,43.9866,514647
6009,43.9866,44.6171,43.6104,43.8738,264860
6010,43.8738,43.9935,42.8385,43.0494,146001
6011,43.0494,43.3184,42.3039,42.5842,415087
6012,42.5842,44.3945,41.3851,44.066,333589
6013,44.066,45.5503,43.7882,44.1797,663228
6014,44.1797,44.5612,42.1767,42.4011,170553
6015,42.4011,43.3781,40.9929,41.2548,780218
6016,41.2548,42.1393,40.7147,42.036,128125
6017,42.036,42.3553,41.6607,42.0864,474159
6018,42.0864,44.0338,41.5728,43.8662,446744
6019,43.8662,44.4202,43.4927,44.4162,528064
6020,44.4162,45.6457,44.2342,44.8699,786246
6021,44.8699,45.7158,44.8291,44.8397,777931
6022,44.8397,45.6815,44.7704,45.3019,206675
6023,45.3019,46.8548,45.2362,46.7439,659292
6024,46.7439,47.4555,46.5074,46.8495,175452
6025,46.8495,47.5384,46.7583,47.216,656619
6026,47.216,47.3167,46.3396,46.5074,770258
6027,46.5074,47.4678,46.0693,47.3116,653990
6028,47.3116,47.7272,47.1626,47.493,838800
6029,47.493,49.2325,47.1795,48.8328,823446
6030,48.8328,50.351,48.4344,49.1838,293781
6031,49.1838,50.4736,48.5587,49.5543,961542
6032,49.5543,49.7195,48.879,49.3075,942183
6033,49.3075,49.9134,48.0629,48.5123,834319
6034,48.5123,49.2376,48.2334,48.8499,873118
6035,48.8499,49.477,48.8088,49.2317,329816
6036,49.2317,50.0715,48.6103,48.763,497407
6037,48.763,48.9054,46.6949,47.4275,363524
6038,47.4275,48.4548,47.3652,48.0498,332884
6039,48.0498,49.3815,47.8583,49.0104,323858
6040,49.0104,49.3683,47.2953,47.6192,923816
6041,47.6192,47.9302,47.4523,47.8596,983190
6042,47.8596,48.1097,47.3549,47.3804,678265
6043,47.3804,47.8427,46.84,46.9404,705831
6044,46.9404,47.1951,46.4371,46.4895,912924
6045,46.4895,48.478,46.1972,48.2515,245551
6046,48.2515,48.655,47.5384,47.8789,716777
6047,47.8789,48.2492,47.5188,48.1662,656697
6048,48.1662,48.5373,47.5916,48.1507,321567
6049,48.1507,48.2319,47.6355,47.7892,514458
6050,47.7892,48.4623,47.5471,48.4192,124214
6051,48.4192,49.6578,48.3981,49.2026,679122
6052,49.2026,49.5982,48.6497,49.216,656875
6053,49.216,49.695,48.9624,49.0888,386016
6054,49.0888,51.2986,48.992,49.812,105290
6055,49.812,50.4511,49.6811,49.971,544930
6056,49.971,50.7633,48.59,49.2703,770298
6057,49.2703,49.6992,48.301,48.9326,552699
6058,48.9326,49.8704,48.7851,49.39,313965
6059,49.39,49.9269,48.7594,49.535,285143
6060,49.535,50.1759,48.1443,48.5619,711477
6061,48.5619,48.7423,48.3825,48.4507,809926
6062,48.4507,48.668,47.847,47.9053,167965
6063,47.9053,48.5871,47.6977,47.9562,143621
6064,47.9562,48.411,47.7265,48.4105,320110
6065,48.4105,48.573,47.979,48.0844,188686
6066,48.0844,49.2253,47.9455,48.6117,425495
6067,48.6117,48.76,48.2968,48.6339,758083
6068,48.6339,49.183,47.9225,48.4285,570674
6069,48.4285,49.1308,48.0277,48.194,313803
6070,48.194,50.7634,47.8978,50.083,177358
6071,50.083,51.3557,50.0693,51.1403,111367
6072,51.1403,52.1221,50.4703,52.1183,375630
6073,52.1183,52.1684,50.8718,50.9755,216461
6074,50.9755,51.0722,50.1815,51.0374,802488
6075,51.0374,53.4312,50.5238,53.2003,342094
6076,53.2003,54.0753,52.534,53.4865,815010
6077,53.4865,54.3261,52.4456,52.581,512900
6078,52.581,53.3525,52.5437,53.1505,199116
6079,53.1505,54.296,52.5066,53.4752,373538
6080,53.4752,53.5037,51.7575,52.2318,644957
6081,52.2318,53.2527,51.7412,52.8627,640035
6082,52.8627,55.0056,52.6936,54.443,312694
6083,54.443,54.6951,52.3859,53.0105,550923
6084,53.0105,54.3684,52.8704,54.1305,483091
6085,54.1305,54.3871,52.9218,53.2582,846263
6086,53.2582,54.4944,53.0095,54.0163,296882
6087,54.0163,55.0299,53.9562,54.9548,590023
6088,54.9548,55.7349,54.4981,55.3939,357845
6089,55.3939,56.0093,54.9071,55.9956,934866
6090,55.9956,57.1989,55.584,57.1693,442702
6091,57.1693,58.1077,56.7899,57.9317,544815
6092,57.9317,58.65,57.5947,58.5516,367171
6093,58.5516,58.726,57.5498,58.3874,715778
6094,58.3874,59.1925,57.7251,58.8504,437133
6095,58.8504,59.1944,57.4212,58.6481,763409
6096,58.6481,58.9489,55.7507,56.8425,335738
6097,56.8425,57.655,56.602,57.5904,608838
6098,57.5904,59.6366,56.9945,58.7375,934275
6099,58.7375,59.6213,58.6709,59.0024,125476
6100,59.0024,59.5603,58.1413,58.2894,643016
6101,58.2894,58.6812,57.5084,57.6469,788957
6102,57.6469,59.8311,57.5005,59.551,956879
6103,59.551,60.6094,59.3184,59.8394,679464
6104,59.8394,60.0107,59.6631,59.6819,396847
6105,59.6819,59.9232,59.548,59.7434,768544
6106,59.7434,60.0024,58.9637,59.5683,173760
6107,59.5683,59.6467,58.7526,59.0683,566734
6108,59.0683,60.6363,58.989,60.0214,501715
6109,60.0214,60.7719,57.2893,57.4236,844645
6110,57.4236,57.8942,56.9537,57.6176,651539
6111,57.6176,58.7995,57.092,58.019,529357
6112,58.019,58.169,55.7737,56.4474,661853
6113,56.4474,57.1066,56.2869,57.0029,211814
6114,57.0029,57.1815,55.6896,56.6535,811474
6115,56.6535,57.6246,56.6048,57.5888,581083
6116,57.5888,58.5408,55.6135,56.3237,971110
6117,56.3237,56.5628,54.7481,55.2617,961811
6118,55.2617,55.3993,53.6504,54.1421,318928
6119,54.1421,54.8241,53.583,54.8097,982962
6120,54.8097,55.8723,54.463,55.5607,836178
6121,55.5607,56.3968,54.9698,55.5065,647922
6122,55.5065,56.5431,54.4217,56.3214,556404
6123,56.3214,58.4495,56.0854,57.944,739474
6124,57.944,60.4672,57.1059,59.8443,148196
6125,59.8443,60.075,57.3794,57.4587,286463
6126,57.4587,57.7202,56.4663,56.9934,483416
6127,56.9934,57.0061,56.2225,56.3475,450115
6128,56.3475,56.5956,55.0617,55.7868,479432
6129,55.7868,57.8272,55.1759,57.1723,574195
6130,57.1723,57.8283,57.0366,57.8131,863096
6131,57.8131,58.4435,56.7762,57.3096,247007
6132,57.3096,57.9647,56.9824,57.7034,564299
6133,57.7034,58.013,56.9806,57.3481,838296
6134,57.3481,57.414,54.6413,55.3128,627396
6135,55.3128,55.5967,54.9115,55.3402,759266
6136,55.3402,55.6622,55.1647,55.4322,919698
6137,55.4322,56.8304,54.7166,55.7909,162765
6138,55.7909,57.5763,55.3078,56.9132,390404
6139,56.9132,57.3118,56.8162,57.1851,953812
6140,57.1851,57.2,53.7848,54.3678,478874
6141,54.3678,56.4265,53.7204,55.3701,736001
6142,55.3701,55.4846,52.4916,52.5685,726592
6143,52.5685,52.9669,51.512,51.539,842333
6144,51.539,52.4161,50.9118,52.31,386505
6145,52.31,53.4122,52.1995,53.136,107809
6146,53.136,53.213,51.2362,51.7946,459948
6147,51.7946,52.1801,51.1669,51.3153,628428
6148,51.3153,51.4581,50.8323,51.235,893736
6149,51.235,51.5022,49.4916,50.2528,128899
6150,50.2528,50.9372,48.5754,48.6389,879619
6151,48.6389,49.1703,47.6204,48.3128,395759
6152,48.3128,49.3873,46.3395,46.7209,476683
6153,46.7209,46.7305,46.0014,46.3503,523421
6154,46.3503,49.3244,46.13,48.8214,530397
6155,48.8214,50.0012,48.7597,49.5705,110084
6156,49.5705,50.7694,49.3645,50.3953,685410
6157,50.3953,51.0433,49.1982,49.4073,655056
6158,49.4073,50.1027,48.6004,49.257,306580
6159,49.257,50.1122,48.9846,49.6325,311219
6160,49.6325,50.0458,48.3033,49.298,184730
6161,49.298,49.4967,47.7614,47.9069,366877
6162,47.9069,49.6415,47.7294,48.6421,343676
6163,48.6421,49.2915,47.6991,47.9217,827658
6164,47.9217,48.5995,47.8611,48.598,640830
6165,48.598,48.7713,47.5631,47.7351,701476
6166,47.7351,48.4638,47.3987,47.4664,981887
6167,47.4664,47.6667,46.2763,46.7738,192745
6168,46.7738,47.1005,45.9116,45.9219,585236
6169,45.9219,46.9493,44.9185,45.3484,847736
6170,45.3484,46.1618,44.6349,45.5267,991106
6171,45.5267,46.1671,44.0349,44.9665,446989
6172,44.9665,45.923,44.3705,44.8661,801911
6173,44.8661,45.5805,44.3517,45.5238,263114
6174,45.5238,47.7905,44.8097,46.4502,131709
6175,46.4502,47.2668,46.0882,47.1671,624777
6176,47.1671,48.3118,46.9634,47.8282,255942
6177,47.8282,48.6852,47.7718,48.2837,611813
6178,48.2837,49.4146,48.1824,49.2611,840448
6179,49.2611,49.7128,48.8393,49.3932,813744
6180,49.3932,49.4823,47.2723,47.6899,352398
6181,47.6899,47.8979,46.778,47.3037,259907
6182,47.3037,47.3315,46.9071,47.3182,272183
6183,47.3182,48.5376,46.9673,47.8342,314316
6184,47.8342,47.9578,47.1944,47.6597,945163
6185,47.6597,48.1481,47.2698,47.5833,133554
6186,47.5833,48.4167,46.78,47.1428,830741
6187,47.1428,47.8213,46.6877,47.4833,658199
6188,47.4833,47.7821,46.7767,47.1095,118741
6189,47.1095,47.5621,46.6745,47.001,412656
6190,47.001,47.9664,45.7035,45.8621,670241
6191,45.8621,47.8861,45.1788,47.5309,891224
6192,47.5309,48.3782,46.9759,47.4337,879065
6193,47.4337,47.9697,46.5951,47.4421,479754
6194,47.4421,47.6468,45.9005,46.2915,186513
6195,46.2915,47.3388,45.76,46.9502,822310
6196,46.9502,47.3047,46.9433,47.2576,785819
6197,47.2576,47.9647,46.8673,47.5294,509796
6198,47.5294,49.7691,46.9457,48.4304,765614
6199,48.4304,48.7549,46.7308,47.6512,486729
6200,47.6512,50.0223,47.2864,49.4397,332392
6201,49.4397,51.0648,48.4946,50.9849,678229
6202,50.9849,52.1979,50.2629,51.501,489907
6203,51.501,53.6435,50.7102,53.3359,172714
6204,53.3359,53.6745,51.7484,51.8277,571239
6205,51.8277,53.7069,51.3311,52.5297,403050
6206,52.5297,52.9973,52.0223,52.0801,488921
6207,52.0801,52.7263,50.6983,51.4135,480139
6208,51.4135,52.383,51.3854,52.1602,542255
6209,52.1602,52.7807,51.7675,51.8204,355677
6210,51.8204,52.1629,49.9463,51.198,649626
6211,51.198,51.6089,50.4187,50.5152,978764
6212,50.5152,50.9113,50.2968,50.4944,918397
6213,50.4944,51.1859,48.7735,49.4315,811889
6214,49.4315,50.3432,48.9769,50.2838,141005
6215,50.2838,51.779,50.2557,51.0374,604891
6216,51.0374,52.5092,50.6244,51.6609,583353
6217,51.6609,52.4937,51.2624,52.1037,129963
6218,52.1037,52.5025,51.9803,52.3867,875983
6219,52.3867,53.6566,51.1043,53.1754,485049
6220,53.1754,53.403,50.0589,50.4882,847829
6221,50.4882,50.5667,48.1477,48.7296,324431
6222,48.7296,49.1234,46.983,47.5029,782866
6223,47.5029,47.8553,45.9669,46.4343,390768
6224,46.4343,46.8075,46.3555,46.7496,855908
6225,46.7496,47.1805,46.7019,47.1528,620295
6226,47.1528,47.3215,45.9571,46.0814,825861
6227,46.0814,46.1037,45.7415,46.0484,873688
6228,46.0484,48.8192,45.2437,48.2144,737301
6229,48.2144,48.3672,47.0256,47.0345,294611
6230,47.0345,47.1664,46.47,46.7188,950819
6231,46.7188,47.0672,46.5718,46.7072,665981
6232,46.7072,47.5041,46.1119,47.4735,637974
6233,47.4735,48.2698,47.378,47.4456,706838
6234,47.4456,48.8871,47.158,48.6796,495769
6235,48.6796,48.9485,47.0862,47.6765,503643
6236,47.6765,47.725,45.6195,45.8722,501850
6237,45.8722,46.3341,45.1831,45.6963,707681
6238,45.6963,46.3314,45.3809,45.9492,948880
6239,45.9492,46.0973,44.4674,45.1346,918540
6240,45.1346,46.074,44.7869,45.4874,832345
6241,45.4874,46.07,45.3066,45.3775,345353
6242,45.3775,45.4624,44.0595,44.4195,356733
6243,44.4195,44.4264,42.6891,43.5175,501512
6244,43.5175,43.8879,42.4074,42.5032,843244
6245,42.5032,44.295,42.4721,44.1512,477902
6246,44.1512,45.2536,44.1338,45.1424,884907
6247,45.1424,47.271,44.7305,47.1294,377312
6248,47.1294,47.888,47.0166,47.5739,179440
6249,47.5739,48.0889,46.8845,47.112,153455
6250,47.112,49.5327,46.6473,48.7834,679014
6251,48.7834,50.9334,48.7189,50.6523,435340
6252,50.6523,51.0224,48.4085,48.8731,317951
6253,48.8731,49.2515,48.6238,48.6762,820441
6254,48.6762,51.8283,48.2433,51.5329,321401
6255,51.5329,53.971,51.3584,53.6544,470456
6256,53.6544,54.3571,53.1866,53.2581,923879
6257,53.2581,53.3306,52.8049,53.1797,126012
6258,53.1797,53.9967,52.9747,52.9771,163125
6259,52.9771,53.8918,52.0909,52.8113,425505
6260,52.8113,52.9895,51.8643,51.9602,720491
6261,51.9602,52.3337,50.8167,50.9023,994256
6262,50.9023,51.1004,48.8962,49.0163,898058
6263,49.0163,49.0287,46.2649,47.3541,461613
6264,47.3541,48.8126,46.9799,48.095,523345
6265,48.095,48.1952,47.2507,47.7012,560009
6266,47.7012,47.8991,46.2174,46.5717,515402
6267,46.5717,46.8249,45.1882,45.6972,445059
6268,45.6972,46.2873,43.7621,44.2794,114240
6269,44.2794,44.4709,42.7686,43.9065,627550
6270,43.9065,46.1843,43.8311,45.4717,161019
6271,45.4717,46.2337,45.1492,45.1644,262432
6272,45.1644,45.33,44.5233,45.085,917441
6273,45.085,45.9637,44.6877,45.6203,660827
6274,45.6203,46.6,43.8157,44.3358,160376
6275,44.3358,44.75,43.8983,44.687,438486
6276,44.687,44.8406,43.4192,43.8194,880853
6277,43.8194,44.7762,43.3557,44.1256,766584
6278,44.1256,44.9242,43.7966,44.7166,369309
6279,44.7166,44.9644,44.2879,44.5471,353823
6280,44.5471,46.8698,44.4355,45.8091,886385
6281,45.8091,47.3031,45.6909,46.6107,303094
6282,46.6107,46.7399,45.3287,45.4903,924199
6283,45.4903,46.2532,44.4368,44.7951,880357
6284,44.7951,45.6979,44.7868,45.2736,283408
6285,45.2736,47.6867,44.6092,47.4725,107796
6286,47.4725,48.4613,47.0908,48.1639,340782
6287,48.1639,49.3201,47.782,49.1428,414335
6288,49.1428,51.9285,48.7869,50.8126,798238
6289,50.8126,51.0403,49.9489,50.4127,395081
6290,50.4127,51.9203,49.7791,51.272,152097
6291,51.272,51.4706,49.8491,50.5198,168378
6292,50.5198,51.3598,47.8084,49.3549,981285
6293,49.3549,50.1497,47.7607,48.4772,199541
6294,48.4772,49.2938,45.9976,46.2034,260033
6295,46.2034,46.4863,43.5925,43.8816,579244
6296,43.8816,44.4962,43.8199,44.2858,902375
6297,44.2858,45.251,43.0159,44.443,158527
6298,44.443,44.4684,43.8348,44.3273,333204
6299,44.3273,45.685,42.9962,43.512,192516
6300,43.512,45.8502,43.2097,45.4766,516979
6301,45.4766,48.1364,44.9283,46.975,761954
6302,46.975,47.1202,45.2963,45.4041,382955
6303,45.4041,45.4611,44.579,44.7588,751356
6304,44.7588,45.3114,44.5596,44.9892,399106
6305,44.9892,45.3568,43.671,44.3895,388654
6306,44.3895,44.5585,42.3423,42.3846,376580
6307,42.3846,43.4955,41.7129,43.4608,904333
6308,43.4608,45.0669,42.7609,44.2893,466540
6309,44.2893,44.5681,43.5983,43.648,466099
6310,43.648,43.9314,42.3256,42.7758,774381
6311,42.7758,44.173,41.4726,41.7613,767784
6312,41.7613,43.6818,41.1498,43.4115,227223
6313,43.4115,45.6124,43.0385,45.2418,149568
6314,45.2418,45.3141,44.5205,44.7143,656311
6315,44.7143,44.9462,44.4613,44.6668,725297
6316,44.6668,45.424,44.1851,44.895,721019
6317,44.895,45.2815,44.8724,45.1852,732088
6318,45.1852,45.448,43.2265,43.2706,697738
6319,43.2706,44.9761,43.0427,44.3639,841804
6320,44.3639,44.9315,44.2337,44.6757,175346
6321,44.6757,45.4594,44.4779,45.024,803947
6322,45.024,45.3563,44.0011,44.5577,443312
6323,44.5577,45.7909,44.1605,45.3037,819667
6324,45.3037,45.5175,43.6431,44.4425,110010
6325,44.4425,44.557,43.7279,43.9453,943284
6326,43.9453,44.3342,42.1639,42.5971,784057
6327,42.5971,42.7717,41.4661,41.5506,127454
6328,41.5506,42.2631,40.807,40.9892,921582
6329,40.9892,41.442,40.6278,40.8902,824555
6330,40.8902,42.0219,40.4788,40.9122,230273
6331,40.9122,41.2511,40.1122,40.422,140226
6332,40.422,42.151,39.8854,41.8856,932954
6333,41.8856,42.4967,40.4821,40.9067,564407
6334,40.9067,42.5231,40.8578,42.0366,359232
6335,42.0366,43.9368,41.845,43.7782,476658
6336,43.7782,44.0448,42.7711,43.0991,529395
6337,43.0991,43.3721,41.1352,41.3764,406958
6338,41.3764,41.3981,39.9913,40.0977,883562
6339,40.0977,41.0985,37.937,38.3233,452928
6340,38.3233,38.452,37.5576,37.8701,184391
6341,37.8701,38.3213,36.2423,36.794,298501
6342,36.794,38.801,36.5716,38.2274,934071
6343,38.2274,38.5896,35.8546,36.2994,920190
6344,36.2994,38.2756,35.6847,37.5636,166662
6345,37.5636,38.373,35.3962,35.6228,934730
6346,35.6228,35.9441,35.5329,35.8844,179365
6347,35.8844,37.6655,35.7139,37.2015,929894
6348,37.2015,38.7844,37.1262,38.1218,698868
6349,38.1218,38.4585,36.1504,36.1663,292887
6350,36.1663,36.6107,34.7375,34.7842,783935
6351,34.7842,35.7625,33.6545,34.5405,788766
6352,34.5405,34.6214,33.669,34.3047,955664
6353,34.3047,34.4863,32.8181,33.5271,333653
6354,33.5271,33.8201,31.8827,32.6382,961329
6355,32.6382,33.2866,32.0199,32.7507,894434
6356,32.7507,33.245,32.118,32.2539,293547
6357,32.2539,33.6866,32.2193,33.4633,757138
6358,33.4633,34.3706,32.9112,32.9487,330262
6359,32.9487,32.9886,31.5023,31.7448,793200
6360,31.7448,31.9726,30.2313,30.6181,719889
6361,30.6181,32.712,30.1212,31.8634,696184
6362,31.8634,33.4794,30.9944,32.9547,242965
6363,32.9547,34.717,32.2678,34.2756,199704
6364,34.2756,34.3498,32.9237,33.2916,288701
6365,33.2916,33.5226,31.8493,32.1902,368223
6366,32.1902,33.7129,32.0039,33.2233,915983
6367,33.2233,33.6764,32.078,32.4653,391552
6368,32.4653,33.0069,31.6356,31.8179,341920
6369,31.8179,32.2533,31.2452,31.6476,171414
6370,31.6476,31.8567,30.9772,31.2385,943865
6371,31.2385,31.6514,30.7309,30.8347,665657
6372,30.8347,31.5233,29.607,29.9646,539690
6373,29.9646,30.0935,28.6735,28.8894,157933
6374,28.8894,32.3368,27.8865,31.4651,447194
6375,31.4651,33.9572,31.0671,33.2103,208270
6376,33.2103,33.5966,32.96,33.5938,655386
6377,33.5938,33.6107,32.7115,32.8235,420033
6378,32.8235,34.5386,32.0469,34.1833,800784
6379,34.1833,34.5927,31.8513,32.2636,638966
6380,32.2636,32.326,30.7711,31.5694,922163
6381,31.5694,34.3263,31.2183,33.9423,265316
6382,33.9423,35.1524,33.5102,34.8966,272504
6383,34.8966,36.7332,34.6315,36.5357,675371
6384,36.5357,37.7301,36.1769,37.5403,213627
6385,37.5403,38.153,37.2873,37.3004,696536
6386,37.3004,37.5436,36.0216,36.4472,597967
6387,36.4472,36.6972,35.3253,35.3438,144383
6388,35.3438,37.417,34.9915,36.8021,555535
6389,36.8021,36.9403,36.4892,36.9269,598193
6390,36.9269,39.913,36.498,39.0303,883420
6391,39.0303,39.1703,38.1714,38.3405,460220
6392,38.3405,38.3451,36.9298,37.1645,411328
6393,37.1645,37.6825,36.7183,37.0914,238816
6394,37.0914,37.706,36.661,37.1656,493676
6395,37.1656,39.5045,36.9359,38.5935,730463
6396,38.5935,38.7504,37.6836,37.6878,399482
6397,37.6878,39.4022,37.4347,38.3065,616047
6398,38.3065,38.9057,37.1553,37.6328,739537
6399,37.6328,38.4505,36.9734,38.0326,714520
6400,38.0326,38.6683,37.5827,38.5126,138316
6401,38.5126,40.6771,37.2561,40.5553,750389
6402,40.5553,40.9798,39.1398,39.7257,690723
6403,39.7257,40.0743,37.6118,37.8659,887276
6404,37.8659,38.072,36.8246,36.8902,242843
6405,36.8902,37.5633,36.4401,37.2099,529923
6406,37.2099,37.6213,36.8379,36.869,455881
6407,36.869,37.098,35.1106,35.5763,847122
6408,35.5763,36.3344,33.5057,33.9361,606318
6409,33.9361,34.0332,32.9685,33.52,437179
6410,33.52,34.1124,33.2141,33.4862,719193
6411,33.4862,34.3326,32.7101,32.9487,285407
6412,32.9487,33.8513,31.9248,32.5833,657921
6413,32.5833,34.0812,32.5456,33.3226,679683
6414,33.3226,33.6181,31.6325,32.1179,495977
6415,32.1179,32.3136,30.773,31.2232,533267
6416,31.2232,33.4346,30.8987,33.1604,651481
6417,33.1604,33.7915,31.9517,32.2269,985591
6418,32.2269,32.7401,31.3391,31.5731,543366
6419,31.5731,32.0134,29.9125,31.0426,753331
6420,31.0426,31.232,29.7426,30.0868,651242
6421,30.0868,31.3575,29.3603,31.011,368612
6422,31.011,31.2723,30.281,30.5044,634368
6423,30.5044,30.838,27.246,27.3701,954771
6424,27.3701,27.7158,26.5197,26.9565,872927
6425,26.9565,27.7861,26.8971,27.0994,836782
6426,27.0994,28.9853,26.4514,28.5699,535380
6427,28.5699,30.7405,27.9924,29.6826,461161
6428,29.6826,30.2796,29.4045,29.9157,683342
6429,29.9157,30.4901,29.2691,29.7796,887982
6430,29.7796,30.7197,29.5329,30.4757,698672
6431,30.4757,32.4353,29.2052,31.6261,414566
6432,31.6261,32.4847,30.9389,31.0345,774889
6433,31.0345,32.3865,30.3623,31.4586,849577
6434,31.4586,31.9595,31.009,31.5773,688258
6435,31.5773,31.7445,30.6089,31.1019,918174
6436,31.1019,31.2753,30.1856,30.3658,274075
6437,30.3658,31.0096,30.2889,30.7085,674275
6438,30.7085,31.1054,28.8107,28.9563,518512
6439,28.9563,29.863,28.3957,28.9378,744685
6440,28.9378,28.977,27.5281,28.918,702496
6441,28.918,28.9801,26.9407,27.1016,361761
6442,27.1016,27.8439,26.151,26.4234,614715
6443,26.4234,27.6513,26.1783,27.6312,435576
6444,27.6312,29.958,27.4945,29.9437,515331
6445,29.9437,31.4896,29.7814,30.6201,413141
6446,30.6201,31.1797,29.9608,30.8583,135382
6447,30.8583,32.6838,30.3421,32.1743,811519
6448,32.1743,32.1904,31.637,31.7664,588696
6449,31.7664,32.0647,31.1488,31.5756,188080
6450,31.5756,31.8154,31.2528,31.4183,774335
6451,31.4183,32.1017,30.1567,30.2108,812315
6452,30.2108,31.9358,29.9334,31.4693,709170
6453,31.4693,31.7343,29.1741,31.069,431212
6454,31.069,33.1141,30.6526,32.898,574469
6455,32.898,33.2161,31.6732,31.9293,584497
6456,31.9293,32.1066,31.7197,32.08,292268
6457,32.08,33.5414,32.0658,32.6619,166969
6458,32.6619,32.914,30.6543,31.286,919698
6459,31.286,31.8276,30.6048,30.858,488991
6460,30.858,32.8139,29.9467,32.1425,382283
6461,32.1425,32.9259,31.0302,31.7639,895995
6462,31.7639,33.0199,31.6435,32.6437,966938
6463,32.6437,34.0177,31.912,33.2121,697773
6464,33.2121,33.8541,32.5809,32.9651,305494
6465,32.9651,33.4955,31.6838,32.0392,238030
6466,32.0392,32.3096,30.4355,30.9715,976878
6467,30.9715,31.9888,29.4528,29.6313,756513
6468,29.6313,30.0744,27.864,28.9877,736787
6469,28.9877,29.4208,28.1393,29.1581,451306
6470,29.1581,29.3751,29.0004,29.0879,829223
6471,29.0879,30.195,27.8232,27.9105,337468
6472,27.9105,28.1522,26.9644,27.3333,243160
6473,27.3333,28.1212,24.9465,25.7049,591898
6474,25.7049,25.802,24.536,24.8004,399832
6475,24.8004,25.0905,23.3382,24.1724,506354
6476,24.1724,24.2347,23.2254,23.9269,439788
6477,23.9269,24.1769,22.7908,23.4436,352147
6478,23.4436,24.9668,23.3337,24.7527,187800
6479,24.7527,25.5364,24.1149,24.9261,408347
6480,24.9261,25.1802,22.0718,23.1704,268822
6481,23.1704,24.8209,22.9612,24.661,842976
6482,24.661,25.3388,24.4808,25.1962,633800
6483,25.1962,25.6157,22.5045,22.886,189745
6484,22.886,23.3241,22.4877,23.2518,546989
6485,23.2518,24.3478,23.1729,24.1107,167050
6486,24.1107,24.4853,23.7927,24.2887,318640
6487,24.2887,24.4631,23.99,24.2514,252085
6488,24.2514,24.7509,23.7729,24.6186,276035
6489,24.6186,24.6712,22.2408,22.5683,917143
6490,22.5683,23.7021,22.3816,23.0771,992246
6491,23.0771,23.5648,21.9836,22.47,797931
6492,22.47,23.8472,21.8974,23.2585,435858
6493,23.2585,23.3354,21.7404,21.8093,474432
6494,21.8093,22.3772,21.3157,21.4674,137616
6495,21.4674,21.7405,19.4879,19.6134,369823
6496,19.6134,20.7256,19.6076,19.8087,300133
6497,19.8087,21.0143,19.3008,20.088,688907
6498,20.088,21.8395,19.7187,21.7301,486459
6499,21.7301,22.366,21.2111,21.33,746131
6500,21.33,21.6118,20.9979,21.4673,713557
6501,21.4673,22.1859,19.612,19.7973,968730
6502,19.7973,19.957,17.7358,18.5537,680655
6503,18.5537,18.8842,17.8588,18.6218,734650
6504,18.6218,19.2452,14.9436,15.3741,211044
6505,15.3741,17.604,15.1602,17.184,457395
6506,17.184,17.8163,16.8358,17.0188,518092
6507,17.0188,17.8501,16.6872,17.8228,321942
6508,17.8228,19.0096,17.41,18.429,458175
6509,18.429,20.5214,17.9447,19.7423,103102
6510,19.7423,19.9828,18.9786,19.445,761473
6511,19.445,20.1302,18.9679,19.4985,348709
6512,19.4985,20.4967,19.3725,19.4382,935250
6513,19.4382,20.4886,19.1935,19.6335,553137
6514,19.6335,20.3928,18.9104,20.1676,659401
6515,20.1676,21.3111,19.1806,21.0568,393644
6516,21.0568,22.0896,20.8382,21.717,926448
6517,21.717,21.961,21.0455,21.2142,123398
6518,21.2142,21.3214,20.182,20.3581,142376
6519,20.3581,20.7121,20.0408,20.511,178102
6520,20.511,20.8014,19.5882,20.1132,671307
6521,20.1132,20.7355,19.4126,19.7646,827223
6522,19.7646,20.1742,19.3461,19.8175,543503
6523,19.8175,19.8612,17.7447,17.8471,410859
6524,17.8471,18.9382,17.2244,17.2266,903926
6525,17.2266,17.4753,16.3988,17.0529,104331
6526,17.0529,17.4687,15.9478,16.2236,586783
6527,16.2236,17.0899,15.8101,16.385,315161
6528,16.385,16.6756,15.83,16.0856,780448
6529,16.0856,16.3577,13.3081,14.2745,492024
6530,14.2745,15.263,14.0903,14.8032,301996
6531,14.8032,15.9108,13.0446,13.6815,819134
6532,13.6815,14.3633,11.552,11.7499,857831
6533,11.7499,13.1316,11.3882,12.5356,304881
6534,12.5356,12.9537,11.9449,12.6622,478178
6535,12.6622,14.1326,12.243,13.4252,549885
6536,13.4252,16.4791,13.2231,14.8776,406257
6537,14.8776,15.4507,14.7585,15.0338,138870
6538,15.0338,16.5802,14.0744,16.2452,494910
6539,16.2452,17.7759,14.7651,16.8635,448315
6540,16.8635,17.4623,15.318,16.0756,245978
6541,16.0756,17.5627,15.4638,17.3493,423890
6542,17.3493,18.2703,15.1317,15.636,822471
6543,15.636,15.7651,14.7592,15.2082,993906
6544,15.2082,16.3492,15.135,15.9276,504617
6545,15.9276,16.7262,15.0337,15.5182,560562
6546,15.5182,16.1361,15.2405,16.0643,448661
6547,16.0643,16.2583,14.6935,15.3216,712270
6548,15.3216,17.3954,14.6639,17.3614,647969
6549,17.3614,18.1208,16.8309,17.2867,475176
6550,17.2867,17.5555,16.7148,17.1221,631119
6551,17.1221,17.7715,14.5108,15.273,466951
6552,15.273,15.3254,14.5571,14.8182,468790
6553,14.8182,14.857,14.5084,14.5678,496636
6554,14.5678,15.2158,13.3098,13.4927,521548
6555,13.4927,13.8604,12.6354,13.5219,229883
6556,13.5219,13.6174,12.226,12.7799,265363
6557,12.7799,13.6228,12.0324,12.7315,176859
6558,12.7315,14.0408,12.4524,13.2444,989520
6559,13.2444,14.597,12.9626,14.1529,813676
6560,14.1529,15.5532,13.4321,14.4653,687842
6561,14.4653,15.0883,14.3788,14.7963,798684
6562,14.7963,16.5684,14.7073,16.3052,655104
6563,16.3052,17.1575,15.6672,16.9932,832955
6564,16.9932,18.9346,16.3868,18.2054,956739
6565,18.2054,19.2109,16.1019,16.1212,925417
6566,16.1212,17.2063,15.8487,16.837,217463
6567,16.837,17.3593,15.4896,16.1647,638907
6568,16.1647,17.757,15.8455,17.2564,318196
6569,17.2564,17.4105,16.9686,17.1883,338410
6570,17.1883,18.1087,15.0672,15.2491,402698
6571,15.2491,15.4213,13.4157,13.5437,965661
6572,13.5437,14.519,12.9173,13.9436,568253
6573,13.9436,14.565,13.6898,14.5464,228855
6574,14.5464,15.3869,14.1275,15.2445,976983
6575,15.2445,16.0913,12.1,12.5686,820642
6576,12.5686,13.5514,12.2674,12.3936,956076
6577,12.3936,12.6165,10.5657,11.0405,710862
6578,11.0405,12.1438,10.8316,11.3714,955859
6579,11.3714,12.0714,10.8618,11.7411,911767
6580,11.7411,13.36,11.0144,12.2617,913210
6581,12.2617,12.7386,8.774,9.8608,798117
6582,9.8608,10.1886,8.1801,8.71,524777
6583,8.71,8.7981,7.0434,7.5732,282684
6584,7.5732,7.6319,6.7975,6.9879,821294
6585,6.9879,8.0389,6.8976,7.4307,835690
6586,7.4307,8.1618,6.719,6.84,453071
6587,6.84,7.3415,6.4288,6.5112,587711
6588,6.5112,8.757,6.488,8.1932,117447
6589,8.1932,8.5178,7.7668,8.449,716297
6590,8.449,8.5098,8.2187,8.3025,712995
6591,8.3025,9.0276,7.324,8.1251,540188
6592,8.1251,8.5185,6.9665,8.1616,160140
6593,8.1616,8.7414,7.325,7.9748,161335
6594,7.9748,9.7644,7.6836,9.4962,473547
6595,9.4962,10.4258,9.4401,10.1145,419960
6596,10.1145,10.7412,7.9566,8.3782,502584
6597,8.3782,9.2999,7.9759,8.077,149861
6598,8.077,10.4961,7.8932,9.6627,363119
6599,9.6627,9.9771,7.3529,7.3838,970835
6600,7.3838,8.1184,7.3556,7.536,911878
6601,7.536,7.8595,6.5725,7.2742,483620
6602,7.2742,7.5568,6.0026,6.9614,402015
6603,6.9614,7.5733,6.5791,7.5332,341101
6604,7.5332,8.6322,7.1412,8.3959,733325
6605,8.3959,8.7785,7.4668,7.5909,196171
6606,7.5909,8.3855,7.308,7.7611,862320
6607,7.7611,7.7888,6.8877,7.2314,614311
6608,7.2314,8.1619,6.3285,6.6066,239263
6609,6.6066,7.0668,6.3964,6.4539,972578
6610,6.4539,8.0535,6.4405,8.0123,341787
6611,8.0123,8.2776,7.1623,7.6136,245372
6612,7.6136,8.1338,7.3665,7.7472,968199
6613,7.7472,8.1021,6.9803,7.0942,486420
6614,7.0942,7.7229,6.4336,7.5578,499268
6615,7.5578,7.8517,6.5628,7.4364,400822
6616,7.4364,8.0415,7.271,7.6504,873290
6617,7.6504,10.2597,7.288,10.2187,829632
6618,10.2187,10.5252,9.2026,9.7884,242606
6619,9.7884,11.21,9.1642,10.7149,723790
6620,10.7149,11.0337,9.926,10.58,957222
6621,10.58,12.9776,10.5286,12.7549,931603
6622,12.7549,13.5632,11.6746,12.029,532014
6623,12.029,12.8592,11.8749,12.5982,666698
6624,12.5982,13.629,12.2424,13.3949,907062
6625,13.3949,13.4304,12.3193,12.799,528897
6626,12.799,13.0659,12.2088,12.6439,739903
6627,12.6439,13.6358,11.4131,11.8959,851426
6628,11.8959,12.3884,10.3965,10.8219,786609
6629,10.8219,12.2957,10.3915,11.161,212824
6630,11.161,12.1434,9.8364,10.018,964907
6631,10.018,10.5882,8.8359,8.8988,159233
6632,8.8988,9.0797,8.2969,8.8419,530094
6633,8.8419,11.0103,8.2036,10.2726,972104
6634,10.2726,11.2637,10.0479,11.1341,335529
6635,11.1341,11.3882,10.5571,11.2815,147746
6636,11.2815,12.0401,10.4878,11.9878,341587
6637,11.9878,14.4823,11.3456,13.2959,233477
6638,13.2959,13.3583,11.3077,12.5074,202284
6639,12.5074,12.7369,9.8404,10.7145,332762
6640,10.7145,12.4851,10.6036,12.0531,614420
6641,12.0531,13.5366,11.649,12.5385,213286
6642,12.5385,12.8115,11.405,11.6319,981002
6643,11.6319,12.5617,9.2786,9.4074,247225
6644,9.4074,11.8202,9.0832,11.1861,850657
6645,11.1861,12.7579,10.9559,12.5908,473894
6646,12.5908,13.8282,11.7656,13.5225,817525
6647,13.5225,14.5641,13.4572,14.3332,251929
6648,14.3332,15.3362,13.7191,14.1813,767578
6649,14.1813,14.3711,12.4249,12.4847,747732
6650,12.4847,12.9683,11.9809,12.5685,617184
6651,12.5685,13.2489,11.2805,12.1561,465921
6652,12.1561,13.4238,11.6154,12.9491,370995
6653,12.9491,13.1225,11.4162,11.8436,386289
6654,11.8436,11.9327,10.396,10.5339,928969
6655,10.5339,11.2106,10.0614,10.8727,229247
6656,10.8727,11.6034,10.702,11.5542,489581
6657,11.5542,13.5729,11.4823,13.2927,659775
6658,13.2927,14.71,12.9522,14.5855,617111
6659,14.5855,14.796,13.4014,13.8985,704681
6660,13.8985,14.4843,11.931,12.5944,720000
6661,12.5944,13.6084,12.4387,13.1081,278315
6662,13.1081,13.5443,11.4342,12.2613,188747
6663,12.2613,12.3952,11.8611,12.2971,323696
6664,12.2971,12.9958,11.8468,12.391,145426
6665,12.391,13.4826,12.1389,13.4357,363808
6666,13.4357,14.1871,13.3774,13.8092,670186
6667,13.8092,13.8876,13.0547,13.1775,317554
6668,13.1775,13.4305,12.2833,12.6465,165360
6669,12.6465,13.4808,12.495,13.3681,125503
6670,13.3681,13.8217,12.907,13.6993,420845
6671,13.6993,13.825,12.1356,12.5514,340095
6672,12.5514,12.7153,10.1917,10.1941,236696
6673,10.1941,12.2187,9.6458,11.6548,453943
6674,11.6548,12.2598,9.2089,9.4992,240642
6675,9.4992,11.1662,9.2528,10.2582,820705
6676,10.2582,11.3564,10.1302,10.7936,565185
6677,10.7936,11.2918,8.7852,9.1416,897333
6678,9.1416,9.5224,7.4175,7.6818,768630
6679,7.6818,8.1089,6.4462,7.5697,976695
6680,7.5697,8.3276,6.3271,7.0078,199067
6681,7.0078,7.9314,6.074,6.3033,209148
6682,6.3033,7.8646,6.0823,7.3807,307552
6683,7.3807,8.9282,7.1073,8.7472,321428
6684,8.7472,9.6242,8.299,9.3402,770482
6685,9.3402,11.3708,8.8588,10.6411,691419
6686,10.6411,11.2581,8.355,8.8539,313701
6687,8.8539,10.982,8.3189,10.2339,165841
6688,10.2339,10.5183,10.1593,10.2391,382953
6689,10.2391,10.4275,9.0598,9.3272,478024
6690,9.3272,10.2916,7.5981,7.9426,375464
6691,7.9426,8.6491,6.3637,7.3399,554667
6692,7.3399,8.3947,6.6699,8.3743,198373
6693,8.3743,9.2888,8.3523,9.0947,864621
6694,9.0947,9.1682,6.798,7.4708,537032
6695,7.4708,7.5205,5.7486,6.2962,134438
6696,6.2962,7.3965,5.2833,7.0727,690799
6697,7.0727,7.3179,6.0039,6.5102,557430
6698,6.5102,6.7238,5.5778,6.3628,179735
6699,6.3628,7.1716,5.772,6.7459,993710
6700,6.7459,7.902,6.2172,7.391,443628
6701,7.391,9.1115,7.1031,9.0758,530769
6702,9.0758,9.1527,8.9304,8.9421,954321
6703,8.9421,9.2267,8.1001,8.8131,598578
6704,8.8131,9.3853,7.7508,8.829,361344
6705,8.829,9.4697,8.7017,9.1995,115968
6706,9.1995,11.0136,9.1198,10.2117,740728
6707,10.2117,11.5374,9.7305,11.4264,499100
6708,11.4264,12.3686,10.8648,11.7372,625589
6709,11.7372,12.7324,11.4466,12.6981,355650
6710,12.6981,13.1892,11.8266,11.9815,902528
6711,11.9815,12.5528,10.8049,11.9081,441026
6712,11.9081,12.4259,10.9155,10.9648,435316
6713,10.9648,11.9133,10.7344,11.5794,482487
6714,11.5794,11.6972,11.4585,11.6043,701951
6715,11.6043,13.0183,11.4913,12.1286,933515
6716,12.1286,13.0828,12.0443,12.9489,663235
6717,12.9489,13.1985,11.2305,11.7132,221232
6718,11.7132,14.2368,11.4801,12.983,485670
6719,12.983,13.3661,12.8827,13.0197,533899
6720,13.0197,13.0577,10.7226,11.4733,189479
6721,11.4733,11.4928,9.5183,10.1975,855684
6722,10.1975,11.6146,9.9419,11.2966,532437
6723,11.2966,13.2127,10.8383,12.4087,224646
6724,12.4087,14.2213,11.7558,13.5688,403313
6725,13.5688,13.9357,13.2037,13.91,128215
6726,13.91,15.8248,13.8776,15.0277,699227
6727,15.0277,15.3535,13.6958,13.9438,461315
6728,13.9438,16.4011,13.7866,15.8157,530479
6729,15.8157,16.0262,15.5752,15.6494,814198
6730,15.6494,16.4274,15.0507,16.305,795202
6731,16.305,16.5794,15.9929,16.5344,241649
6732,16.5344,17.2883,15.4343,16.8749,987324
6733,16.8749,16.945,14.0879,14.1817,611324
6734,14.1817,15.7393,14.059,15.2382,991332
6735,15.2382,15.4947,13.8072,14.3913,275186
6736,14.3913,14.9437,13.9031,14.3032,439832
6737,14.3032,14.8882,14.1795,14.6584,150118
6738,14.6584,14.8495,12.9391,13.2665,216675
6739,13.2665,14.1702,12.6933,13.9215,506447
6740,13.9215,15.8231,12.9106,15.1078,266006
6741,15.1078,16.1801,14.9706,15.9521,336155
6742,15.9521,16.8156,15.3821,15.8356,249401
6743,15.8356,17.9642,15.6464,17.1754,462292
6744,17.1754,17.8058,17.0069,17.2039,203282
6745,17.2039,18.361,16.571,17.7663,794191
6746,17.7663,18.551,17.7053,17.8636,625332
6747,17.8636,18.0858,17.142,17.3807,451817
6748,17.3807,17.9349,16.8128,17.6546,830816
6749,17.6546,18.5176,17.4979,18.1867,819320
6750,18.1867,18.6879,17.5513,18.6498,325955
6751,18.6498,18.7868,17.6287,17.6891,515340
6752,17.6891,18.0996,16.8505,16.9504,137397
6753,16.9504,19.0703,16.1858,18.7362,128409
6754,18.7362,19.1696,16.5213,17.138,668168
6755,17.138,19.0333,16.977,17.994,323682
6756,17.994,18.0447,16.6456,16.6709,176742
6757,16.6709,17.8218,16.2322,16.4723,611074
6758,16.4723,16.5057,13.5549,14.4969,833124
6759,14.4969,15.6108,14.3975,14.9591,440528
6760,14.9591,15.3293,12.4658,13.0316,899551
6761,13.0316,13.5389,12.0592,12.8793,360519
6762,12.8793,13.2254,12.2524,12.3211,170642
6763,12.3211,14.184,12.0799,13.7199,872078
6764,13.7199,14.1537,13.1123,13.6723,380845
6765,13.6723,14.6846,13.0032,14.5399,240915
6766,14.5399,15.6975,14.1303,15.3418,628521
6767,15.3418,16.2122,14.8823,16.2062,101227
6768,16.2062,16.462,15.3201,16.4333,826004
6769,16.4333,17.6486,16.1709,17.3333,512894
6770,17.3333,19.126,17.2312,19.1016,194109
6771,19.1016,19.877,18.7648,19.4419,526421
6772,19.4419,19.7133,18.9219,19.017,395310
6773,19.017,20.4542,18.8781,20.3556,340956
6774,20.3556,20.5255,18.3165,19.2894,943623
6775,19.2894,19.98,18.1689,19.1542,572736
6776,19.1542,20.3491,18.0328,18.0607,322238
6777,18.0607,18.8495,18.0352,18.6259,360037
6778,18.6259,18.9026,14.2916,14.9402,967124
6779,14.9402,17.0567,14.6388,16.6493,783169
6780,16.6493,17.0612,16.5386,16.7136,158830
6781,16.7136,16.8347,15.3153,16.528,317292
6782,16.528,16.7509,16.4032,16.6973,124086
6783,16.6973,16.8049,15.4468,15.6995,185158
6784,15.6995,16.8081,15.248,16.5882,449647
6785,16.5882,16.761,15.3602,16.5026,460005
6786,16.5026,18.2237,15.904,17.3938,440713
6787,17.3938,17.892,16.1264,16.5217,327093
6788,16.5217,16.5925,16.3948,16.4277,684668
6789,16.4277,16.5607,14.9102,16.0347,510395
6790,16.0347,16.8552,15.7036,15.868,500064
6791,15.868,17.7506,15.7676,17.486,616709
6792,17.486,18.7345,17.1778,18.6126,281790
6793,18.6126,18.895,18.3741,18.8866,896470
6794,18.8866,19.4972,18.571,18.8024,783000
6795,18.8024,21.7146,18.7832,20.3505,929722
6796,20.3505,20.613,19.9362,20.5658,950331
6797,20.5658,21.3177,20.1093,20.8986,304704
6798,20.8986,20.9758,19.5713,20.3037,372734
6799,20.3037,20.5057,19.2265,19.3643,946110
6800,19.3643,19.5576,17.0474,18.4911,532040
6801,18.4911,19.3262,17.633,17.7014,916184
6802,17.7014,18.3016,16.1769,16.7663,380005
6803,16.7663,17.3904,16.0162,16.3145,981952
6804,16.3145,17.6942,15.833,17.5848,200501
6805,17.5848,18.1534,17.3317,17.5111,995004
6806,17.5111,17.6466,16.239,16.8724,373094
6807,16.8724,17.3581,14.8028,14.8872,750496
6808,14.8872,16.3425,14.7448,16.0444,771623
6809,16.0444,16.2154,14.2089,15.1833,972774
6810,15.1833,15.2113,14.1648,14.8614,879181
6811,14.8614,15.2778,14.1136,14.3244,731165
6812,14.3244,15.7136,14.2532,14.452,346131
6813,14.452,14.8544,14.3462,14.6089,451465
6814,14.6089,15.0987,12.1817,12.3856,428762
6815,12.3856,12.4696,11.3048,11.9551,516256
6816,11.9551,12.683,9.886,10.6166,209291
6817,10.6166,10.8467,10.401,10.7626,651119
6818,10.7626,11.2038,9.311,9.5037,336676
6819,9.5037,9.8275,8.6401,9.2831,503074
6820,9.2831,9.6195,8.1883,8.438,979462
6821,8.438,8.8133,6.8454,7.8625,639369
6822,7.8625,7.9837,7.129,7.9252,527892
6823,7.9252,8.3627,7.4404,8.1698,958388
6824,8.1698,8.4176,7.7715,7.9143,389938
6825,7.9143,8.5104,6.2607,6.3641,931524
6826,6.3641,6.5657,6.2579,6.4382,143119
6827,6.4382,9.2555,6.1265,8.6466,774861
6828,8.6466,9.032,7.0785,7.3005,166419
6829,7.3005,8.7839,7.164,8.4998,327140
6830,8.4998,9.3157,7.8072,9.2224,562843
6831,9.2224,9.6615,9.2039,9.497,765880
6832,9.497,10.5322,9.4421,9.8047,273895
6833,9.8047,11.2916,9.3421,10.7028,146110
6834,10.7028,12.141,9.5937,11.6225,921884
6835,11.6225,13.3406,11.2948,12.4549,938950
6836,12.4549,12.896,12.2804,12.5458,336159
6837,12.5458,14.1393,12.02,13.6087,665287
6838,13.6087,13.9662,12.8502,13.2221,910940
6839,13.2221,13.5536,12.0579,12.6537,213800
6840,12.6537,14.705,11.9819,13.3187,592255
6841,13.3187,13.5389,13.2716,13.4678,754511
6842,13.4678,14.1989,13.2209,13.8695,532623
6843,13.8695,15.4419,13.5185,15.1696,126150
6844,15.1696,15.314,14.6955,15.0573,204731
6845,15.0573,15.5493,13.82,14.1073,921754
6846,14.1073,14.5495,13.9899,14.4066,862855
6847,14.4066,14.4413,14.2336,14.2475,619664
6848,14.2475,15.5545,13.9788,14.9615,305304
6849,14.9615,15.7681,14.814,15.3536,896960
6850,15.3536,15.6889,13.7735,14.1542,508792
6851,14.1542,15.2316,13.7096,14.9398,334033
6852,14.9398,15.3062,13.7382,14.2721,861093
6853,14.2721,14.8746,13.9978,14.5977,785449
6854,14.5977,15.9044,13.84,15.8656,350579
6855,15.8656,17.8269,15.8556,17.6112,733127
6856,17.6112,18.1854,16.3968,16.5524,884897
6857,16.5524,16.9765,16.479,16.8454,141698
6858,16.8454,16.8775,15.4705,16.1512,567763
6859,16.1512,16.6829,15.2592,15.6469,732232
6860,15.6469,16.7171,15.2386,16.1067,724826
6861,16.1067,17.4817,16.0108,16.3943,533333
6862,16.3943,17.0742,15.7306,15.8212,254557
6863,15.8212,15.9994,15.0832,15.5399,339801
6864,15.5399,17.1124,15.3067,16.8299,251468
6865,16.8299,17.3749,14.5616,15.0521,120238
6866,15.0521,15.3216,14.4924,14.8433,367261
6867,14.8433,14.856,14.3999,14.7301,657305
6868,14.7301,15.2583,13.8507,14.0903,792605
6869,14.0903,15.3943,13.5227,13.618,847520
6870,13.618,14.5862,12.8439,12.9864,384262
6871,12.9864,13.5166,12.0791,12.2534,747830
6872,12.2534,12.2791,11.6031,11.8127,157951
6873,11.8127,13.135,9.9367,10.4738,296576
6874,10.4738,10.7529,10.1716,10.2207,419631
6875,10.2207,11.443,10.0086,11.297,428291
6876,11.297,12.2535,11.0199,11.493,244330
6877,11.493,12.8198,11.0366,11.9585,960616
6878,11.9585,13.1487,11.4622,11.7054,729482
6879,11.7054,11.8473,11.1613,11.1736,225383
6880,11.1736,13.8459,10.9056,12.598,854704
6881,12.598,13.041,12.0202,12.8279,569532
6882,12.8279,12.9178,11.5535,11.847,497239
6883,11.847,13.2287,11.2199,11.2524,414042
6884,11.2524,11.4804,9.9093,10.4263,105925
6885,10.4263,11.0746,8.7369,8.9956,522964
6886,8.9956,9.0865,8.6596,8.826,713690
6887,8.826,10.1453,7.8796,9.5632,666307
6888,9.5632,10.5903,9.3039,10.4556,758232
6889,10.4556,10.8529,9.9969,10.0366,961295
6890,10.0366,10.1328,9.77,9.8548,203341
6891,9.8548,10.4411,9.4347,9.4445,486346
6892,9.4445,10.3258,8.7672,9.9695,111578
6893,9.9695,10.7857,6.8262,7.0722,134457
6894,7.0722,7.6438,6.4589,7.6277,102538
6895,7.6277,9.2762,7.2081,8.8556,675770
6896,8.8556,9.0346,6.4649,6.9876,826190
6897,6.9876,7.6197,4.4497,4.48,961031
6898,4.48,5.1504,3.8024,3.9309,884080
6899,3.9309,4.273,2.8063,3.7528,483645
6900,3.7528,5.243,3.3317,4.7623,754194
6901,4.7623,5.1176,4.2631,4.5037,350603
6902,4.5037,4.5242,2.7117,3.9078,450581
6903,3.9078,4.0612,3.066,3.1876,591935
6904,3.1876,3.4463,2.3992,3.2431,597087
6905,3.2431,5.0253,2.8202,4.5511,228431
6906,4.5511,6.0124,4.2343,5.1258,252960
6907,5.1258,5.6584,4.7375,5.6525,386066
6908,5.6525,6.8682,5.5744,6.1867,825448
6909,6.1867,7.1033,3.4156,4.1146,795552
6910,4.1146,5.6178,3.4539,4.9331,737513
6911,4.9331,5.4889,3.7677,3.8562,813864
6912,3.8562,4.0045,3.3007,3.3517,552892
6913,3.3517,3.7813,0.1795,0.6048,311510
6914,0.6048,1.3272,-0.9242,-0.5343,959182
6915,-0.5343,0.3163,-0.8437,-0.0282,405876
6916,-0.0282,0.2,-0.2893,-0.0474,427719
6917,-0.0474,0.2216,-0.7912,0.0103,835364
6918,0.0103,0.3314,-1.5638,-0.874,851341
6919,-0.874,-0.6943,-2.6883,-2.3927,136339
6920,-2.3927,-1.9212,-2.8625,-2.5937,578371
6921,-2.5937,-1.8183,-2.632,-1.8615,822107
6922,-1.8615,1.5878,-2.049,0.7141,106293
6923,0.7141,1.3427,0.4384,0.7795,819345
6924,0.7795,1.0314,-0.4785,-0.1296,910982
6925,-0.1296,2.6129,-0.3634,1.2212,395629
6926,1.2212,3.8372,0.8304,3.6885,757753
6927,3.6885,3.8682,2.7606,3.1686,607177
6928,3.1686,5.2541,2.9783,4.7461,639625
6929,4.7461,5.1969,4.3758,5.1734,990495
6930,5.1734,5.2779,3.2435,3.5834,737777
6931,3.5834,4.2047,3.0518,3.644,325102
6932,3.644,3.725,2.6986,3.452,178986
6933,3.452,3.8574,1.5203,2.4838,971181
6934,2.4838,3.4789,1.7553,2.2269,135078
6935,2.2269,3.3359,1.5305,2.3108,263380
6936,2.3108,2.3666,-0.1932,0.1375,738387
6937,0.1375,0.4107,-1.2652,-0.6653,345065
6938,-0.6653,0.1505,-1.0065,-0.6067,216914
6939,-0.6067,-0.5754,-2.6079,-1.9184,304553
6940,-1.9184,-1.4834,-3.0976,-2.0594,352686
6941,-2.0594,-0.2434,-2.0711,-0.7156,615020
6942,-0.7156,-0.6973,-2.9057,-2.3349,895471
6943,-2.3349,-1.8261,-3.1942,-2.0407,395523
6944,-2.0407,-0.5812,-2.1383,-0.7053,804831
6945,-0.7053,-0.024,-1.0741,-0.304,893735
6946,-0.304,0.1563,-2.7187,-1.792,230980
6947,-1.792,-1.2554,-3.6748,-2.7441,560891
6948,-2.7441,-2.5094,-3.4542,-3.4357,795671
6949,-3.4357,-3.0703,-3.9202,-3.4734,318441
6950,-3.4734,-3.22,-4.9659,-3.9314,107697
6951,-3.9314,-3.1863,-4.5211,-3.1957,982196
6952,-3.1957,-2.4951,-4.8859,-3.9172,688125
6953,-3.9172,-3.5323,-5.1973,-4.1524,693502
6954,-4.1524,-3.3576,-4.467,-3.6514,199287
6955,-3.6514,-2.458,-4.4696,-2.5843,769435
6956,-2.5843,-2.113,-4.0421,-3.5045,933626
6957,-3.5045,-3.1496,-3.7721,-3.6623,994162
6958,-3.6623,-3.2769,-5.8484,-5.5331,943014
6959,-5.5331,-5.1563,-6.5956,-5.6109,288368
6960,-5.6109,-5.2687,-6.977,-6.6894,664007
6961,-6.6894,-6.0616,-7.8686,-7.0064,733638
6962,-7.0064,-5.9197,-7.2387,-6.3955,555653
6963,-6.3955,-5.8483,-6.989,-6.8628,396879
6964,-6.8628,-4.9413,-7.6346,-5.3913,164839
6965,-5.3913,-5.3292,-6.9292,-6.2428,709471
6966,-6.2428,-4.9996,-9.075,-8.9874,289464
6967,-8.9874,-7.5167,-9.6097,-7.5346,519373
6968,-7.5346,-6.4416,-7.5935,-6.6557,929085
6969,-6.6557,-6.4074,-7.4766,-7.0835,102352
6970,-7.0835,-6.7334,-8.2991,-8.2818,625481
6971,-8.2818,-7.6209,-8.387,-7.8874,112288
6972,-7.8874,-7.4649,-9.033,-8.7427,629081
6973,-8.7427,-7.6956,-10.4976,-10.073,755240
6974,-10.073,-8.4584,-10.9128,-8.5957,965804
6975,-8.5957,-6.9005,-8.8532,-7.2247,512740
6976,-7.2247,-6.5226,-7.9116,-6.8125,397913
6977,-6.8125,-5.313,-7.1869,-5.7875,148267
6978,-5.7875,-4.5053,-5.9887,-4.6725,341054
6979,-4.6725,-4.6394,-5.6181,-5.5009,130041
6980,-5.5009,-5.4803,-6.8335,-6.3641,431330
6981,-6.3641,-4.9818,-8.7302,-7.3622,133073
6982,-7.3622,-6.1468,-7.661,-6.6247,166278
6983,-6.6247,-6.413,-8.1922,-7.3734,607240
6984,-7.3734,-7.1002,-8.9108,-8.0575,200041
6985,-8.0575,-6.8457,-8.0608,-7.3802,183919
6986,-7.3802,-5.5288,-7.8073,-5.906,759177
6987,-5.906,-4.5406,-6.1493,-5.4782,464699
6988,-5.4782,-4.2693,-5.6473,-4.522,234484
6989,-4.522,-2.9902,-4.9151,-3.088,428209
6990,-3.088,-2.9393,-4.7636,-4.264,725477
6991,-4.264,-4.2162,-4.2841,-4.263,830150
6992,-4.263,-3.0616,-4.6427,-3.303,213462
6993,-3.303,-2.8753,-5.1427,-4.6123,538559
6994,-4.6123,-3.2294,-4.8302,-4.1025,380452
6995,-4.1025,-3.5562,-4.4375,-3.906,987547
6996,-3.906,-2.527,-4.2194,-3.1275,336567
6997,-3.1275,-2.8879,-3.8915,-3.008,842328
6998,-3.008,-2.6139,-3.4818,-3.1966,694620
6999,-3.1966,-2.7113,-4.2135,-2.9621,606525
7000,-2.9621,-2.6545,-4.1815,-3.4858,234700
7001,-3.4858,-3.2956,-4.4333,-4.3767,193765
7002,-4.3767,-4.1711,-4.5128,-4.1911,678983
7003,-4.1911,-3.9464,-4.4154,-4.0016,710393
7004,-4.0016,-3.9224,-6.612,-6.4622,625616
7005,-6.4622,-5.8261,-6.9861,-6.2419,528060
7006,-6.2419,-5.893,-6.453,-6.0204,264089
7007,-6.0204,-4.4024,-6.3492,-4.7264,836107
7008,-4.7264,-4.1225,-6.6426,-6.2691,855171
7009,-6.2691,-5.9768,-7.0693,-6.3035,648460
7010,-6.3035,-5.5627,-7.7797,-7.1472,301898
7011,-7.1472,-7.1109,-7.8609,-7.7325,150087
7012,-7.7325,-6.7648,-8.2521,-7.8744,559817
7013,-7.8744,-7.4311,-8.6008,-8.4986,148726
7014,-8.4986,-7.2737,-9.1226,-7.4176,541895
7015,-7.4176,-7.1474,-9.7012,-9.4442,940179
7016,-9.4442,-9.141,-11.6092,-11.4844,242901
7017,-11.4844,-10.6881,-12.4937,-12.4918,171235
7018,-12.4918,-11.9689,-12.7308,-12.7204,619229
7019,-12.7204,-11.8008,-13.1705,-11.9364,552942
7020,-11.9364,-11.0428,-12.6706,-11.4113,343676
7021,-11.4113,-10.8859,-13.6957,-13.0299,117507
7022,-13.0299,-11.421,-13.4491,-12.2643,338742
7023,-12.2643,-10.8961,-13.9196,-11.4789,259195
7024,-11.4789,-10.946,-13.5193,-13.3862,519198
7025,-13.3862,-12.8019,-13.7138,-13.3907,497366
7026,-13.3907,-13.1033,-14.5427,-13.8231,345326
7027,-13.8231,-13.3119,-14.3154,-14.2892,490578
7028,-14.2892,-13.8566,-15.153,-14.6146,550110
7029,-14.6146,-14.2917,-17.0531,-16.7748,570207
7030,-16.7748,-16.6984,-17.1991,-16.9394,816984
7031,-16.9394,-15.9238,-17.0885,-16.327,780300
7032,-16.327,-16.3029,-18.4022,-17.8663,101178
7033,-17.8663,-16.9286,-18.5937,-17.4777,129947
7034,-17.4777,-16.8744,-19.8821,-19.3648,588473
7035,-19.3648,-18.6736,-19.839,-18.6959,461277
7036,-18.6959,-18.5024,-21.621,-21.0901,882950
7037,-21.0901,-19.738,-21.4974,-20.3426,271817
7038,-20.3426,-19.0802,-20.5589,-19.3014,785576
7039,-19.3014,-18.6656,-20.3178,-19.4015,705026
7040,-19.4015,-17.0933,-20.3486,-17.2133,812622
7041,-17.2133,-15.6953,-17.8442,-16.0407,335522
7042,-16.0407,-15.5064,-16.29,-16.2235,937865
7043,-16.2235,-16.1714,-17.0224,-16.1878,460347
7044,-16.1878,-16.026,-16.5006,-16.3331,253495
7045,-16.3331,-16.2404,-17.7947,-17.7679,844309
7046,-17.7679,-17.4336,-18.2274,-18.0994,482183
7047,-18.0994,-17.956,-19.479,-19.0221,729449
7048,-19.0221,-18.4287,-19.3565,-18.6777,174913
7049,-18.6777,-15.674,-19.6358,-16.1223,613584
7050,-16.1223,-14.1282,-16.1247,-14.8792,145896
7051,-14.8792,-13.4852,-15.4006,-13.8789,110638
7052,-13.8789,-12.2104,-14.0165,-12.6519,360153
7053,-12.6519,-12.526,-14.4803,-14.1532,714409
7054,-14.1532,-14.0601,-14.6441,-14.4596,990781
7055,-14.4596,-12.4989,-15.5248,-13.4486,811500
7056,-13.4486,-12.3386,-13.569,-13.0515,706995
7057,-13.0515,-12.235,-14.3587,-14.1771,639231
7058,-14.1771,-13.1168,-15.0825,-13.5518,988987
7059,-13.5518,-13.1687,-13.5898,-13.5606,445220
7060,-13.5606,-13.2592,-15.1034,-14.4812,767796
7061,-14.4812,-14.2184,-14.8741,-14.7747,201705
7062,-14.7747,-13.7147,-15.1136,-13.7762,362548
7063,-13.7762,-11.8189,-13.9069,-12.1366,908264
7064,-12.1366,-11.9251,-13.0045,-12.4926,802879
7065,-12.4926,-12.2578,-13.5347,-13.0417,776434
7066,-13.0417,-12.6352,-13.8996,-12.6807,718054
7067,-12.6807,-12.4799,-13.8922,-13.8486,790410
7068,-13.8486,-13.2343,-16.0137,-15.9952,409154
7069,-15.9952,-14.8996,-16.6473,-15.8034,141783
7070,-15.8034,-15.1746,-16.1223,-15.4493,751228
7071,-15.4493,-15.4287,-15.9511,-15.8525,563957
7072,-15.8525,-14.2681,-16.7507,-14.4901,403668
7073,-14.4901,-14.2518,-15.6026,-15.1527,329942
7074,-15.1527,-14.5772,-15.7166,-14.8905,619802
7075,-14.8905,-14.7676,-15.7384,-15.4761,230821
7076,-15.4761,-14.3203,-15.7169,-14.9442,187454
7077,-14.9442,-13.2911,-15.6724,-13.8038,434750
7078,-13.8038,-13.1941,-13.9833,-13.2613,580808
7079,-13.2613,-12.9808,-14.7834,-14.1498,995919
7080,-14.1498,-13.9958,-14.5624,-14.243,249350
7081,-14.243,-13.2226,-14.7441,-14.1579,288680
7082,-14.1579,-13.3096,-14.6574,-13.5398,725002
7083,-13.5398,-12.9156,-14.4752,-14.4368,783423
7084,-14.4368,-14.225,-14.728,-14.5407,872583
7085,-14.5407,-14.0817,-15.1985,-14.6257,939184
7086,-14.6257,-13.6505,-14.9138,-14.8607,366856
7087,-14.8607,-13.1782,-15.8933,-14.0035,535842
7088,-14.0035,-13.7447,-15.191,-14.2255,746435
7089,-14.2255,-13.8538,-14.2477,-13.9948,974568
7090,-13.9948,-13.9675,-15.6147,-14.8074,352036
7091,-14.8074,-14.7607,-15.0135,-14.8411,510100
7092,-14.8411,-13.5343,-15.3256,-14.1696,926965
7093,-14.1696,-12.8317,-15.5331,-15.384,486802
7094,-15.384,-14.8165,-15.8187,-15.6654,581801
7095,-15.6654,-14.906,-16.2488,-15.3344,262836
7096,-15.3344,-12.7207,-15.7323,-13.8484,485071
7097,-13.8484,-12.498,-14.3387,-12.7909,587582
7098,-12.7909,-12.2438,-13.8331,-13.6964,363874
7099,-13.6964,-13.3572,-14.4651,-14.066,162344
7100,-14.066,-13.7745,-14.31,-13.8173,649338
7101,-13.8173,-12.1933,-14.4868,-12.2179,291725
7102,-12.2179,-11.1031,-13.0047,-12.9677,722130
7103,-12.9677,-11.8041,-13.1191,-11.9286,991941
7104,-11.9286,-11.2706,-12.8261,-12.7759,326051
7105,-12.7759,-11.4536,-13.06,-11.8203,350920
7106,-11.8203,-11.3156,-11.8783,-11.7222,365145
7107,-11.7222,-11.4038,-12.6639,-12.5533,206945
7108,-12.5533,-11.4839,-14.3721,-13.4539,468630
7109,-13.4539,-13.0207,-14.2142,-13.2761,881030
7110,-13.2761,-10.5058,-13.7298,-11.6089,518800
7111,-11.6089,-11.2316,-12.1082,-12.1064,384465
7112,-12.1064,-11.8036,-12.5912,-11.8585,218187
7113,-11.8585,-10.3696,-11.9741,-10.8892,291861
7114,-10.8892,-9.4731,-11.1653,-10.1703,827583
7115,-10.1703,-8.4032,-10.327,-8.8128,472470
7116,-8.8128,-8.5697,-9.345,-9.0161,510911
7117,-9.0161,-7.9134,-9.5946,-8.283,194625
7118,-8.283,-8.0413,-9.897,-9.6536,728675
7119,-9.6536,-9.6021,-12.1313,-11.59,782466
7120,-11.59,-11.1108,-12.1472,-11.9998,169816
7121,-11.9998,-11.6017,-12.7046,-12.2755,562239
7122,-12.2755,-11.9417,-13.4347,-13.108,393493
7123,-13.108,-12.7271,-13.38,-12.9038,869062
7124,-12.9038,-12.7725,-13.4415,-13.1594,225558
7125,-13.1594,-10.6846,-13.7761,-11.1052,489512
7126,-11.1052,-10.0047,-11.5809,-11.2872,850762
7127,-11.2872,-10.962,-12.6421,-12.0395,785061
7128,-12.0395,-11.7736,-13.2058,-12.6791,240687
7129,-12.6791,-12.102,-13.3498,-13.1138,395504
7130,-13.1138,-10.8997,-13.1698,-11.095,298197
7131,-11.095,-10.2785,-12.9056,-11.9333,514244
7132,-11.9333,-11.7113,-13.2459,-12.4377,250828
7133,-12.4377,-11.3199,-12.6357,-12.4968,443471
7134,-12.4968,-11.0855,-12.6586,-11.4691,808883
7135,-11.4691,-9.6106,-11.7288,-9.9671,950266
7136,-9.9671,-9.7117,-10.9473,-10.1185,267537
7137,-10.1185,-8.9916,-10.2063,-9.4299,318880
7138,-9.4299,-7.6656,-9.4931,-9.2622,534805
7139,-9.2622,-8.9093,-11.2,-11.0113,769041
7140,-11.0113,-10.2386,-11.4209,-10.8553,304800
7141,-10.8553,-9.9033,-11.4333,-10.6047,781071
7142,-10.6047,-8.197,-10.8179,-8.9478,532304
7143,-8.9478,-8.5073,-9.7782,-9.5236,872900
7144,-9.5236,-7.8396,-9.9651,-8.1662,679885
7145,-8.1662,-7.9611,-8.3871,-8.1298,420807
7146,-8.1298,-7.0299,-8.3066,-7.3331,947366
7147,-7.3331,-6.8701,-7.9458,-7.2185,253193
7148,-7.2185,-6.5833,-9.5692,-8.6268,503345
7149,-8.6268,-7.6636,-8.8256,-7.8917,786971
7150,-7.8917,-6.7954,-7.9731,-7.2363,403976
7151,-7.2363,-5.888,-7.3508,-6.2188,300638
7152,-6.2188,-5.7379,-8.0143,-7.7544,923952
7153,-7.7544,-7.7179,-8.4365,-8.0256,973959
7154,-8.0256,-6.1861,-8.3151,-7.3942,423716
7155,-7.3942,-7.0363,-8.9583,-8.6261,680431
7156,-8.6261,-8.5725,-9.8823,-9.3872,808093
7157,-9.3872,-8.3526,-10.6733,-8.7011,350683
7158,-8.7011,-8.0293,-9.6407,-8.5367,771515
7159,-8.5367,-8.19,-10.2497,-10.0403,661239
7160,-10.0403,-7.8287,-10.3684,-8.5198,355081
7161,-8.5198,-8.2405,-10.0123,-9.2658,126106
7162,-9.2658,-8.6513,-9.7073,-8.9345,245512
7163,-8.9345,-8.5848,-9.6458,-9.2777,709740
7164,-9.2777,-7.4559,-9.5677,-7.5094,347128
7165,-7.5094,-7.5012,-8.1448,-7.7294,153241
7166,-7.7294,-7.18,-8.6055,-8.0294,302850
7167,-8.0294,-6.5892,-8.2751,-6.7711,749206
7168,-6.7711,-6.4623,-6.7774,-6.6808,783286
7169,-6.6808,-5.9606,-7.0706,-6.2402,148006
7170,-6.2402,-4.7579,-6.6386,-5.2462,998390
7171,-5.2462,-3.6147,-5.6969,-3.7925,296613
7172,-3.7925,-2.8735,-4.3609,-4.1066,277954
7173,-4.1066,-4.0478,-4.636,-4.2768,249130
7174,-4.2768,-4.2564,-5.2915,-5.1009,386893
7175,-5.1009,-4.6354,-6.3611,-6.1045,727153
7176,-6.1045,-5.1728,-7.4363,-6.9136,418107
7177,-6.9136,-6.8918,-8.5769,-8.2091,431060
7178,-8.2091,-7.8662,-9.1101,-8.8302,683684
7179,-8.8302,-8.3724,-9.8556,-9.2039,498799
7180,-9.2039,-9.0557,-10.2025,-9.75,901082
7181,-9.75,-7.7061,-10.4018,-8.6079,947853
7182,-8.6079,-8.5099,-9.3621,-9.116,867916
7183,-9.116,-8.5044,-10.2064,-8.6723,904798
7184,-8.6723,-8.5658,-10.3602,-9.6483,550561
7185,-9.6483,-9.3931,-9.7804,-9.5872,160390
7186,-9.5872,-9.367,-10.1833,-9.9514,369432
7187,-9.9514,-8.66,-10.0591,-8.9787,154038
7188,-8.9787,-8.7298,-10.6764,-9.8295,698329
7189,-9.8295,-9.7479,-11.0824,-10.8032,282233
7190,-10.8032,-9.9429,-11.4172,-11.3474,227346
7191,-11.3474,-10.6335,-11.4482,-10.7313,317775
7192,-10.7313,-10.695,-12.4502,-12.2341,251678
7193,-12.2341,-10.1339,-12.416,-10.1853,255585
7194,-10.1853,-8.3278,-11.0045,-8.5924,310196
7195,-8.5924,-7.8933,-10.0674,-9.6913,258424
7196,-9.6913,-9.3924,-10.6009,-9.5864,911060
7197,-9.5864,-8.867,-11.0937,-10.8027,385286
7198,-10.8027,-9.1088,-11.1283,-9.8218,354081
7199,-9.8218,-8.6366,-9.8267,-9.2604,919807
7200,-9.2604,-8.6949,-9.5484,-8.7191,372238
7201,-8.7191,-7.4179,-9.7512,-7.4505,803555
7202,-7.4505,-7.3294,-9.2478,-8.8409,966909
7203,-8.8409,-8.0141,-9.3189,-8.0693,161791
7204,-8.0693,-7.8796,-8.9157,-8.0834,661071
7205,-8.0834,-7.097,-9.303,-8.8373,267075
7206,-8.8373,-8.3185,-9.7602,-8.3811,204377
7207,-8.3811,-8.134,-8.4888,-8.2106,726224
7208,-8.2106,-7.7845,-8.4108,-7.8443,301409
7209,-7.8443,-6.3572,-7.8893,-6.724,656262
7210,-6.724,-6.3216,-6.7731,-6.4753,590532
7211,-6.4753,-6.4416,-7.2263,-6.8509,828612
7212,-6.8509,-6.0079,-7.0596,-6.1445,615051
7213,-6.1445,-5.2434,-7.329,-7.0472,703631
7214,-7.0472,-6.7397,-7.5139,-6.9171,605429
7215,-6.9171,-6.3293,-7.1852,-6.6403,784337
7216,-6.6403,-5.9226,-7.1171,-6.4368,540150
7217,-6.4368,-3.6713,-6.6215,-3.7416,162284
7218,-3.7416,-3.6664,-5.247,-5.2395,689675
7219,-5.2395,-4.2358,-6.2298,-6.0229,555559
7220,-6.0229,-5.7189,-6.4359,-5.752,388953
7221,-5.752,-5.2445,-5.9037,-5.4255,120633
7222,-5.4255,-5.138,-7.3896,-7.1436,957416
7223,-7.1436,-6.6664,-7.7987,-7.2247,330491
7224,-7.2247,-6.1711,-7.3281,-7.022,410448
7225,-7.022,-5.9625,-7.4672,-6.4816,422295
7226,-6.4816,-4.8494,-6.9095,-5.2019,303484
7227,-5.2019,-3.6877,-5.3296,-4.4347,851723
7228,-4.4347,-2.8018,-5.5135,-3.4663,553445
7229,-3.4663,-1.8414,-3.9633,-2.1788,792255
7230,-2.1788,-1.7598,-4.4585,-3.4979,779538
7231,-3.4979,-0.6699,-4.3074,-0.8652,615998
7232,-0.8652,-0.2422,-1.937,-1.3454,154384
7233,-1.3454,-1.0153,-2.9101,-2.2414,352841
7234,-2.2414,-1.2719,-2.754,-2.1263,971063
7235,-2.1263,-1.7164,-3.3889,-3.2142,789281
7236,-3.2142,-3.1038,-4.1745,-3.6295,126350
7237,-3.6295,-1.9781,-3.6957,-2.453,123785
7238,-2.453,-1.3483,-2.5036,-2.4722,346913
7239,-2.4722,-1.3183,-2.473,-1.4753,293943
7240,-1.4753,0.043,-1.6351,-0.7773,403880
7241,-0.7773,-0.6523,-2.0819,-1.9121,724140
7242,-1.9121,0.2543,-2.1365,-0.4071,685981
7243,-0.4071,0.0816,-0.514,-0.3697,543598
7244,-0.3697,0.242,-3.0345,-2.2746,392520
7245,-2.2746,-2.0755,-4.0056,-3.7578,403898
7246,-3.7578,-3.6913,-5.3521,-4.9211,883240
7247,-4.9211,-3.6801,-5.9003,-4.5116,803550
7248,-4.5116,-3.4185,-6.2999,-6.0473,567442
7249,-6.0473,-4.4814,-6.6104,-5.1993,917988
7250,-5.1993,-4.1016,-5.3707,-4.6551,456741
7251,-4.6551,-4.3831,-6.1929,-5.9663,115294
7252,-5.9663,-5.3605,-6.3321,-5.3791,329802
7253,-5.3791,-5.0536,-6.7349,-5.9464,565534
7254,-5.9464,-5.0036,-7.1425,-5.0935,339174
7255,-5.0935,-4.7313,-6.1216,-6.0024,305186
7256,-6.0024,-5.4109,-6.1242,-5.8546,251791
7257,-5.8546,-5.6754,-7.1386,-6.799,371718
7258,-6.799,-5.9047,-6.8186,-6.1463,798627
7259,-6.1463,-5.9429,-6.7359,-6.1541,736060
7260,-6.1541,-5.501,-6.9104,-5.6884,902469
7261,-5.6884,-4.2971,-6.0037,-4.5715,925689
7262,-4.5715,-3.3404,-5.3619,-3.9922,168515
7263,-3.9922,-3.9612,-4.5933,-4.5923,399562
7264,-4.5923,-4.215,-5.4002,-4.8039,441175
7265,-4.8039,-4.4922,-5.2921,-5.2607,322118
7266,-5.2607,-4.877,-6.4536,-6.4378,864364
7267,-6.4378,-5.1386,-6.5015,-6.0893,989774
7268,-6.0893,-4.8833,-6.4008,-4.9998,889556
7269,-4.9998,-4.3667,-6.2425,-5.6285,862839
7270,-5.6285,-2.4663,-6.0362,-2.7791,481592
7271,-2.7791,0.4303,-2.9101,0.3432,959752
7272,0.3432,0.512,-0.2252,-0.0117,546888
7273,-0.0117,0.6891,-0.8995,0.4038,524418
7274,0.4038,0.4315,-0.1084,0.1493,189086
7275,0.1493,2.787,-0.8052,1.7713,286893
7276,1.7713,2.5658,1.4245,2.4583,430885
7277,2.4583,2.6986,1.6254,2.5342,667882
7278,2.5342,3.4095,1.4869,1.6057,274310
7279,1.6057,3.3113,1.1487,3.1657,926849
7280,3.1657,3.567,2.2294,2.7101,162669
7281,2.7101,3.1143,1.339,1.4027,796279
7282,1.4027,3.9049,1.3543,3.5068,574921
7283,3.5068,3.9052,2.6155,3.4974,831656
7284,3.4974,4.2464,1.4946,1.6567,255448
7285,1.6567,1.7097,0.2082,0.3611,888645
7286,0.3611,1.0104,-1.5555,-0.9134,634526
7287,-0.9134,-0.5904,-1.421,-1.4172,396372
7288,-1.4172,-1.2814,-2.6341,-2.4737,767690
7289,-2.4737,-1.5657,-3.2552,-3.1057,491610
7290,-3.1057,-2.8057,-4.0392,-3.991,106977
7291,-3.991,-2.9197,-4.9402,-2.9586,899139
7292,-2.9586,-2.922,-4.031,-3.8487,993542
7293,-3.8487,-3.1984,-4.6149,-3.6086,727405
7294,-3.6086,-3.4747,-4.74,-4.4505,381740
7295,-4.4505,-3.3463,-4.5337,-3.6917,246075
7296,-3.6917,-2.8473,-4.4905,-2.9919,645435
7297,-2.9919,-2.2449,-3.3546,-3.2922,181447
7298,-3.2922,-2.6569,-3.6243,-3.5733,951348
7299,-3.5733,-1.9011,-3.7276,-2.4606,503624
7300,-2.4606,-0.2513,-2.7034,-1.0324,315466
7301,-1.0324,1.0279,-1.2413,0.2295,371562
7302,0.2295,0.3834,-2.8641,-2.1049,867868
7303,-2.1049,-0.6899,-2.7885,-1.3838,320701
7304,-1.3838,-1.1885,-3.8163,-2.9766,808457
7305,-2.9766,-0.6893,-3.0795,-1.3768,252083
7306,-1.3768,-0.1639,-1.4996,-0.7154,423280
7307,-0.7154,-0.3895,-1.9373,-1.6795,287306
7308,-1.6795,-1.2288,-1.9545,-1.7004,393140
7309,-1.7004,-1.1546,-1.9202,-1.8657,174508
7310,-1.8657,-1.6036,-2.3304,-2.3012,755883
7311,-2.3012,-0.3174,-3.1424,-0.4092,963807
7312,-0.4092,-0.134,-2.8515,-2.3102,635065
7313,-2.3102,-0.5225,-3.1166,-0.8764,208739
7314,-0.8764,-0.6044,-0.894,-0.8558,370627
7315,-0.8558,-0.6331,-1.5278,-1.4797,192763
7316,-1.4797,-0.9648,-2.1751,-1.8813,154315
7317,-1.8813,-1.6615,-2.9907,-2.7236,371776
7318,-2.7236,-0.8912,-2.8935,-1.1926,758502
7319,-1.1926,-0.4465,-1.8877,-1.0444,402833
7320,-1.0444,-0.953,-1.8238,-1.4637,999989
7321,-1.4637,-0.3043,-3.6446,-2.7555,755208
7322,-2.7555,-2.5907,-3.498,-3.454,604285
7323,-3.454,-1.9189,-3.62,-2.3789,938279
7324,-2.3789,-1.3998,-3.0738,-1.8605,754366
7325,-1.8605,-1.8182,-2.9185,-2.0959,465561
7326,-2.0959,-1.4986,-2.7106,-2.4214,653054
7327,-2.4214,-1.9765,-3.5606,-2.9412,424527
7328,-2.9412,-2.723,-3.2719,-2.7884,993475
7329,-2.7884,-1.4678,-2.9044,-2.102,376694
7330,-2.102,-1.7879,-2.8442,-1.8251,220237
7331,-1.8251,-0.0898,-1.9794,-0.5903,993721
7332,-0.5903,0.3399,-1.3221,-1.1591,774336
7333,-1.1591,-0.9588,-1.5188,-1.0452,568168
7334,-1.0452,-0.1725,-1.3085,-0.8281,776632
7335,-0.8281,-0.4338,-2.2706,-2.1988,945298
7336,-2.1988,-2.1773,-3.996,-3.8612,820493
7337,-3.8612,-2.6771,-4.8086,-3.4294,563364
7338,-3.4294,-3.3722,-4.724,-4.3303,239095
7339,-4.3303,-3.8272,-4.7979,-4.6908,878708
7340,-4.6908,-4.4062,-6.0455,-5.9199,468861
7341,-5.9199,-4.6564,-6.1461,-4.8628,830866
7342,-4.8628,-2.4926,-5.1937,-2.9191,484363
7343,-2.9191,-2.459,-4.6784,-4.108,244143
7344,-4.108,-1.9829,-5.1678,-3.3859,344301
7345,-3.3859,-3.318,-4.8779,-4.3042,274447
7346,-4.3042,-4.1702,-5.9374,-5.7071,234248
7347,-5.7071,-3.3935,-6.9431,-4.6427,303191
7348,-4.6427,-2.5789,-5.5874,-2.7795,450046
7349,-2.7795,-1.9315,-3.3182,-2.0456,957202
7350,-2.0456,-0.0191,-2.1158,-0.0313,919468
7351,-0.0313,2.0476,-0.87,0.1788,332119
7352,0.1788,0.6473,-0.6313,0.5933,304390
7353,0.5933,1.9339,0.4219,1.6227,518485
7354,1.6227,2.0905,1.1439,2.0743,212629
7355,2.0743,2.3969,1.8591,1.9004,985099
7356,1.9004,2.7287,0.2562,0.5953,856506
7357,0.5953,1.6765,0.1402,1.3303,937633
7358,1.3303,1.5306,0.3135,0.8604,307493
7359,0.8604,1.3983,0.4021,1.3866,460222
7360,1.3866,1.512,0.346,1.195,307790
7361,1.195,2.9932,0.9797,2.3168,706752
7362,2.3168,2.6419,0.9931,1.7607,287107
7363,1.7607,3.7389,1.5713,3.5382,760014
7364,3.5382,3.5749,1.5502,1.7114,588896
7365,1.7114,1.8512,0.9241,1.2323,130626
7366,1.2323,3.4951,1.1575,3.4918,277762
7367,3.4918,4.5121,3.202,3.67,583665
7368,3.67,3.798,2.0607,2.3798,352837
7369,2.3798,2.8867,0.5992,1.0096,538179
7370,1.0096,2.5571,0.6781,1.4777,342443
7371,1.4777,1.7931,0.6988,1.5667,663669
7372,1.5667,1.5798,0.5702,1.3323,202304
7373,1.3323,2.772,1.2635,2.5689,979519
7374,2.5689,2.98,2.2676,2.6892,859735
7375,2.6892,3.022,2.0251,2.1625,430884
7376,2.1625,2.4771,1.1399,1.6771,300212
7377,1.6771,1.8783,1.1442,1.2524,741959
7378,1.2524,2.4854,0.8555,2.1091,682923
7379,2.1091,3.5045,1.6392,3.4653,283760
7380,3.4653,3.5057,3.0684,3.3322,992840
7381,3.3322,4.6203,2.6716,3.7431,652248
7382,3.7431,4.9299,3.0528,4.0648,709244
7383,4.0648,4.1041,3.183,3.3685,120571
7384,3.3685,5.2024,2.7908,4.8607,436717
7385,4.8607,5.2282,2.6846,3.5559,801439
7386,3.5559,3.8949,2.4228,3.1543,214990
7387,3.1543,4.2607,2.5699,4.2215,571607
7388,4.2215,4.7745,2.4303,3.081,462945
7389,3.081,3.4812,-0.4266,0.1373,883749
7390,0.1373,0.4901,-0.4398,0.1783,578703
7391,0.1783,0.8456,-0.257,0.2055,901519
7392,0.2055,1.8925,0.2018,1.28,266678
7393,1.28,2.4097,1.1662,1.9612,417222
7394,1.9612,2.3905,1.5896,2.3686,709304
7395,2.3686,2.9948,1.647,2.0051,643345
7396,2.0051,2.8414,1.2029,1.941,360127
7397,1.941,2.9435,1.5877,2.3304,473282
7398,2.3304,4.4998,2.0398,3.8226,431201
7399,3.8226,4.2098,3.6967,4.1317,234655
7400,4.1317,4.1999,4.0605,4.1466,231824
7401,4.1466,5.0644,3.9341,4.5381,299302
7402,4.5381,5.9819,4.2354,5.9684,762247
7403,5.9684,6.4318,5.1773,5.3538,253010
7404,5.3538,5.4059,3.1084,3.5147,554492
7405,3.5147,3.8593,2.9142,3.4368,452293
7406,3.4368,3.6283,2.6723,3.3027,130046
7407,3.3027,4.6026,2.5792,4.5615,754531
7408,4.5615,5.2384,4.2202,5.2337,872971
7409,5.2337,6.0756,4.7502,5.7208,791914
7410,5.7208,6.2528,4.7604,5.2202,277932
7411,5.2202,5.3111,3.5253,4.2975,182229
7412,4.2975,6.9817,4.2512,6.0928,808202
7413,6.0928,6.1651,5.8589,5.9315,473350
7414,5.9315,7.0984,5.4957,6.3585,691239
7415,6.3585,7.2715,4.4133,4.7334,776104
7416,4.7334,5.5591,4.0048,5.2459,476620
7417,5.2459,7.3181,5.2278,7.0898,292067
7418,7.0898,8.6098,6.9999,8.2561,496431
7419,8.2561,8.3081,7.7911,7.9298,740385
7420,7.9298,8.7458,4.9615,5.8389,126994
7421,5.8389,6.3055,5.1255,5.3124,272244
7422,5.3124,6.3343,4.8237,5.102,766135
7423,5.102,5.3389,3.2967,3.8469,312750
7424,3.8469,4.2001,3.136,3.263,337620
7425,3.263,5.2939,2.5693,5.0448,553027
7426,5.0448,5.7,4.4663,4.974,151982
7427,4.974,5.6484,4.3696,5.0511,705759
7428,5.0511,5.2221,3.5925,4.4763,957071
7429,4.4763,6.6412,4.1725,5.6463,422494
7430,5.6463,8.2539,5.527,7.5924,259123
7431,7.5924,9.604,7.3983,9.0042,840290
7432,9.0042,9.1852,8.0859,8.0909,569001
7433,8.0909,9.0754,7.8328,8.9505,443584
7434,8.9505,10.6682,8.9487,10.2462,822142
7435,10.2462,10.9795,9.7288,10.4866,761189
7436,10.4866,11.5212,10.1228,10.8866,893206
7437,10.8866,11.0305,9.9735,10.3127,986511
7438,10.3127,10.9671,9.661,10.9168,712521
7439,10.9168,12.2355,9.5507,10.037,552437
7440,10.037,10.2075,9.6272,9.7125,606726
7441,9.7125,9.8252,9.402,9.5232,569020
7442,9.5232,9.5852,8.7288,9.0727,217919
7443,9.0727,9.2879,7.5353,7.5486,833430
7444,7.5486,7.982,7.4631,7.5058,100291
7445,7.5058,8.1292,6.9863,7.8992,273720
7446,7.8992,9.8006,7.8715,9.5656,888374
7447,9.5656,10.2539,9.4372,10.1918,519127
7448,10.1918,11.305,10.1412,11.0904,437304
7449,11.0904,12.9326,10.9669,12.6525,365683
7450,12.6525,13.2502,12.0203,12.2934,270723
7451,12.2934,12.803,10.1507,10.8686,402438
7452,10.8686,12.9922,10.5273,12.3284,765725
7453,12.3284,12.8511,10.2036,10.7503,173335
7454,10.7503,11.421,9.8813,10.1811,169122
7455,10.1811,10.3365,9.7252,10.3328,637701
7456,10.3328,12.6714,10.047,12.5864,852019
7457,12.5864,13.9872,12.3983,13.8214,942186
7458,13.8214,14.2071,11.6847,12.1186,920600
7459,12.1186,13.2728,11.7383,12.961,286782
7460,12.961,14.5991,12.3062,14.0608,351503
7461,14.0608,15.0797,11.5427,12.5204,873644
7462,12.5204,13.1021,12.3848,13.05,146945
7463,13.05,13.7589,12.9142,13.7416,936024
7464,13.7416,14.3491,13.4472,13.4624,413880
7465,13.4624,14.5294,12.9827,14.0789,195595
7466,14.0789,14.4676,12.8357,13.8267,983477
7467,13.8267,15.7816,13.7798,15.2864,684699
7468,15.2864,16.6886,12.8843,13.6917,632718
7469,13.6917,15.8965,13.1674,14.8477,183972
7470,14.8477,15.8359,14.442,15.3465,143259
7471,15.3465,15.8359,13.9716,14.5695,218583
7472,14.5695,14.9234,13.0651,13.6917,307020
7473,13.6917,14.5623,12.5712,12.8663,263898
7474,12.8663,13.502,11.7742,12.571,557171
7475,12.571,12.5945,10.6262,10.9747,235579
7476,10.9747,12.0787,10.7041,11.7719,696474
7477,11.7719,12.146,10.4453,10.7426,996798
7478,10.7426,11.1291,8.4205,9.3067,893325
7479,9.3067,9.9854,8.4424,8.9021,592815
7480,8.9021,9.3637,8.3669,8.4644,409401
7481,8.4644,9.0779,8.131,8.9316,479973
7482,8.9316,9.6493,8.8713,9.1434,346676
7483,9.1434,10.8231,9.0667,10.3615,329597
7484,10.3615,10.508,9.8145,10.3043,138251
7485,10.3043,10.3549,9.087,9.9215,330988
7486,9.9215,10.134,7.9228,8.5196,312477
7487,8.5196,8.7215,7.5347,7.729,126853
7488,7.729,10.2823,7.3497,9.7321,830399
7489,9.7321,10.6695,9.5035,9.6165,844926
7490,9.6165,9.8124,8.9601,9.4765,406432
7491,9.4765,9.7403,8.0277,8.3137,923097
7492,8.3137,8.7358,6.4151,7.0086,538400
7493,7.0086,9.9102,6.7636,8.8026,656796
7494,8.8026,9.757,8.7324,9.0647,508870
7495,9.0647,10.5452,8.8019,9.9848,863174
7496,9.9848,10.3057,9.0158,9.6405,358889
7497,9.6405,9.917,8.2313,8.8131,410856
7498,8.8131,9.9851,8.6745,9.507,871012
7499,9.507,9.7737,8.883,9.3853,522471
7500,9.3853,9.5983,8.5011,9.261,901123
7501,9.261,10.2457,7.7533,8.3317,717743
7502,8.3317,10.2625,7.673,9.6398,961583
7503,9.6398,11.5202,8.9911,11.092,586128
7504,11.092,12.9931,10.7545,12.2079,377597
7505,12.2079,12.2628,10.4691,11.4221,635046
7506,11.4221,12.0179,10.0393,10.6844,471757
7507,10.6844,10.8938,10.1822,10.382,547872
7508,10.382,11.5673,10.3395,10.8097,140324
7509,10.8097,11.8707,9.6802,11.6876,285653
7510,11.6876,11.7461,10.4295,10.7059,233163
7511,10.7059,11.2996,10.1612,10.9954,451250
7512,10.9954,13.1153,10.8674,12.5223,770612
7513,12.5223,12.6201,10.3165,11.1464,507354
7514,11.1464,12.1185,9.1535,9.9373,150908
7515,9.9373,10.0193,9.4201,9.9556,304895
7516,9.9556,11.2736,9.7522,11.2064,747092
7517,11.2064,11.2519,9.8641,10.247,964611
7518,10.247,11.0022,9.9579,10.7083,234472
7519,10.7083,12.3071,10.6943,11.6583,176677
7520,11.6583,12.2775,10.7283,11.5464,343780
7521,11.5464,12.3709,11.3262,11.462,349447
7522,11.462,11.7475,8.8599,9.7085,352933
7523,9.7085,12.0385,9.1929,11.8295,300200
7524,11.8295,12.1353,10.4702,11.3141,277151
7525,11.3141,12.3978,10.9753,11.9306,589592
7526,11.9306,12.0893,10.3814,10.7762,780692
7527,10.7762,11.3225,10.5204,11.1816,183456
7528,11.1816,12.3673,10.8841,10.9431,878944
7529,10.9431,12.2754,10.2156,11.9245,964102
7530,11.9245,12.1398,11.294,11.9039,235543
7531,11.9039,13.1538,10.5908,10.9008,795121
7532,10.9008,11.8442,10.3666,11.828,295339
7533,11.828,12.3423,10.8528,11.2414,949744
7534,11.2414,11.6343,11.0271,11.485,291886
7535,11.485,12.0493,10.8709,11.136,774086
7536,11.136,12.0668,10.919,10.965,234184
7537,10.965,11.7351,10.0408,10.346,394242
7538,10.346,11.4921,10.1152,10.9819,573747
7539,10.9819,11.0947,10.2286,10.3802,324575
7540,10.3802,10.6157,10.0704,10.4287,762595
7541,10.4287,12.5999,9.63,11.4202,497242
7542,11.4202,14.3787,11.3371,13.8972,440977
7543,13.8972,14.4735,13.3368,14.4015,388857
7544,14.4015,14.5966,13.5124,14.0684,171127
7545,14.0684,14.2141,13.5603,13.8964,715612
7546,13.8964,14.3582,13.1811,14.0131,451023
7547,14.0131,14.263,13.0247,13.6001,222637
7548,13.6001,15.3096,13.0722,14.8038,131019
7549,14.8038,16.3231,14.445,15.6608,959225
7550,15.6608,15.7945,14.682,15.3797,209603
7551,15.3797,15.7141,14.9663,15.5201,631792
7552,15.5201,15.8497,14.7155,15.0788,375301
7553,15.0788,15.496,14.5374,14.8524,635643
7554,14.8524,15.2868,14.1932,14.5635,829696
7555,14.5635,14.9971,14.1251,14.1786,348964
7556,14.1786,15.3958,13.9129,14.9171,659999
7557,14.9171,16.0005,14.2205,15.5304,771680
7558,15.5304,16.5526,15.1205,16.4423,365043
7559,16.4423,16.7858,15.4501,15.4937,420350
7560,15.4937,15.9832,14.0814,14.2457,161937
7561,14.2457,14.3596,12.7809,13.0791,463123
7562,13.0791,14.652,11.5782,12.1109,828098
7563,12.1109,13.1111,11.616,12.7612,329614
7564,12.7612,14.0881,11.7529,12.1263,297631
7565,12.1263,14.405,11.9949,13.629,927842
7566,13.629,13.6946,13.189,13.4771,267595
7567,13.4771,14.403,12.3983,14.0838,495074
7568,14.0838,14.1681,12.9505,13.2802,205893
7569,13.2802,14.3827,12.289,12.3717,296508
7570,12.3717,12.8153,9.8791,10.2173,513848
7571,10.2173,10.7946,9.9248,10.02,462420
7572,10.02,11.5236,9.0854,10.0276,786088
7573,10.0276,10.0525,9.4804,9.9569,745343
7574,9.9569,10.7775,8.4255,9.7563,867249
7575,9.7563,12.5543,9.5886,11.6592,214353
7576,11.6592,12.6605,9.7007,10.2596,872845
7577,10.2596,10.2813,7.7011,8.258,811122
7578,8.258,8.2791,7.7259,7.9929,335285
7579,7.9929,8.9866,7.9687,8.3326,369427
7580,8.3326,8.6052,7.6262,8.4739,998470
7581,8.4739,8.6007,7.8564,7.9271,460798
7582,7.9271,8.0527,5.7585,5.7852,345847
7583,5.7852,6.0757,5.1913,5.35,922731
7584,5.35,6.1691,4.9118,6.0435,830235
7585,6.0435,7.0548,5.4698,5.6955,568769
7586,5.6955,6.0565,4.5849,5.5088,489697
7587,5.5088,8.3935,5.458,7.6391,449918
7588,7.6391,7.9197,7.0036,7.8598,179513
7589,7.8598,7.9664,7.1103,7.8686,302972
7590,7.8686,8.3683,6.7929,7.2847,576124
7591,7.2847,8.4327,7.041,8.176,425286
7592,8.176,9.5964,8.1158,8.9652,662881
7593,8.9652,9.799,7.0056,7.3537,549676
7594,7.3537,8.5972,6.2265,8.5639,287716
7595,8.5639,9.2211,8.3955,8.9598,546890
7596,8.9598,9.5145,8.0802,8.1191,567700
7597,8.1191,8.1901,6.9536,7.1749,482630
7598,7.1749,9.1028,6.3396,8.8806,180368
7599,8.8806,9.5528,8.5192,8.8228,832623
7600,8.8228,10.015,8.032,8.4646,687121
7601,8.4646,8.9558,8.2405,8.6567,272789
7602,8.6567,8.7197,6.6927,6.7434,830270
7603,6.7434,7.2331,6.657,7.0327,167496
7604,7.0327,7.0713,6.6051,6.8389,377153
7605,6.8389,7.7665,6.7037,7.6783,974638
7606,7.6783,8.5782,7.6772,8.2867,167127
7607,8.2867,9.6766,7.4336,9.6459,572117
7608,9.6459,11.3894,9.0905,10.6846,446026
7609,10.6846,12.3139,10.3281,11.4697,116693
7610,11.4697,12.2172,8.8913,10.0816,692806
7611,10.0816,10.1747,9.1216,9.6904,577284
7612,9.6904,10.123,9.3254,9.5557,651787
7613,9.5557,9.7999,8.4907,8.5555,980027
7614,8.5555,10.0774,8.3032,9.6448,140549
7615,9.6448,10.2175,9.4659,9.9196,707164
7616,9.9196,11.2533,9.7101,10.695,448258
7617,10.695,11.2611,7.2462,8.119,658404
7618,8.119,8.844,6.6359,6.7791,777629
7619,6.7791,7.6163,5.0113,5.3208,791398
7620,5.3208,5.608,5.3166,5.5484,204068
7621,5.5484,6.1946,3.7099,4.777,708334
7622,4.777,6.4949,3.9032,6.2446,757141
7623,6.2446,6.3399,5.7311,6.3011,406298
7624,6.3011,7.063,6.0409,6.0811,880735
7625,6.0811,6.5623,4.6182,5.6766,571370
7626,5.6766,6.8207,5.1738,6.5587,947587
7627,6.5587,6.5675,2.6963,3.6292,928389
7628,3.6292,4.6687,3.1197,3.8786,954003
7629,3.8786,7.386,3.5416,6.5927,546565
7630,6.5927,7.1807,6.3012,7.0162,541002
7631,7.0162,8.4174,6.3776,7.7983,415585
7632,7.7983,8.5941,6.0449,6.6726,337453
7633,6.6726,7.1396,6.0954,6.122,333354
7634,6.122,6.4618,4.9411,5.1374,498356
7635,5.1374,6.1813,4.5708,5.9607,347568
7636,5.9607,6.3184,4.6458,4.7788,387744
7637,4.7788,6.3292,4.7615,6.1689,317203
7638,6.1689,8.5719,6.1483,7.8949,105004
7639,7.8949,8.6396,7.6503,7.6588,383338
7640,7.6588,7.7595,5.5927,6.2845,399489
7641,6.2845,7.4384,6.1243,7.3474,880209
7642,7.3474,8.631,6.3374,6.6035,572479
7643,6.6035,7.0403,5.5386,5.7342,932421
7644,5.7342,7.1871,5.5788,6.9059,646446
7645,6.9059,7.6033,6.6378,6.9257,138609
7646,6.9257,9.2748,6.4797,8.4778,126257
7647,8.4778,8.9371,7.4783,8.6002,178625
7648,8.6002,9.6296,8.1789,8.1874,296581
7649,8.1874,9.4976,7.9583,8.7711,141300
7650,8.7711,8.7917,7.7581,8.0332,424867
7651,8.0332,8.7966,7.6732,8.1843,281881
7652,8.1843,8.313,6.9175,7.4016,353019
7653,7.4016,7.741,4.7857,6.026,454686
7654,6.026,6.1515,5.9345,5.9918,296569
7655,5.9918,6.5413,5.0662,6.3295,613338
7656,6.3295,6.7364,6.2908,6.4964,635171
7657,6.4964,7.5844,6.4761,6.8155,834144
7658,6.8155,7.0191,5.9287,5.9997,261135
7659,5.9997,6.0099,5.6165,5.6972,886467
7660,5.6972,5.9316,4.8018,5.2418,979077
7661,5.2418,6.2707,4.3809,5.0815,281966
7662,5.0815,5.4178,4.7353,5.2964,851074
7663,5.2964,5.4693,4.4985,4.5947,875989
7664,4.5947,5.9938,4.0286,5.4541,525752
7665,5.4541,5.9808,2.8953,3.7951,409544
7666,3.7951,4.0894,3.0799,4.0561,265081
7667,4.0561,5.8807,3.5563,5.7134,575071
7668,5.7134,6.3212,4.988,5.8976,154416
7669,5.8976,8.0552,5.6625,7.5617,207775
7670,7.5617,7.7318,5.859,6.1268,894741
7671,6.1268,6.259,5.7196,5.7671,268842
7672,5.7671,6.7018,5.6538,6.2399,680147
7673,6.2399,6.295,5.0422,5.4066,969428
7674,5.4066,5.7247,3.8329,4.0369,470103
7675,4.0369,4.0371,3.3891,3.9026,981290
7676,3.9026,4.0871,3.2971,3.3096,140383
7677,3.3096,4.1218,3.1505,3.6403,126966
7678,3.6403,3.7699,3.1862,3.2499,132231
7679,3.2499,3.3442,1.8996,2.5994,497230
7680,2.5994,2.6717,1.6654,2.2602,276649
7681,2.2602,3.0502,2.0075,3.0246,291760
7682,3.0246,3.428,2.0528,2.2436,356273
7683,2.2436,3.1496,0.8683,1.3684,531287
7684,1.3684,2.0559,0.3399,0.4009,270227
7685,0.4009,1.7242,0.2431,1.2525,696898
7686,1.2525,2.3782,-0.359,0.5727,321134
7687,0.5727,1.7432,0.5565,1.5743,661757
7688,1.5743,2.1511,-0.3838,0.6872,994462
7689,0.6872,2.0627,0.1053,1.6557,996863
7690,1.6557,1.7495,-0.2104,-0.1528,996263
7691,-0.1528,0.1279,-0.4908,0.1048,104570
7692,0.1048,0.2096,-1.0282,-0.5827,480992
7693,-0.5827,-0.4648,-0.831,-0.8185,850064
7694,-0.8185,-0.1837,-2.2684,-1.4064,646346
7695,-1.4064,-1.0029,-2.8031,-2.5452,963455
7696,-2.5452,-1.9353,-2.815,-2.0675,321298
7697,-2.0675,-1.0663,-2.0712,-1.4754,320342
7698,-1.4754,-0.7283,-1.7388,-1.3955,205605
7699,-1.3955,-0.6749,-2.9794,-2.4879,714355
7700,-2.4879,-2.4109,-4.2917,-4.0032,205727
7701,-4.0032,-2.5407,-4.1414,-3.0641,978752
7702,-3.0641,-2.6694,-3.1576,-2.7181,215220
7703,-2.7181,-0.0061,-2.808,-0.5798,997039
7704,-0.5798,0.3467,-1.5021,-0.3625,213683
7705,-0.3625,0.5778,-0.9774,0.3479,129279
7706,0.3479,0.4506,-2.1959,-0.8898,918589
7707,-0.8898,-0.3846,-1.6809,-1.5913,564584
7708,-1.5913,-0.7167,-2.5928,-2.2684,640002
7709,-2.2684,-0.8313,-3.0885,-1.2711,343805
7710,-1.2711,-1.123,-2.2328,-1.5355,394675
7711,-1.5355,-1.4968,-2.389,-2.0001,537417
7712,-2.0001,-1.7952,-3.2134,-2.9644,563697
7713,-2.9644,-0.5819,-3.3617,-1.4658,881266
7714,-1.4658,-1.0923,-2.7978,-2.5319,883740
7715,-2.5319,-2.1114,-3.8091,-3.2745,573353
7716,-3.2745,-2.602,-3.7213,-2.6762,404603
7717,-2.6762,-2.3128,-3.3282,-2.3551,755137
7718,-2.3551,-1.9375,-3.0212,-2.4643,860469
7719,-2.4643,-1.8757,-3.1225,-2.5518,404725
7720,-2.5518,-1.1965,-3.308,-1.5791,561248
7721,-1.5791,-0.7753,-2.6276,-1.9039,763384
7722,-1.9039,-1.6339,-3.2013,-3.1836,329776
7723,-3.1836,-2.9556,-3.911,-3.8752,499257
7724,-3.8752,-2.5812,-4.4179,-2.979,425000
7725,-2.979,-2.0299,-3.3389,-2.6927,431440
7726,-2.6927,-2.396,-5.4306,-4.9115,872922
7727,-4.9115,-4.8729,-6.7667,-6.487,798367
7728,-6.487,-6.2229,-8.2325,-7.4201,506823
7729,-7.4201,-7.4078,-9.292,-8.5857,432943
7730,-8.5857,-6.9392,-8.7575,-7.1208,295142
7731,-7.1208,-6.8038,-9.0447,-8.9681,323487
7732,-8.9681,-8.399,-11.1833,-10.7906,115324
7733,-10.7906,-9.8773,-11.0223,-10.0331,984945
7734,-10.0331,-8.7896,-10.1597,-9.2018,719190
7735,-9.2018,-8.6659,-11.8944,-11.0418,194970
7736,-11.0418,-10.745,-12.0992,-11.9512,607275
7737,-11.9512,-10.891,-12.2397,-11.6035,427612
7738,-11.6035,-11.3669,-12.6625,-11.562,937116
7739,-11.562,-10.8623,-11.631,-11.3859,118739
7740,-11.3859,-9.4882,-12.2143,-9.7638,920139
7741,-9.7638,-8.5546,-9.9793,-8.6066,277609
7742,-8.6066,-8.23,-9.6726,-9.5159,431036
7743,-9.5159,-7.9923,-9.6123,-8.451,935999
7744,-8.451,-7.2242,-8.6048,-7.2956,354625
7745,-7.2956,-6.8166,-8.2521,-8.1352,660238
7746,-8.1352,-7.6493,-9.8465,-9.0389,931268
7747,-9.0389,-7.044,-9.6065,-8.2388,972874
7748,-8.2388,-7.5448,-8.7101,-7.6511,973079
7749,-7.6511,-7.0018,-8.8294,-8.498,558077
7750,-8.498,-7.6872,-9.6166,-9.2927,420509
7751,-9.2927,-6.2345,-9.3012,-6.3075,552467
7752,-6.3075,-6.2982,-6.9069,-6.7457,280830
7753,-6.7457,-6.6664,-7.9656,-7.6947,388954
7754,-7.6947,-6.3232,-8.2834,-6.7037,621176
7755,-6.7037,-6.5266,-8.3001,-7.3196,800592
7756,-7.3196,-6.352,-8.904,-8.0394,883306
7757,-8.0394,-7.5847,-9.7872,-8.5526,895017
7758,-8.5526,-7.9274,-8.9858,-8.9201,681606
7759,-8.9201,-8.4631,-9.519,-8.4959,596681
7760,-8.4959,-7.0162,-8.6225,-7.197,432481
7761,-7.197,-6.9694,-7.3279,-7.1129,649980
7762,-7.1129,-6.6595,-7.8124,-6.9372,313627
7763,-6.9372,-6.0342,-6.9665,-6.6706,266446
7764,-6.6706,-4.5977,-6.682,-5.3412,312583
7765,-5.3412,-5.139,-6.7059,-6.3528,956854
7766,-6.3528,-4.4336,-6.6055,-5.0765,575392
7767,-5.0765,-3.9193,-6.3977,-5.5683,470992
7768,-5.5683,-5.0817,-5.9237,-5.775,772958
7769,-5.775,-4.8223,-6.0935,-6.0519,309327
7770,-6.0519,-5.7375,-6.0692,-5.9574,364551
7771,-5.9574,-5.4486,-6.1086,-6.0031,755137
7772,-6.0031,-4.8814,-6.2114,-5.2239,126987
7773,-5.2239,-5.0769,-6.5569,-6.4689,785462
7774,-6.4689,-6.0358,-8.4732,-8.1616,315656
7775,-8.1616,-7.7579,-10.1207,-9.3677,594699
7776,-9.3677,-8.4465,-9.8821,-9.5415,345363
7777,-9.5415,-9.3664,-11.0586,-10.3306,375359
7778,-10.3306,-9.8626,-10.7276,-10.5751,648873
7779,-10.5751,-9.2151,-10.685,-9.2852,829336
7780,-9.2852,-9.0261,-10.4792,-10.0099,379857
7781,-10.0099,-8.6136,-10.297,-9.1573,440969
7782,-9.1573,-8.8904,-9.9689,-9.1203,862201
7783,-9.1203,-7.1043,-9.263,-7.4439,449740
7784,-7.4439,-3.5211,-8.2599,-4.9685,567424
7785,-4.9685,-4.4107,-5.2843,-4.476,225194
7786,-4.476,-4.4208,-4.8056,-4.5303,698490
7787,-4.5303,-3.4333,-6.3659,-6.1259,604166
7788,-6.1259,-5.4233,-7.5708,-6.7495,303900
7789,-6.7495,-5.8904,-7.12,-6.4471,983123
7790,-6.4471,-6.3648,-6.8925,-6.7298,563213
7791,-6.7298,-6.7084,-8.0252,-7.5747,394103
7792,-7.5747,-7.4122,-8.3883,-8.3868,338945
7793,-8.3868,-7.8058,-9.4525,-9.0228,392996
7794,-9.0228,-8.905,-11.7884,-11.0608,686553
7795,-11.0608,-10.2965,-12.5735,-11.9508,552174
7796,-11.9508,-10.6247,-11.9631,-10.6549,898023
7797,-10.6549,-9.8243,-12.0097,-11.6703,773749
7798,-11.6703,-10.7058,-11.9874,-10.9312,329903
7799,-10.9312,-10.7239,-11.7954,-11.4896,520202
7800,-11.4896,-10.9634,-11.6657,-11.1239,965915
7801,-11.1239,-10.3063,-12.4903,-12.3944,155306
7802,-12.3944,-11.5753,-14.1308,-12.9895,559091
7803,-12.9895,-12.7964,-14.4114,-14.023,145638
7804,-14.023,-13.1366,-14.651,-13.4605,183419
7805,-13.4605,-12.4679,-13.5588,-12.5516,406298
7806,-12.5516,-12.3892,-12.788,-12.6237,301418
7807,-12.6237,-11.2772,-12.8274,-11.7107,336800
7808,-11.7107,-11.4567,-12.0068,-11.5793,267224
7809,-11.5793,-11.1933,-13.9565,-13.4379,739195
7810,-13.4379,-13.004,-14.3798,-13.2789,704456
7811,-13.2789,-13.133,-13.4526,-13.3905,593170
7812,-13.3905,-12.5765,-13.3919,-12.7204,983533
7813,-12.7204,-11.6328,-13.5436,-12.2898,138895
7814,-12.2898,-11.2485,-12.4867,-11.4191,173369
7815,-11.4191,-10.868,-11.9979,-11.5392,926473
7816,-11.5392,-10.7927,-13.4261,-13.0134,425664
7817,-13.0134,-12.7518,-13.8128,-13.7471,262171
7818,-13.7471,-13.2083,-14.1008,-13.6023,961730
7819,-13.6023,-13.0495,-14.0889,-13.3796,274366
7820,-13.3796,-12.9973,-14.9832,-14.0538,664760
7821,-14.0538,-13.9145,-16.2158,-16.167,136133
7822,-16.167,-15.5712,-16.9832,-16.6711,237828
7823,-16.6711,-16.0735,-17.2131,-16.2492,358750
7824,-16.2492,-15.366,-16.5655,-15.4767,513911
7825,-15.4767,-14.9438,-15.9813,-15.6975,355076
7826,-15.6975,-15.472,-15.948,-15.819,353803
7827,-15.819,-15.3258,-16.2335,-15.6251,870304
7828,-15.6251,-15.0514,-15.9243,-15.2026,177803
7829,-15.2026,-14.9609,-16.5259,-16.0063,230991
7830,-16.0063,-15.5762,-16.2017,-16.0729,234812
7831,-16.0729,-15.9998,-16.9506,-16.5998,666151
7832,-16.5998,-16.182,-16.6288,-16.3515,509225
7833,-16.3515,-16.2942,-16.7605,-16.4003,773493
7834,-16.4003,-15.985,-17.6386,-17.0019,492961
7835,-17.0019,-16.9603,-18.6096,-18.0527,168413
7836,-18.0527,-17.7512,-18.1877,-18.0335,728041
7837,-18.0335,-16.9413,-18.4946,-17.208,829173
7838,-17.208,-16.7389,-18.28,-18.1961,816166
7839,-18.1961,-18.0334,-18.9613,-18.8411,666679
7840,-18.8411,-18.419,-19.9718,-19.5256,760668
7841,-19.5256,-18.2739,-20.6825,-20.324,525772
7842,-20.324,-19.8168,-21.2657,-21.0793,367119
7843,-21.0793,-20.5971,-21.205,-20.7865,344268
7844,-20.7865,-20.475,-21.0699,-20.8312,774888
7845,-20.8312,-19.8449,-21.161,-20.532,616183
7846,-20.532,-20.4493,-22.1365,-22.033,161941
7847,-22.033,-20.6215,-22.2218,-21.6954,553981
7848,-21.6954,-20.8895,-21.9193,-20.9308,646112
7849,-20.9308,-20.1024,-21.1804,-20.5661,982469
7850,-20.5661,-19.893,-20.9189,-20.0001,384138
7851,-20.0001,-19.5369,-20.428,-20.2462,883459
7852,-20.2462,-18.2624,-20.2631,-19.1877,909737
7853,-19.1877,-17.3466,-19.2342,-17.9324,504075
7854,-17.9324,-16.6617,-18.1492,-16.8415,807660
7855,-16.8415,-14.1516,-16.8633,-14.2394,837023
7856,-14.2394,-13.4659,-14.8919,-13.8858,660159
7857,-13.8858,-13.6445,-15.6535,-15.3161,928383
7858,-15.3161,-14.8671,-17.6546,-17.1908,523630
7859,-17.1908,-16.8895,-19.4847,-19.0099,197596
7860,-19.0099,-18.618,-19.6224,-19.2478,133129
7861,-19.2478,-18.8923,-20.2591,-20.1726,796807
7862,-20.1726,-20.1139,-23.6361,-22.7891,162270
7863,-22.7891,-21.7622,-23.3983,-21.9246,175566
7864,-21.9246,-19.8904,-22.5168,-20.5086,270284
7865,-20.5086,-20.3171,-21.9691,-20.588,438213
7866,-20.588,-20.5142,-22.4067,-22.3133,641942
7867,-22.3133,-20.9306,-22.7607,-21.6623,745637
7868,-21.6623,-20.6255,-22.496,-21.4135,883102
7869,-21.4135,-18.8766,-21.583,-20.1036,856843
7870,-20.1036,-18.7996,-20.2552,-19.5223,867242
7871,-19.5223,-17.4647,-19.9108,-17.5246,261933
7872,-17.5246,-16.8723,-17.5728,-17.4918,683229
7873,-17.4918,-17.1633,-18.8872,-18.7889,622870
7874,-18.7889,-18.5736,-20.3317,-19.8648,784078
7875,-19.8648,-17.8707,-20.3474,-17.9993,837174
7876,-17.9993,-17.4102,-19.7258,-19.4715,561279
7877,-19.4715,-17.7711,-20.1449,-18.3859,945361
7878,-18.3859,-17.9833,-19.324,-18.1605,628871
7879,-18.1605,-17.258,-18.9867,-17.4254,160518
7880,-17.4254,-17.2702,-18.2578,-18.2255,276674
7881,-18.2255,-16.6425,-18.5312,-17.2197,410253
7882,-17.2197,-16.806,-18.8974,-18.2804,721283
7883,-18.2804,-18.0593,-20.6092,-20.0889,176164
7884,-20.0889,-19.823,-21.991,-21.4998,727894
7885,-21.4998,-21.4576,-24.0804,-23.5611,484122
7886,-23.5611,-22.3472,-24.2383,-22.801,917884
7887,-22.801,-22.6888,-23.2189,-22.8833,386141
7888,-22.8833,-22.4326,-23.1619,-22.8447,818341
7889,-22.8447,-21.4413,-24.1585,-24.0416,418691
7890,-24.0416,-23.6533,-25.4427,-24.56,973840
7891,-24.56,-24.2873,-25.9126,-25.0619,940375
7892,-25.0619,-24.5972,-26.6586,-25.896,757546
7893,-25.896,-24.9465,-25.9902,-25.6183,421231
7894,-25.6183,-24.6274,-25.9974,-25.3646,891352
7895,-25.3646,-24.8537,-26.0112,-25.5431,208582
7896,-25.5431,-25.2152,-25.7224,-25.382,754244
7897,-25.382,-24.8375,-26.0487,-25.4652,646491
7898,-25.4652,-24.449,-26.6413,-25.6098,935657
7899,-25.6098,-24.5665,-27.056,-26.8145,583342
7900,-26.8145,-26.3396,-28.0095,-27.5215,631229
7901,-27.5215,-27.2022,-27.6049,-27.5147,172228
7902,-27.5147,-27.0628,-28.2498,-27.3009,902852
7903,-27.3009,-27.0056,-29.0156,-28.4741,200742
7904,-28.4741,-26.5663,-28.7512,-27.0088,626741
7905,-27.0088,-26.2048,-27.1596,-26.6504,168671
7906,-26.6504,-26.5979,-27.8412,-27.2732,295074
7907,-27.2732,-26.8222,-28.3055,-27.7042,751328
7908,-27.7042,-26.0211,-27.7555,-26.3809,396481
7909,-26.3809,-25.9234,-27.0227,-26.8951,707983
7910,-26.8951,-26.2191,-28.1292,-26.419,328223
7911,-26.419,-26.4125,-27.3843,-26.9102,869044
7912,-26.9102,-26.5595,-27.4957,-27.2755,431550
7913,-27.2755,-27.0826,-28.6499,-28.5172,621108
7914,-28.5172,-27.4428,-28.8744,-28.0672,559614
7915,-28.0672,-27.0698,-29.4316,-29.2579,349212
7916,-29.2579,-29.0846,-31.4536,-30.5055,436169
7917,-30.5055,-29.7105,-31.0301,-30.4325,723450
7918,-30.4325,-27.4863,-30.4507,-28.0599,860528
7919,-28.0599,-27.1148,-28.2913,-27.3159,371141
7920,-27.3159,-26.943,-27.7314,-27.0832,414767
7921,-27.0832,-27.0691,-29.0321,-28.6254,416546
7922,-28.6254,-28.079,-28.8408,-28.2506,971820
7923,-28.2506,-26.9096,-29.0594,-27.4911,269285
7924,-27.4911,-26.6671,-28.1839,-27.6498,505636
7925,-27.6498,-27.2337,-28.5575,-28.2734,279520
7926,-28.2734,-27.7732,-29.1586,-28.7932,900920
7927,-28.7932,-26.7715,-29.0092,-28.0956,392061
7928,-28.0956,-27.414,-29.756,-29.2591,305046
7929,-29.2591,-27.6543,-29.3863,-27.9893,154398
7930,-27.9893,-26.1896,-28.0762,-26.208,231316
7931,-26.208,-26.1391,-28.5525,-27.8642,413926
7932,-27.8642,-27.4817,-28.1037,-27.6368,928740
7933,-27.6368,-25.6776,-27.8189,-25.6862,889562
7934,-25.6862,-25.1705,-27.2691,-26.8147,944258
7935,-26.8147,-26.5452,-27.794,-27.2521,664890
7936,-27.2521,-25.6281,-27.7972,-25.6438,957919
7937,-25.6438,-25.0171,-26.3528,-25.4317,190670
7938,-25.4317,-25.1648,-25.9808,-25.4566,869582
7939,-25.4566,-24.9995,-25.959,-25.7509,979911
7940,-25.7509,-24.7894,-26.2548,-25.6063,890910
7941,-25.6063,-24.9924,-25.829,-25.2658,391000
7942,-25.2658,-25.0082,-26.2001,-26.0504,920829
7943,-26.0504,-23.9954,-26.2573,-24.221,450447
7944,-24.221,-23.5066,-24.5159,-23.5839,697250
7945,-23.5839,-23.565,-23.7726,-23.6647,500341
7946,-23.6647,-23.4839,-24.3339,-24.0218,446429
7947,-24.0218,-21.5278,-24.3841,-22.1091,849880
7948,-22.1091,-22.0652,-25.0314,-24.2725,748668
7949,-24.2725,-23.9155,-24.5663,-23.966,572940
7950,-23.966,-23.8041,-26.1881,-26.1731,620280
7951,-26.1731,-25.865,-26.2718,-26.1018,333782
7952,-26.1018,-25.5877,-26.3124,-25.6043,259589
7953,-25.6043,-24.9343,-25.9918,-25.0912,459424
7954,-25.0912,-24.9831,-26.0473,-25.9495,646635
7955,-25.9495,-25.6608,-28.0059,-27.3099,916613
7956,-27.3099,-26.4356,-27.6336,-26.4761,706700
7957,-26.4761,-26.2879,-27.4329,-27.342,406489
7958,-27.342,-26.507,-28.1896,-27.8613,160603
7959,-27.8613,-26.1501,-28.3211,-26.585,495320
7960,-26.585,-26.0216,-27.9386,-27.4566,754324
7961,-27.4566,-27.2616,-28.7774,-28.6881,822694
7962,-28.6881,-28.433,-29.4554,-29.2875,832995
7963,-29.2875,-27.8082,-29.6135,-28.3532,613386
7964,-28.3532,-27.5269,-28.5649,-27.8627,201612
7965,-27.8627,-27.7351,-28.6567,-27.7725,965329
7966,-27.7725,-26.6705,-28.2437,-26.8456,619521
7967,-26.8456,-26.4215,-27.1608,-26.6573,238452
7968,-26.6573,-25.8778,-27.9973,-27.473,838711
7969,-27.473,-26.2949,-27.6944,-26.3992,657351
7970,-26.3992,-25.9749,-26.7815,-26.7653,376501
7971,-26.7653,-26.3652,-28.1189,-27.6363,427588
7972,-27.6363,-27.5788,-28.0694,-27.8818,588216
7973,-27.8818,-27.6115,-30.4929,-30.1878,447026
7974,-30.1878,-29.8505,-30.9205,-30.6303,646003
7975,-30.6303,-29.4879,-31.3712,-29.7976,619042
7976,-29.7976,-28.4939,-30.2437,-30.2121,272249
7977,-30.2121,-29.7239,-30.8076,-29.9222,188536
7978,-29.9222,-29.5198,-31.8301,-31.666,223654
7979,-31.666,-30.5493,-32.2805,-30.8536,898490
7980,-30.8536,-30.8253,-32.3565,-32.0398,325635
7981,-32.0398,-31.9628,-32.8023,-32.074,889065
7982,-32.074,-30.1697,-32.3122,-30.6103,948402
7983,-30.6103,-30.5801,-31.0586,-31.0187,109024
7984,-31.0187,-29.0384,-31.308,-29.2794,851529
7985,-29.2794,-28.8615,-29.3066,-29.2431,819857
7986,-29.2431,-27.974,-29.7654,-28.1943,126674
7987,-28.1943,-27.3087,-28.2774,-27.9963,671032
7988,-27.9963,-27.6425,-30.0056,-29.4393,581736
7989,-29.4393,-28.5949,-31.2891,-30.8401,522789
7990,-30.8401,-29.8043,-31.0391,-30.3939,888861
7991,-30.3939,-29.1964,-30.4886,-29.6292,685259
7992,-29.6292,-29.2362,-30.0035,-29.4167,719334
7993,-29.4167,-27.4205,-29.7429,-27.5417,433333
7994,-27.5417,-26.8576,-29.8435,-29.5055,832937
7995,-29.5055,-28.6708,-30.6206,-29.4624,355291
7996,-29.4624,-28.0481,-29.7833,-29.3649,410198
7997,-29.3649,-28.5666,-29.7676,-28.9872,829740
7998,-28.9872,-28.3188,-29.7413,-29.6941,286630
7999,-29.6941,-26.5543,-30.4291,-28.145,778095
8000,-28.145,-27.3516,-28.787,-27.5023,387156
8001,-27.5023,-26.4138,-28.0064,-26.9986,815532
8002,-26.9986,-25.9082,-27.0217,-26.2327,443194
8003,-26.2327,-25.0032,-26.708,-25.6989,594352
8004,-25.6989,-23.9656,-25.7452,-24.0586,896175
8005,-24.0586,-23.9167,-24.5124,-24.0808,417053
8006,-24.0808,-21.4881,-24.5235,-22.227,307886
8007,-22.227,-22.1374,-23.7413,-23.5727,172579
8008,-23.5727,-22.9844,-24.0481,-23.7548,268377
8009,-23.7548,-23.0272,-23.7575,-23.1857,747923
8010,-23.1857,-21.0966,-23.9417,-21.6186,985065
8011,-21.6186,-21.5365,-21.6736,-21.5374,602730
8012,-21.5374,-20.5818,-22.064,-21.5231,609708
8013,-21.5231,-20.9474,-22.4006,-22.2678,804014
8014,-22.2678,-21.6976,-23.4037,-23.2422,733914
8015,-23.2422,-22.8048,-24.8031,-24.7129,830679
8016,-24.7129,-21.9852,-24.9604,-22.386,649798
8017,-22.386,-21.255,-22.4117,-21.8231,254183
8018,-21.8231,-21.2878,-23.0162,-22.6284,402982
8019,-22.6284,-21.0737,-22.6781,-21.9862,394665
8020,-21.9862,-21.3596,-22.1575,-21.7402,623651
8021,-21.7402,-20.6055,-22.3804,-21.3432,931456
8022,-21.3432,-19.7412,-21.7375,-20.2875,548095
8023,-20.2875,-19.6634,-22.0061,-21.1088,485999
8024,-21.1088,-20.7264,-21.6371,-21.3662,644865
8025,-21.3662,-20.3615,-21.546,-20.5204,313615
8026,-20.5204,-19.6455,-21.2495,-20.4508,226600
8027,-20.4508,-19.9303,-20.8072,-20.5216,808161
8028,-20.5216,-19.279,-22.6288,-22.3602,135584
8029,-22.3602,-21.357,-23.0253,-22.8838,669970
8030,-22.8838,-22.6202,-23.5068,-23.4302,172160
8031,-23.4302,-21.452,-24.1182,-21.7945,752931
8032,-21.7945,-21.7942,-22.491,-22.0242,874647
8033,-22.0242,-21.2918,-23.0354,-22.7736,225125
8034,-22.7736,-22.6909,-23.6517,-23.4791,245108
8035,-23.4791,-22.2633,-24.2365,-23.4913,548239
8036,-23.4913,-22.6316,-23.6657,-22.7094,375231
8037,-22.7094,-22.0559,-22.9447,-22.3411,114533
8038,-22.3411,-21.8457,-22.48,-22.3691,976590
8039,-22.3691,-21.1893,-22.4612,-21.3658,623318
8040,-21.3658,-21.3101,-24.0405,-23.1001,124075
8041,-23.1001,-22.0498,-23.1971,-22.6172,734485
8042,-22.6172,-22.2526,-23.805,-22.6287,743737
8043,-22.6287,-21.6252,-24.018,-23.6118,374096
8044,-23.6118,-22.7281,-23.7173,-22.7577,178519
8045,-22.7577,-21.4285,-22.9349,-21.599,670966
8046,-21.599,-21.0652,-21.7606,-21.6608,813286
8047,-21.6608,-20.267,-21.7953,-21.0548,530422
8048,-21.0548,-19.6524,-21.0923,-19.7156,698265
8049,-19.7156,-18.8328,-20.1712,-18.9271,330231
8050,-18.9271,-18.8581,-20.5125,-20.0901,216738
8051,-20.0901,-19.0508,-20.712,-19.1783,364805
8052,-19.1783,-19.0327,-20.6026,-20.4898,666105
8053,-20.4898,-19.9347,-20.7223,-20.0979,770678
8054,-20.0979,-19.0845,-20.2136,-19.3255,748676
8055,-19.3255,-17.3024,-19.4299,-19.1026,308819
8056,-19.1026,-18.5944,-19.7124,-19.5823,874562
8057,-19.5823,-19.335,-20.1885,-19.7694,802993
8058,-19.7694,-19.054,-20.6403,-19.2731,639918
8059,-19.2731,-17.9583,-20.02,-19.146,915600
8060,-19.146,-18.8881,-20.1973,-19.6765,528508
8061,-19.6765,-19.4935,-21.1097,-20.5673,518247
8062,-20.5673,-19.3262,-20.9754,-20.1094,645824
8063,-20.1094,-17.141,-20.2019,-17.8111,672274
8064,-17.8111,-16.508,-18.1526,-16.7225,528896
8065,-16.7225,-15.6893,-17.0971,-15.8037,765337
8066,-15.8037,-15.2998,-16.5794,-16.2591,846132
8067,-16.2591,-15.56,-17.5087,-17.3408,202122
8068,-17.3408,-16.626,-18.2275,-17.9675,548768
8069,-17.9675,-16.4059,-18.113,-16.5227,136045
8070,-16.5227,-15.8984,-18.7449,-18.1097,413052
8071,-18.1097,-18.067,-19.1423,-18.9821,611855
8072,-18.9821,-18.3443,-19.601,-18.4116,392760
8073,-18.4116,-17.7333,-20.304,-19.2527,844514
8074,-19.2527,-18.1232,-19.7586,-18.8108,625176
8075,-18.8108,-18.5707,-20.2803,-20.2295,469520
8076,-20.2295,-19.0353,-20.3302,-19.9996,906764
8077,-19.9996,-17.182,-20.0894,-17.2548,167233
8078,-17.2548,-16.915,-20.2594,-19.822,691057
8079,-19.822,-18.524,-20.253,-19.2249,413418
8080,-19.2249,-17.7975,-19.5257,-17.9795,387649
8081,-17.9795,-17.1531,-19.1427,-18.3209,926554
8082,-18.3209,-17.7472,-19.0474,-17.9425,510429
8083,-17.9425,-17.3816,-19.6385,-18.3184,629035
8084,-18.3184,-17.8045,-19.2501,-18.7473,907739
8085,-18.7473,-15.9586,-19.6428,-16.9713,766240
8086,-16.9713,-15.3029,-17.047,-15.5667,699475
8087,-15.5667,-15.3327,-15.5832,-15.3799,783832
8088,-15.3799,-15.145,-16.3484,-16.2413,256409
8089,-16.2413,-15.8026,-17.8806,-17.4903,723565
8090,-17.4903,-16.3116,-17.7434,-16.6276,948349
8091,-16.6276,-14.9938,-16.8239,-15.1046,535127
8092,-15.1046,-13.7422,-15.1573,-14.1241,346079
8093,-14.1241,-13.5566,-14.369,-13.6213,965070
8094,-13.6213,-11.4633,-13.7621,-11.8237,593752
8095,-11.8237,-11.7774,-12.558,-12.3092,516867
8096,-12.3092,-12.1954,-12.6657,-12.2601,241327
8097,-12.2601,-12.2246,-12.6538,-12.5622,807247
8098,-12.5622,-11.3806,-12.6304,-11.7486,377161
8099,-11.7486,-11.3806,-14.0195,-12.4959,887375
8100,-12.4959,-12.2841,-13.4007,-13.0794,830156
8101,-13.0794,-12.3224,-13.9098,-13.7998,818285
8102,-13.7998,-13.6,-15.4719,-14.0626,822519
8103,-14.0626,-13.8243,-15.3875,-15.3194,616074
8104,-15.3194,-15.2524,-18.601,-17.6437,244759
8105,-17.6437,-17.5601,-18.6736,-18.4412,941405
8106,-18.4412,-18.3619,-18.7285,-18.522,483404
8107,-18.522,-17.727,-18.5366,-17.7796,930094
8108,-17.7796,-15.6035,-18.633,-15.9455,187207
8109,-15.9455,-15.513,-16.0832,-15.8061,835191
8110,-15.8061,-15.1504,-15.9374,-15.5022,317829
8111,-15.5022,-15.0608,-15.5406,-15.4576,899469
8112,-15.4576,-15.2635,-16.56,-16.032,125500
8113,-16.032,-13.8207,-16.1607,-15.0299,224265
8114,-15.0299,-14.4221,-16.0597,-15.6664,239352
8115,-15.6664,-13.6908,-15.7014,-14.3409,202188
8116,-14.3409,-12.366,-15.2631,-12.919,676069
8117,-12.919,-12.7555,-13.5726,-12.7687,684653
8118,-12.7687,-11.5377,-13.6077,-11.7877,424432
8119,-11.7877,-11.371,-11.966,-11.5141,682056
8120,-11.5141,-10.4975,-12.7401,-12.2127,688587
8121,-12.2127,-10.3703,-12.4345,-10.6456,338962
8122,-10.6456,-9.5792,-11.2973,-10.1458,207927
8123,-10.1458,-9.6998,-10.4389,-9.9081,659056
8124,-9.9081,-9.8151,-11.6942,-11.2727,761102
8125,-11.2727,-10.8688,-13.5556,-12.602,396505
8126,-12.602,-12.3892,-13.8365,-13.015,997083
8127,-13.015,-11.7984,-14.312,-14.0995,677040
8128,-14.0995,-13.3775,-14.5532,-13.7968,342740
8129,-13.7968,-13.2003,-15.9243,-15.2017,264675
8130,-15.2017,-15.0834,-17.6914,-17.3842,599644
8131,-17.3842,-16.868,-19.7089,-18.9417,954105
8132,-18.9417,-18.8834,-19.7509,-19.0496,888305
8133,-19.0496,-17.9452,-19.637,-18.477,546253
8134,-18.477,-15.9579,-18.6426,-16.5203,699087
8135,-16.5203,-14.825,-17.2416,-15.2249,827465
8136,-15.2249,-14.6602,-17.0686,-16.3922,840199
8137,-16.3922,-15.3435,-16.5402,-15.5906,543106
8138,-15.5906,-13.6573,-15.6358,-14.0646,918772
8139,-14.0646,-13.9078,-14.8952,-14.7831,484424
8140,-14.7831,-14.7279,-15.0683,-14.9201,107838
8141,-14.9201,-14.4968,-17.2118,-16.7702,591703
8142,-16.7702,-16.1918,-17.8127,-17.2277,511727
8143,-17.2277,-15.76,-17.8986,-16.6047,806641
8144,-16.6047,-16.3205,-17.1938,-16.578,912891
8145,-16.578,-15.0684,-17.0595,-15.6132,225742
8146,-15.6132,-13.7485,-15.7474,-14.7071,121921
8147,-14.7071,-13.7917,-14.8788,-14.1863,278303
8148,-14.1863,-13.984,-15.1436,-15.0562,490726
8149,-15.0562,-14.367,-18.3852,-17.8255,227201
8150,-17.8255,-17.5681,-19.5612,-19.2793,127973
8151,-19.2793,-19.0834,-20.6934,-20.2059,903480
8152,-20.2059,-18.6331,-20.5524,-19.0847,281162
8153,-19.0847,-18.2921,-19.8605,-19.7631,684176
8154,-19.7631,-18.7296,-20.513,-18.8189,723289
8155,-18.8189,-18.6284,-19.863,-19.4678,578047
8156,-19.4678,-18.3522,-20.7401,-20.36,513936
8157,-20.36,-20.231,-21.3505,-20.8806,807722
8158,-20.8806,-19.7825,-21.3664,-21.3621,612917
8159,-21.3621,-20.9147,-21.7027,-21.4986,773611
8160,-21.4986,-21.0727,-23.3518,-22.7981,858451
8161,-22.7981,-21.7826,-23.3877,-23.0153,753083
8162,-23.0153,-20.5743,-23.06,-21.5912,712948
8163,-21.5912,-19.7376,-21.8115,-20.4184,305723
8164,-20.4184,-19.5611,-21.3557,-20.2422,351873
8165,-20.2422,-19.5059,-20.7307,-19.5572,699094
8166,-19.5572,-19.2168,-20.1351,-19.7756,515502
8167,-19.7756,-18.8885,-20.5029,-19.084,980644
8168,-19.084,-18.6034,-20.1986,-18.8027,402720
8169,-18.8027,-18.6501,-19.4205,-19.0772,171509
8170,-19.0772,-19.013,-19.3743,-19.3119,105894
8171,-19.3119,-17.2252,-19.8523,-17.9856,245741
8172,-17.9856,-16.0997,-18.0907,-16.8164,711253
8173,-16.8164,-16.4177,-17.6226,-17.3121,979572
8174,-17.3121,-16.801,-19.7219,-19.5465,938127
8175,-19.5465,-19.2704,-20.5996,-20.5509,289176
8176,-20.5509,-19.7685,-20.883,-19.8782,776807
8177,-19.8782,-17.0322,-20.6593,-18.4993,219874
8178,-18.4993,-16.8676,-18.9692,-18.0646,647120
8179,-18.0646,-17.2498,-19.1707,-17.902,207724
8180,-17.902,-16.2022,-17.9385,-16.6892,540745
8181,-16.6892,-16.4866,-16.9328,-16.6737,326242
8182,-16.6737,-14.7471,-16.6864,-15.3544,960771
8183,-15.3544,-14.9836,-18.0736,-16.9499,408939
8184,-16.9499,-16.8173,-17.4936,-17.3603,912343
8185,-17.3603,-17.3244,-18.1531,-17.841,604283
8186,-17.841,-17.5653,-17.9081,-17.7367,507858
8187,-17.7367,-15.775,-17.8992,-15.9475,660427
8188,-15.9475,-15.6431,-16.443,-15.9718,864991
8189,-15.9718,-15.4489,-16.3607,-15.5821,273493
8190,-15.5821,-13.6279,-15.9749,-14.7521,767869
8191,-14.7521,-14.7345,-15.3684,-15.0759,721295
8192,-15.0759,-14.2353,-16.6802,-15.1547,645883
8193,-15.1547,-13.737,-15.6634,-14.4151,744563
8194,-14.4151,-14.241,-14.5797,-14.5794,235668
8195,-14.5794,-13.0163,-15.5821,-13.1418,949390
8196,-13.1418,-12.3781,-13.5991,-12.8575,777326
8197,-12.8575,-12.5478,-13.5633,-12.9727,391014
8198,-12.9727,-12.8539,-13.8604,-13.7886,311119
8199,-13.7886,-12.7921,-14.4201,-12.9954,661453
8200,-12.9954,-12.7808,-15.3807,-14.1916,203489
8201,-14.1916,-13.5142,-15.621,-15.3236,112384
8202,-15.3236,-14.6499,-15.5628,-15.2119,151018
8203,-15.2119,-15.1962,-16.2174,-15.2831,518371
8204,-15.2831,-14.0424,-16.8247,-16.7326,760820
8205,-16.7326,-15.978,-17.2679,-16.2228,662746
8206,-16.2228,-15.4186,-16.5588,-16.06,564106
8207,-16.06,-15.4522,-16.2462,-15.8865,991802
8208,-15.8865,-15.3292,-17.0576,-16.7151,187269
8209,-16.7151,-16.3544,-17.3984,-17.1433,911131
8210,-17.1433,-16.6036,-18.5292,-18.0874,709439
8211,-18.0874,-17.4275,-18.4982,-17.6529,586159
8212,-17.6529,-16.6573,-18.2559,-17.2615,220900
8213,-17.2615,-16.0391,-18.2978,-18.2023,788889
8214,-18.2023,-16.8782,-18.3395,-16.947,958987
8215,-16.947,-16.4413,-17.8101,-17.0058,334711
8216,-17.0058,-15.5952,-17.3984,-15.7411,882837
8217,-15.7411,-13.5363,-16.4274,-14.3781,929306
8218,-14.3781,-13.0624,-15.3962,-13.2909,504219
8219,-13.2909,-12.1266,-13.7955,-12.2322,889311
8220,-12.2322,-11.7093,-13.3109,-13.0211,850557
8221,-13.0211,-10.6347,-13.604,-11.0532,501866
8222,-11.0532,-10.1396,-12.3216,-11.4572,177438
8223,-11.4572,-10.8991,-13.5617,-12.9017,980503
8224,-12.9017,-12.2936,-13.1141,-12.3477,502839
8225,-12.3477,-11.5781,-13.3744,-12.2334,294963
8226,-12.2334,-12.0423,-12.7659,-12.7328,244096
8227,-12.7328,-12.2665,-15.1978,-14.5634,420736
8228,-14.5634,-13.2277,-15.0954,-13.5202,232497
8229,-13.5202,-10.4125,-14.0555,-11.2903,113130
8230,-11.2903,-10.903,-11.5331,-11.3809,534225
8231,-11.3809,-11.1171,-12.764,-12.2217,502350
8232,-12.2217,-11.208,-12.6289,-11.7256,987175
8233,-11.7256,-9.3446,-11.8282,-9.9795,973687
8234,-9.9795,-9.5153,-11.2288,-9.7328,701407
8235,-9.7328,-9.0812,-10.9653,-9.1747,798683
8236,-9.1747,-8.8234,-10.2484,-9.9275,901923
8237,-9.9275,-6.8375,-10.1416,-6.9297,124177
8238,-6.9297,-6.2003,-7.4729,-6.3054,555352
8239,-6.3054,-5.9003,-8.1421,-7.8684,735075
8240,-7.8684,-7.0249,-8.6542,-7.3849,442591
8241,-7.3849,-6.1135,-7.3882,-6.1405,885088
8242,-6.1405,-5.3492,-6.6365,-6.181,291571
8243,-6.181,-6.0547,-6.4763,-6.3564,911686
8244,-6.3564,-6.2478,-7.3494,-6.4281,977983
8245,-6.4281,-5.5243,-6.5744,-5.9833,564024
8246,-5.9833,-4.9106,-6.8841,-6.4093,340270
8247,-6.4093,-4.9306,-7.0437,-5.3632,822431
8248,-5.3632,-5.3153,-7.0226,-6.9144,548501
8249,-6.9144,-6.5851,-8.0957,-6.6256,189381
8250,-6.6256,-6.5418,-6.99,-6.6066,884691
8251,-6.6066,-6.258,-6.7227,-6.2897,756614
8252,-6.2897,-4.1456,-7.6012,-4.9724,902563
8253,-4.9724,-4.4884,-5.8598,-5.1806,673236
8254,-5.1806,-4.3377,-5.5815,-4.6198,553360
8255,-4.6198,-4.1078,-5.7043,-4.9346,902831
8256,-4.9346,-4.6999,-7.3401,-6.4743,849204
8257,-6.4743,-6.0916,-6.9433,-6.527,486174
8258,-6.527,-5.281,-6.588,-5.6907,585292
8259,-5.6907,-5.6901,-6.3482,-6.0633,894140
8260,-6.0633,-4.7576,-6.3365,-5.0215,753213
8261,-5.0215,-4.6623,-6.1138,-5.9555,332415
8262,-5.9555,-5.1658,-6.0459,-5.352,244929
8263,-5.352,-4.8183,-5.9991,-5.1557,571737
8264,-5.1557,-4.5513,-7.4842,-6.5423,210405
8265,-6.5423,-6.4999,-7.6464,-6.7448,290459
8266,-6.7448,-5.5711,-6.8835,-6.2942,106048
8267,-6.2942,-5.102,-6.8212,-6.7743,477918
8268,-6.7743,-4.5257,-7.0393,-5.0352,427040
8269,-5.0352,-4.3194,-5.091,-4.6667,726157
8270,-4.6667,-4.3425,-6.0452,-5.779,475920
8271,-5.779,-5.5867,-6.5893,-6.3927,717059
8272,-6.3927,-6.1273,-6.8726,-6.1618,687617
8273,-6.1618,-6.1151,-8.1891,-7.9178,833129
8274,-7.9178,-7.0794,-9.2477,-8.8673,747619
8275,-8.8673,-8.2094,-10.8541,-10.3573,605924
8276,-10.3573,-9.8215,-10.7755,-10.236,763652
8277,-10.236,-9.6368,-11.3878,-11.018,892417
8278,-11.018,-10.8467,-11.5476,-11.4624,427381
8279,-11.4624,-10.7831,-12.3979,-11.7887,633956
8280,-11.7887,-10.1246,-11.9514,-11.938,521217
8281,-11.938,-11.5552,-12.4476,-12.1819,718245
8282,-12.1819,-10.5383,-12.4375,-11.2622,472738
8283,-11.2622,-10.8425,-13.1646,-12.3123,308943
8284,-12.3123,-11.4473,-12.8506,-12.707,348066
8285,-12.707,-10.7056,-13.0377,-11.045,964083
8286,-11.045,-10.2076,-11.1769,-10.2485,246004
8287,-10.2485,-9.4463,-10.4513,-9.7326,726667
8288,-9.7326,-8.6577,-9.7336,-9.5848,315158
8289,-9.5848,-7.7056,-9.7741,-8.6676,881969
8290,-8.6676,-8.352,-8.7714,-8.3604,418277
8291,-8.3604,-8.3555,-9.6786,-9.2443,220086
8292,-9.2443,-9.1733,-9.6509,-9.3711,453425
8293,-9.3711,-9.0364,-10.2881,-9.8174,327656
8294,-9.8174,-8.0471,-10.1645,-9.237,290008
8295,-9.237,-8.0087,-9.8025,-8.2515,685150
8296,-8.2515,-7.1549,-9.1092,-8.8001,691057
8297,-8.8001,-7.6387,-11.1064,-10.0427,488823
8298,-10.0427,-9.5197,-11.1688,-10.6573,283000
8299,-10.6573,-9.1401,-11.3585,-9.8037,770094
8300,-9.8037,-9.4532,-10.6657,-10.5201,517577
8301,-10.5201,-10.4619,-11.5237,-11.0587,141319
8302,-11.0587,-10.5633,-11.8776,-11.3965,624838
8303,-11.3965,-9.3746,-11.4213,-9.9707,874640
8304,-9.9707,-9.5789,-10.6654,-10.4937,523474
8305,-10.4937,-10.2031,-10.9675,-10.6678,715603
8306,-10.6678,-8.7071,-10.7299,-8.9717,572689
8307,-8.9717,-8.7815,-9.8346,-9.2941,490696
8308,-9.2941,-8.4169,-9.9048,-9.5279,897800
8309,-9.5279,-7.5072,-10.2571,-7.7824,937493
8310,-7.7824,-7.2118,-8.5261,-7.7464,646045
8311,-7.7464,-5.7908,-8.4634,-6.1047,767085
8312,-6.1047,-5.4803,-8.1723,-7.4539,269085
8313,-7.4539,-6.2437,-7.6653,-6.3969,798261
8314,-6.3969,-5.8592,-7.0715,-6.0862,614918
8315,-6.0862,-5.2879,-7.5718,-7.5133,843633
8316,-7.5133,-7.1927,-9.2229,-8.4885,475365
8317,-8.4885,-8.2553,-8.8953,-8.3782,295359
8318,-8.3782,-7.5342,-9.0331,-7.7111,986870
8319,-7.7111,-7.226,-8.634,-8.4424,444934
8320,-8.4424,-6.5346,-9.1132,-6.866,182209
8321,-6.866,-6.5051,-7.2572,-6.9874,949959
8322,-6.9874,-6.482,-8.0121,-7.6672,355436
8323,-7.6672,-6.7309,-9.6199,-8.6578,576297
8324,-8.6578,-7.4276,-9.7874,-7.8779,144343
8325,-7.8779,-7.794,-8.5598,-7.9099,763751
8326,-7.9099,-7.9034,-8.6085,-8.2896,148697
8327,-8.2896,-7.6902,-11.1508,-10.3386,121999
8328,-10.3386,-10.3344,-11.0857,-11.0416,935085
8329,-11.0416,-10.8709,-11.4518,-10.9763,186573
8330,-10.9763,-10.6332,-11.8731,-11.7441,395690
8331,-11.7441,-10.647,-13.3163,-12.6215,527243
8332,-12.6215,-10.7953,-13.0753,-11.1562,419139
8333,-11.1562,-10.6531,-11.7026,-11.2021,528233
8334,-11.2021,-10.7199,-11.6363,-10.788,601674
8335,-10.788,-9.5584,-11.6846,-9.9076,465657
8336,-9.9076,-7.8209,-10.5572,-8.6502,322356
8337,-8.6502,-7.4565,-8.6584,-8.2979,339630
8338,-8.2979,-8.1405,-8.8576,-8.82,224952
8339,-8.82,-8.4308,-9.0347,-8.5039,329215
8340,-8.5039,-8.0714,-9.599,-9.0342,612454
8341,-9.0342,-8.815,-10.4576,-10.0769,651730
8342,-10.0769,-9.6318,-11.4534,-11.0626,902474
8343,-11.0626,-10.1071,-11.2879,-10.6303,608474
8344,-10.6303,-8.2692,-11.2231,-8.6017,643305
8345,-8.6017,-7.4016,-9.1183,-7.5488,233234
8346,-7.5488,-6.0415,-7.7914,-6.6728,610623
8347,-6.6728,-6.0466,-6.7783,-6.4696,359041
8348,-6.4696,-6.0974,-7.6428,-6.842,180615
8349,-6.842,-6.1255,-7.2595,-6.2432,735578
8350,-6.2432,-4.0492,-6.8708,-4.5447,392682
8351,-4.5447,-4.4468,-4.6068,-4.4701,454486
8352,-4.4701,-3.363,-4.8195,-3.7193,361091
8353,-3.7193,-3.2867,-3.8791,-3.5732,476562
8354,-3.5732,-3.3376,-5.5182,-5.3626,721016
8355,-5.3626,-3.7108,-5.7405,-3.8062,235221
8356,-3.8062,-2.705,-5.2337,-4.6269,458176
8357,-4.6269,-4.6263,-5.6543,-5.5037,664479
8358,-5.5037,-4.5106,-6.1502,-5.43,929566
8359,-5.43,-4.9102,-6.9599,-5.9161,269519
8360,-5.9161,-5.1428,-6.2668,-5.1441,112838
8361,-5.1441,-4.5812,-7.1428,-6.9684,977922
8362,-6.9684,-6.5253,-8.2416,-7.5634,481715
8363,-7.5634,-5.0216,-7.8693,-5.3285,432708
8364,-5.3285,-4.8401,-6.1662,-5.8698,597465
8365,-5.8698,-5.3506,-6.6808,-6.2739,823082
8366,-6.2739,-5.9015,-6.5424,-6.1302,740564
8367,-6.1302,-5.3094,-6.3351,-5.7321,471798
8368,-5.7321,-5.4634,-7.6821,-7.3729,840081
8369,-7.3729,-6.4363,-7.6564,-6.603,208978
8370,-6.603,-6.1178,-6.915,-6.2473,975580
8371,-6.2473,-5.2526,-6.4856,-6.1743,756179
8372,-6.1743,-5.6729,-6.2424,-6.2184,707157
8373,-6.2184,-5.5046,-7.8067,-7.384,394488
8374,-7.384,-6.2499,-7.4608,-6.3741,935748
8375,-6.3741,-3.8723,-6.4211,-4.402,769559
8376,-4.402,-3.3353,-4.9352,-3.7053,455645
8377,-3.7053,-3.3242,-3.8538,-3.8116,243780
8378,-3.8116,-3.4527,-3.8594,-3.7099,183323
8379,-3.7099,-3.2454,-4.4174,-3.801,855261
8380,-3.801,-3.5711,-5.1789,-4.501,306866
8381,-4.501,-4.4091,-4.9948,-4.7427,486679
8382,-4.7427,-4.4334,-5.0543,-4.5051,861628
8383,-4.5051,-4.0628,-4.5775,-4.1203,631303
8384,-4.1203,-4.064,-4.7534,-4.6829,801246
8385,-4.6829,-4.0404,-6.292,-5.7692,271173
8386,-5.7692,-2.8028,-6.3294,-3.1948,432352
8387,-3.1948,0.1599,-3.7774,-0.6222,610989
8388,-0.6222,-0.1113,-3.0337,-2.6515,123019
8389,-2.6515,-1.4333,-3.1024,-2.14,278322
8390,-2.14,-1.5482,-3.9344,-3.7237,584647
8391,-3.7237,-1.0953,-3.8843,-2.8697,512116
8392,-2.8697,-1.6245,-2.9824,-1.739,979290
8393,-1.739,-1.7233,-3.7326,-2.6011,439557
8394,-2.6011,-0.7091,-3.2005,-0.9404,488286
8395,-0.9404,-0.8951,-1.6743,-0.9801,289325
8396,-0.9801,-0.7334,-1.4252,-1.2653,714048
8397,-1.2653,-0.6301,-2.7076,-2.2633,262690
8398,-2.2633,-2.1413,-2.9427,-2.4292,613777
8399,-2.4292,-1.702,-3.3221,-2.171,289643
8400,-2.171,-1.9338,-3.0954,-2.9513,503133
8401,-2.9513,-1.963,-3.2389,-2.4944,845117
8402,-2.4944,-1.9621,-3.447,-3.1225,745852
8403,-3.1225,-2.5725,-4.1055,-3.3931,520772
8404,-3.3931,-2.6174,-4.0913,-2.8816,316867
8405,-2.8816,-2.1037,-4.7153,-4.2014,194819
8406,-4.2014,-3.4892,-5.2803,-4.3434,368435
8407,-4.3434,-3.8536,-5.8154,-4.4742,883080
8408,-4.4742,-4.0056,-5.6468,-5.2874,594007
8409,-5.2874,-4.3798,-5.7074,-5.2068,948381
8410,-5.2068,-4.9796,-7.7613,-7.5583,974676
8411,-7.5583,-6.677,-10.5017,-9.8583,712162
8412,-9.8583,-9.6504,-11.6239,-10.9298,918169
8413,-10.9298,-10.4635,-12.4069,-11.7036,475379
8414,-11.7036,-10.3773,-12.0879,-11.0117,345765
8415,-11.0117,-8.3153,-11.113,-9.4137,881944
8416,-9.4137,-7.3647,-9.5866,-7.9674,209174
8417,-7.9674,-7.812,-9.1898,-8.5387,824050
8418,-8.5387,-7.7415,-9.238,-8.2811,283141
8419,-8.2811,-6.8087,-8.4355,-6.9545,648929
8420,-6.9545,-6.8778,-8.5383,-8.3337,706103
8421,-8.3337,-6.1035,-8.8197,-7.0693,186220
8422,-7.0693,-6.8693,-7.3834,-6.8978,105313
8423,-6.8978,-5.6051,-7.1267,-6.1458,935362
8424,-6.1458,-5.5739,-7.0797,-5.6187,673443
8425,-5.6187,-4.9257,-6.2235,-6.2109,597981
8426,-6.2109,-5.6098,-6.487,-6.1154,265231
8427,-6.1154,-4.6815,-6.4036,-5.1483,850369
8428,-5.1483,-4.6721,-5.5701,-4.8611,116351
8429,-4.8611,-4.1218,-5.1479,-4.4275,672043
8430,-4.4275,-3.9009,-5.7596,-5.3712,720332
8431,-5.3712,-5.2618,-5.8924,-5.2644,997916
8432,-5.2644,-4.4435,-6.4933,-4.4537,438596
8433,-4.4537,-3.3966,-6.0435,-5.8473,945109
8434,-5.8473,-3.849,-6.3442,-4.2097,331460
8435,-4.2097,-2.8404,-4.6925,-3.8197,435446
8436,-3.8197,-3.4524,-4.6159,-4.4353,543531
8437,-4.4353,-4.3375,-5.5749,-4.89,908118
8438,-4.89,-4.3835,-5.4,-4.5856,220036
8439,-4.5856,-1.9148,-5.3862,-2.926,147905
8440,-2.926,-2.4033,-4.5092,-3.9979,759498
8441,-3.9979,-3.8754,-6.7429,-5.9695,354728
8442,-5.9695,-5.8062,-7.1195,-6.4222,260849
8443,-6.4222,-6.0497,-6.4623,-6.2851,437192
8444,-6.2851,-5.6493,-6.8866,-6.4228,260153
8445,-6.4228,-5.8275,-7.3519,-6.8271,415272
8446,-6.8271,-5.4589,-7.3052,-5.5772,424851
8447,-5.5772,-5.4544,-5.9243,-5.7429,188855
8448,-5.7429,-4.6866,-5.8369,-5.138,361120
8449,-5.138,-4.9404,-7.5019,-7.2732,544696
8450,-7.2732,-4.4,-7.4114,-5.2201,175097
8451,-5.2201,-5.1394,-6.1615,-5.6771,521453
8452,-5.6771,-5.3804,-9.0115,-8.4665,763169
8453,-8.4665,-8.3353,-8.6578,-8.3526,556480
8454,-8.3526,-6.9469,-8.9459,-7.5378,489079
8455,-7.5378,-7.4312,-7.8663,-7.5198,368979
8456,-7.5198,-5.4028,-7.6146,-6.3047,948538
8457,-6.3047,-4.8453,-6.4584,-5.7987,424912
8458,-5.7987,-4.1117,-6.4462,-4.3339,352910
8459,-4.3339,-2.681,-4.7684,-3.0135,387756
8460,-3.0135,-2.2806,-3.1154,-2.862,247434
8461,-2.862,-1.7501,-3.7947,-3.4511,546916
8462,-3.4511,-3.2097,-3.9996,-3.2114,542923
8463,-3.2114,-2.5748,-3.5911,-3.3412,685370
8464,-3.3412,-2.7675,-7.0996,-6.6412,847700
8465,-6.6412,-6.1365,-7.6269,-7.2795,107000
8466,-7.2795,-5.5497,-7.2841,-5.8484,250298
8467,-5.8484,-4.7501,-7.6754,-7.6369,593648
8468,-7.6369,-5.8018,-7.7359,-6.0317,720644
8469,-6.0317,-5.4445,-6.1712,-5.5893,241885
8470,-5.5893,-5.0789,-5.93,-5.2564,484459
8471,-5.2564,-4.4628,-6.2782,-4.9259,636884
8472,-4.9259,-4.3164,-5.1628,-4.5223,137311
8473,-4.5223,-4.3524,-5.4442,-4.6688,345848
8474,-4.6688,-3.5061,-4.9417,-4.3635,747113
8475,-4.3635,-4.1828,-5.8672,-5.8045,830797
8476,-5.8045,-4.3849,-6.0016,-4.8821,559193
8477,-4.8821,-4.6978,-5.5928,-5.4285,959793
8478,-5.4285,-5.1765,-6.8337,-5.9277,503047
8479,-5.9277,-5.8321,-6.4632,-6.0486,172224
8480,-6.0486,-6.0169,-8.4094,-6.9859,569094
8481,-6.9859,-6.4674,-9.62,-8.9428,860064
8482,-8.9428,-7.7666,-9.3505,-7.9614,466186
8483,-7.9614,-7.1877,-8.9611,-7.674,626024
8484,-7.674,-6.6594,-8.0097,-6.8675,459195
8485,-6.8675,-5.6321,-7.6711,-5.7363,504865
8486,-5.7363,-5.6677,-6.6563,-6.471,909547
8487,-6.471,-5.2947,-6.5499,-5.7034,237313
8488,-5.7034,-5.6908,-6.2487,-6.2046,733571
8489,-6.2046,-5.9121,-7.6016,-6.6296,496385
8490,-6.6296,-5.7832,-6.9979,-6.0264,270636
8491,-6.0264,-4.6456,-6.4289,-5.2031,720748
8492,-5.2031,-3.5452,-5.3252,-4.1422,600065
8493,-4.1422,-3.4802,-4.452,-3.9426,512721
8494,-3.9426,-3.6184,-4.5528,-3.9505,954648
8495,-3.9505,-2.8159,-4.2726,-3.5997,664314
8496,-3.5997,-3.0429,-6.5279,-5.6076,127011
8497,-5.6076,-4.9674,-6.3479,-5.309,275903
8498,-5.309,-4.8279,-5.7173,-5.3372,789211
8499,-5.3372,-4.9374,-5.8856,-5.5222,626982
8500,-5.5222,-4.6066,-6.3184,-4.6944,453608
8501,-4.6944,-4.4569,-4.9417,-4.9288,759738
8502,-4.9288,-4.0524,-5.2049,-4.5281,249419
8503,-4.5281,-3.3124,-5.2314,-3.4142,303172
8504,-3.4142,-0.9418,-3.8444,-0.9834,102675
8505,-0.9834,-0.7971,-1.7443,-1.4364,274988
8506,-1.4364,-1.4143,-2.4339,-2.2608,335622
8507,-2.2608,-1.7928,-2.5262,-1.9455,894014
8508,-1.9455,-1.2408,-1.975,-1.5515,886299
8509,-1.5515,-1.108,-1.9843,-1.4057,263752
8510,-1.4057,-1.3081,-2.8082,-2.3423,128939
8511,-2.3423,-1.8731,-2.5726,-2.4966,916984
8512,-2.4966,-2.2504,-3.322,-2.9722,343805
8513,-2.9722,-2.699,-3.6102,-3.1143,338623
8514,-3.1143,-2.2192,-3.3053,-2.5892,610866
8515,-2.5892,-2.5325,-3.4267,-3.407,598792
8516,-3.407,-3.3453,-4.1248,-3.8163,662913
8517,-3.8163,-3.4662,-4.4142,-4.0451,245278
8518,-4.0451,-2.375,-4.9377,-3.437,467083
8519,-3.437,-2.6988,-3.6127,-3.4151,448655
8520,-3.4151,-2.4454,-4.0208,-2.7396,550997
8521,-2.7396,-2.6038,-3.5135,-3.4538,686632
8522,-3.4538,-3.0117,-4.7538,-4.3293,546258
8523,-4.3293,-3.5629,-4.602,-4.2097,101890
8524,-4.2097,-2.8204,-4.4099,-3.7087,334981
8525,-3.7087,-2.1838,-3.8112,-2.2676,350163
8526,-2.2676,-2.0352,-3.1514,-2.9425,718627
8527,-2.9425,-2.4012,-3.9657,-2.8545,254364
8528,-2.8545,-2.2554,-3.1499,-2.4043,168597
8529,-2.4043,-2.1878,-2.4838,-2.4751,913680
8530,-2.4751,0.3573,-3.0441,0.3165,675957
8531,0.3165,1.2055,0.1493,0.7683,142701
8532,0.7683,1.4382,0.5936,1.3587,341786
8533,1.3587,1.6246,0.3924,0.4495,202808
8534,0.4495,1.3467,-1.0323,-0.8816,635439
8535,-0.8816,-0.4498,-2.8894,-2.3052,892856
8536,-2.3052,-1.7094,-3.8035,-3.0148,157475
8537,-3.0148,-1.5112,-3.0572,-1.8625,404348
8538,-1.8625,-0.9962,-2.5668,-2.1236,339634
8539,-2.1236,-0.651,-2.9829,-0.9816,386578
8540,-0.9816,1.2931,-2.1558,0.3066,173256
8541,0.3066,2.7163,0.2833,2.4163,984560
8542,2.4163,3.0003,0.7857,1.7741,658885
8543,1.7741,2.5976,-1.851,-1.0359,674984
8544,-1.0359,-0.8022,-3.2057,-3.0053,598765
8545,-3.0053,-2.1538,-3.1924,-2.4062,226908
8546,-2.4062,-1.8641,-3.7368,-3.6096,455526
8547,-3.6096,-3.1457,-5.4525,-4.6068,554729
8548,-4.6068,-4.5977,-6.6939,-6.5659,155488
8549,-6.5659,-6.0957,-6.7083,-6.1822,453030
8550,-6.1822,-5.9587,-6.9187,-6.6428,539503
8551,-6.6428,-5.6392,-6.8054,-6.6027,981780
8552,-6.6027,-6.3344,-6.9335,-6.7886,734167
8553,-6.7886,-5.1986,-6.9622,-5.8828,511261
8554,-5.8828,-5.631,-7.695,-7.1905,493135
8555,-7.1905,-4.8478,-7.3926,-5.5001,253392
8556,-5.5001,-5.4419,-7.2613,-6.8092,549021
8557,-6.8092,-6.4766,-8.6175,-8.119,848634
8558,-8.119,-7.7077,-9.1917,-8.8512,522141
8559,-8.8512,-8.6261,-9.176,-8.9374,345334
8560,-8.9374,-8.3134,-9.1439,-8.4225,103997
8561,-8.4225,-7.4717,-10.0256,-8.7944,406900
8562,-8.7944,-8.4987,-10.7175,-9.9493,887115
8563,-9.9493,-9.7854,-12.0926,-11.6257,967447
8564,-11.6257,-11.5479,-12.6935,-12.6542,655661
8565,-12.6542,-12.0329,-13.7479,-12.4488,115382
8566,-12.4488,-11.0407,-12.5326,-12.003,817478
8567,-12.003,-11.5231,-12.1294,-11.6351,696957
8568,-11.6351,-9.9798,-12.29,-10.6745,357141
8569,-10.6745,-10.4359,-10.889,-10.5018,410709
8570,-10.5018,-10.3429,-12.9866,-12.4182,984400
8571,-12.4182,-12.1916,-13.298,-12.991,241729
8572,-12.991,-12.5135,-13.36,-12.5753,795594
8573,-12.5753,-11.1663,-13.0279,-12.3668,750462
8574,-12.3668,-10.0841,-12.7423,-10.741,426269
8575,-10.741,-10.0264,-10.9101,-10.5741,326806
8576,-10.5741,-8.2188,-11.4016,-8.5611,417357
8577,-8.5611,-7.9133,-8.8326,-8.0522,397861
8578,-8.0522,-7.5097,-8.6283,-7.771,361395
8579,-7.771,-7.5961,-9.1965,-9.0646,542596
8580,-9.0646,-8.9267,-9.6565,-9.3843,242018
8581,-9.3843,-9.2813,-11.6232,-11.0403,606347
8582,-11.0403,-10.935,-13.3547,-11.8032,394979
8583,-11.8032,-10.1332,-12.1097,-10.8813,886082
8584,-10.8813,-9.8077,-11.0795,-10.4205,147461
8585,-10.4205,-9.627,-10.8142,-9.7586,493890
8586,-9.7586,-9.395,-9.984,-9.8431,180708
8587,-9.8431,-9.7545,-10.4093,-10.2174,607808
8588,-10.2174,-9.3687,-11.1662,-9.8143,299238
8589,-9.8143,-9.3852,-10.2142,-10.125,947429
8590,-10.125,-9.7914,-11.124,-10.7721,322891
8591,-10.7721,-9.9916,-11.0115,-10.3383,490947
8592,-10.3383,-9.915,-10.6838,-10.1118,560009
8593,-10.1118,-9.0839,-10.1215,-9.4734,466855
8594,-9.4734,-8.0783,-9.7571,-8.6916,573019
8595,-8.6916,-8.2243,-8.9018,-8.4827,414395
8596,-8.4827,-6.845,-9.0517,-7.5956,693110
8597,-7.5956,-7.4605,-8.6938,-7.6996,159361
8598,-7.6996,-5.3146,-8.2284,-6.2084,446132
8599,-6.2084,-5.5207,-6.6342,-5.5368,308266
8600,-5.5368,-5.0533,-7.1406,-7.1266,353234
8601,-7.1266,-7.0495,-8.7498,-7.9593,486896
8602,-7.9593,-6.7027,-8.6062,-7.0855,667415
8603,-7.0855,-6.6086,-7.7099,-6.7138,143451
8604,-6.7138,-5.89,-7.6309,-6.4855,128273
8605,-6.4855,-5.9051,-6.6115,-6.4223,471875
8606,-6.4223,-5.6104,-8.3292,-8.0051,509427
8607,-8.0051,-7.0875,-8.4718,-7.452,421372
8608,-7.452,-7.2428,-8.3895,-7.7287,152355
8609,-7.7287,-6.4462,-8.0756,-7.7318,874780
8610,-7.7318,-7.1566,-8.2027,-7.1569,765170
8611,-7.1569,-4.8141,-7.6038,-5.5061,616778
8612,-5.5061,-4.1766,-5.7706,-4.4296,144384
8613,-4.4296,-3.8654,-5.7924,-5.6577,687521
8614,-5.6577,-4.704,-5.8919,-4.9496,710843
8615,-4.9496,-4.0456,-5.1944,-4.0906,772040
8616,-4.0906,-3.9848,-4.8285,-4.8094,438864
8617,-4.8094,-4.2367,-4.8333,-4.2664,496014
8618,-4.2664,-4.1768,-4.8584,-4.4287,999167
8619,-4.4287,-4.0091,-4.6741,-4.4479,241467
8620,-4.4479,-3.4602,-5.9393,-5.4937,478058
8621,-5.4937,-4.091,-6.1695,-6.1328,222228
8622,-6.1328,-5.8239,-7.7944,-6.8965,621009
8623,-6.8965,-6.5842,-7.0031,-6.8936,394472
8624,-6.8936,-5.5423,-6.9355,-5.8435,250955
8625,-5.8435,-5.063,-6.2142,-5.1385,556522
8626,-5.1385,-4.9873,-8.0786,-7.5427,200490
8627,-7.5427,-7.3184,-8.12,-7.987,603405
8628,-7.987,-4.5419,-8.4005,-5.0682,901304
8629,-5.0682,-3.8531,-5.7691,-5.5583,956528
8630,-5.5583,-3.6655,-6.0932,-4.2653,662446
8631,-4.2653,-2.5153,-4.64,-2.8364,834849
8632,-2.8364,-2.6062,-3.6204,-3.2732,368674
8633,-3.2732,-2.8329,-3.3299,-3.2811,127155
8634,-3.2811,-1.528,-3.4928,-1.9599,372843
8635,-1.9599,0.0252,-2.3309,-0.8242,545963
8636,-0.8242,-0.5693,-2.0831,-1.7957,901521
8637,-1.7957,-0.9461,-2.364,-1.5203,718744
8638,-1.5203,-1.2794,-1.7775,-1.3029,716370
8639,-1.3029,-0.4709,-2.9886,-2.9826,778081
8640,-2.9826,-2.736,-4.4947,-4.3662,677511
8641,-4.3662,-4.2408,-4.9437,-4.5337,125072
8642,-4.5337,-3.554,-4.9451,-3.6804,169046
8643,-3.6804,-3.5991,-5.5251,-5.2478,342864
8644,-5.2478,-5.1603,-6.3967,-6.2773,323371
8645,-6.2773,-6.0945,-7.1297,-6.8833,628664
8646,-6.8833,-4.7725,-7.4293,-5.3015,179022
8647,-5.3015,-4.2978,-5.441,-4.6042,410779
8648,-4.6042,-3.5678,-5.2403,-4.0448,740467
8649,-4.0448,-3.7546,-4.8327,-4.3801,459651
8650,-4.3801,-3.2424,-4.9253,-3.4692,928383
8651,-3.4692,-1.8181,-4.3886,-2.0082,568961
8652,-2.0082,-0.5791,-2.0317,-1.0406,768444
8653,-1.0406,-0.0745,-1.4269,-0.3567,172855
8654,-0.3567,0.2071,-1.9509,-1.6472,624040
8655,-1.6472,-1.5064,-1.8185,-1.7417,315084
8656,-1.7417,0.5902,-2.4557,0.5862,407471
8657,0.5862,1.5199,0.5028,1.2282,915861
8658,1.2282,1.3566,0.1066,0.7591,473793
8659,0.7591,1.207,-0.2027,0.9613,559683
8660,0.9613,1.439,-0.8119,-0.3232,160638
8661,-0.3232,2.2422,-0.6578,1.3606,610757
8662,1.3606,1.9572,-0.3312,0.5388,602238
8663,0.5388,1.6874,-0.0181,0.665,573035
8664,0.665,1.5102,-0.3496,0.0551,664725
8665,0.0551,1.7418,-0.3971,1.6924,302020
8666,1.6924,2.5653,1.2145,2.2294,145855
8667,2.2294,2.7088,0.9098,1.9744,262387
8668,1.9744,2.3447,-0.6801,-0.1535,170723
8669,-0.1535,0.2125,-0.4058,-0.1555,353410
8670,-0.1555,0.5261,-0.7603,-0.349,108983
8671,-0.349,-0.3233,-1.5536,-1.0222,613601
8672,-1.0222,0.3601,-1.0302,-0.1661,520021
8673,-0.1661,-0.0818,-0.9759,-0.2426,303599
8674,-0.2426,0.156,-0.804,-0.467,234915
8675,-0.467,0.3802,-0.7935,-0.1029,677055
8676,-0.1029,1.1478,-0.5427,0.8164,452433
8677,0.8164,1.1158,0.4112,0.7461,158395
8678,0.7461,1.0596,-0.7744,0.2061,854286
8679,0.2061,0.5449,0.0123,0.0318,116619
8680,0.0318,0.0383,-1.5218,-1.0923,571384
8681,-1.0923,-0.6799,-1.4737,-1.3071,773334
8682,-1.3071,-0.9633,-2.904,-2.228,306341
8683,-2.228,-1.7948,-3.2384,-2.7896,777516
8684,-2.7896,-1.6172,-2.8197,-1.9889,978035
8685,-1.9889,-0.0448,-2.454,-0.0648,747886
8686,-0.0648,0.29,-1.8844,-1.2343,471770
8687,-1.2343,-0.8517,-1.8032,-0.9944,970995
8688,-0.9944,1.4892,-1.5522,0.9341,184498
8689,0.9341,2.2549,0.4273,2.0037,642606
8690,2.0037,2.6745,1.6849,2.5493,452176
8691,2.5493,2.7876,1.3206,2.0091,373346
8692,2.0091,2.0977,-0.0841,0.0903,321636
8693,0.0903,0.5897,-1.9314,-1.5782,109153
8694,-1.5782,-1.3485,-2.6985,-1.9753,649999
8695,-1.9753,-1.2487,-3.4749,-2.2798,127779
8696,-2.2798,-2.2055,-4.512,-4.0445,410532
8697,-4.0445,-3.3584,-4.864,-4.6029,739444
8698,-4.6029,-4.1668,-4.862,-4.1837,720346
8699,-4.1837,-3.1971,-4.4006,-3.3277,668223
8700,-3.3277,-2.3258,-3.5937,-3.1917,805305
8701,-3.1917,-2.7089,-3.8283,-3.1888,510473
8702,-3.1888,-2.4798,-3.5172,-3.1994,795581
8703,-3.1994,-2.8409,-3.8455,-3.5922,587629
8704,-3.5922,-3.171,-4.4567,-4.2512,819390
8705,-4.2512,-3.9043,-6.2842,-5.2137,918390
8706,-5.2137,-5.0504,-5.4252,-5.3171,208723
8707,-5.3171,-5.0362,-6.7988,-6.2391,321482
8708,-6.2391,-5.487,-6.7454,-5.5643,416843
8709,-5.5643,-5.3269,-7.9841,-6.3549,962926
8710,-6.3549,-6.0925,-7.3869,-6.5218,448056
8711,-6.5218,-5.1249,-6.9567,-5.742,607198
8712,-5.742,-5.3277,-8.013,-7.0491,961291
8713,-7.0491,-6.8024,-8.3092,-8.2354,270740
8714,-8.2354,-5.9541,-8.9694,-6.5049,766318
8715,-6.5049,-5.9871,-7.1762,-6.991,455579
8716,-6.991,-6.9261,-8.3105,-7.9479,588098
8717,-7.9479,-7.0556,-8.4117,-7.4361,960954
8718,-7.4361,-5.2971,-7.8322,-5.9731,624358
8719,-5.9731,-4.9087,-6.2617,-5.1662,499239
8720,-5.1662,-3.8735,-6.2826,-4.3359,607888
8721,-4.3359,-3.6672,-5.4038,-5.2926,781113
8722,-5.2926,-5.2722,-8.3045,-7.813,113738
8723,-7.813,-5.9382,-8.4213,-6.522,127621
8724,-6.522,-5.3061,-6.9533,-5.7822,394461
8725,-5.7822,-5.6175,-6.3891,-5.7486,995721
8726,-5.7486,-5.7311,-5.9957,-5.9885,225869
8727,-5.9885,-3.5995,-6.6946,-4.2214,595522
8728,-4.2214,-3.0794,-5.2893,-4.9251,242148
8729,-4.9251,-4.2005,-5.8019,-4.8562,485749
8730,-4.8562,-3.9328,-5.15,-3.9892,115706
8731,-3.9892,-3.7056,-4.5087,-4.4186,988234
8732,-4.4186,-4.0485,-5.9564,-5.5878,100865
8733,-5.5878,-5.0793,-6.5752,-6.4228,693417
8734,-6.4228,-6.0071,-8.0989,-7.2952,855094
8735,-7.2952,-5.9874,-7.4263,-6.5352,334575
8736,-6.5352,-6.377,-6.8396,-6.5172,319589
8737,-6.5172,-6.0142,-8.9808,-7.7725,995110
8738,-7.7725,-7.6191,-8.2947,-7.6869,594776
8739,-7.6869,-7.5181,-9.3495,-9.3083,779547
8740,-9.3083,-7.2522,-9.3731,-7.8396,580419
8741,-7.8396,-7.1807,-7.8918,-7.2865,970851
8742,-7.2865,-6.6889,-7.7839,-6.8533,893977
8743,-6.8533,-6.0129,-7.4489,-6.2996,143833
8744,-6.2996,-5.8284,-6.3904,-6.2647,146573
8745,-6.2647,-5.8112,-6.3342,-5.8305,383935
8746,-5.8305,-5.1398,-6.6623,-5.3393,111696
8747,-5.3393,-2.9621,-5.9553,-3.1403,932694
8748,-3.1403,-2.5641,-5.6171,-5.4328,944366
8749,-5.4328,-4.8941,-5.5034,-5.4845,378127
8750,-5.4845,-5.1106,-6.2188,-6.2097,461696
8751,-6.2097,-5.8024,-7.958,-7.8738,643944
8752,-7.8738,-7.6852,-8.2133,-8.0677,578016
8753,-8.0677,-6.987,-8.388,-7.1482,198289
8754,-7.1482,-6.4091,-7.2663,-6.8581,213267
8755,-6.8581,-6.2561,-8.0622,-7.6191,422615
8756,-7.6191,-7.4253,-9.0065,-8.9186,912691
8757,-8.9186,-8.6438,-9.5415,-9.286,773190
8758,-9.286,-8.3471,-9.4275,-8.6131,619671
8759,-8.6131,-7.9072,-9.2532,-8.0293,764497
8760,-8.0293,-7.3464,-9.0117,-8.5806,305442
8761,-8.5806,-8.1056,-9.1063,-8.4787,476863
8762,-8.4787,-7.5197,-8.9583,-8.7645,132646
8763,-8.7645,-8.0657,-10.3633,-10.0321,944126
8764,-10.0321,-9.2743,-11.6321,-11.0539,904819
8765,-11.0539,-9.7619,-11.3976,-10.6875,650704
8766,-10.6875,-9.9917,-10.7912,-10.6151,580377
8767,-10.6151,-9.8912,-11.0154,-10.9557,189927
8768,-10.9557,-10.834,-11.4743,-11.1256,721522
8769,-11.1256,-10.9845,-12.2822,-11.7404,502944
8770,-11.7404,-11.2482,-12.83,-12.8036,443691
8771,-12.8036,-12.7406,-15.3043,-14.8488,378025
8772,-14.8488,-14.2972,-15.0623,-14.6864,300215
8773,-14.6864,-14.2619,-14.9155,-14.4723,150832
8774,-14.4723,-13.9676,-15.7825,-15.5742,857994
8775,-15.5742,-15.546,-17.784,-16.9137,831515
8776,-16.9137,-16.2765,-17.2965,-17.0503,786915
8777,-17.0503,-16.6805,-17.7875,-16.8042,991874
8778,-16.8042,-14.3753,-17.2904,-14.6025,130146
8779,-14.6025,-14.5842,-16.5695,-16.273,111645
8780,-16.273,-14.4623,-16.5141,-14.8858,539922
8781,-14.8858,-14.8107,-16.4655,-16.2212,637388
8782,-16.2212,-16.059,-17.1025,-16.8382,391266
8783,-16.8382,-16.2741,-17.0277,-16.8336,618568
8784,-16.8336,-14.8444,-17.4578,-15.8879,728212
8785,-15.8879,-14.0553,-16.1102,-14.5189,788965
8786,-14.5189,-13.0249,-15.1472,-13.5151,975305
8787,-13.5151,-12.6424,-14.3229,-14.0481,984788
8788,-14.0481,-13.6941,-15.866,-15.1507,689225
8789,-15.1507,-13.7051,-15.3837,-13.914,568563
8790,-13.914,-12.9646,-14.1845,-13.7673,192723
8791,-13.7673,-11.996,-14.1421,-12.5247,309001
8792,-12.5247,-12.2826,-12.6727,-12.4124,513952
8793,-12.4124,-11.9041,-13.375,-12.6521,154256
8794,-12.6521,-11.7939,-13.231,-12.714,990914
8795,-12.714,-11.307,-12.9548,-11.3468,993240
8796,-11.3468,-9.5636,-11.6215,-9.7893,490526
8797,-9.7893,-9.4905,-10.5667,-9.9729,485493
8798,-9.9729,-9.8535,-10.6737,-9.8596,771898
8799,-9.8596,-8.787,-10.2313,-9.073,799683
8800,-9.073,-8.743,-11.0651,-10.8888,661301
8801,-10.8888,-10.2982,-10.9552,-10.4777,405101
8802,-10.4777,-10.0576,-12.508,-11.5666,403519
8803,-11.5666,-11.4533,-13.0311,-12.7752,273140
8804,-12.7752,-11.8786,-13.1859,-12.932,282276
8805,-12.932,-12.1914,-13.3811,-12.5338,230809
8806,-12.5338,-12.3288,-14.4874,-14.3597,572801
8807,-14.3597,-13.6008,-15.3382,-15.1729,918347
8808,-15.1729,-14.3304,-17.476,-16.663,962725
8809,-16.663,-16.1428,-17.0906,-16.6691,997891
8810,-16.6691,-16.5941,-19.0735,-18.9909,716076
8811,-18.9909,-17.6744,-21.5955,-20.7693,776889
8812,-20.7693,-20.2749,-21.2551,-20.4496,186384
8813,-20.4496,-19.7844,-20.9418,-19.803,260967
8814,-19.803,-18.4799,-19.9801,-18.8449,794703
8815,-18.8449,-18.5426,-19.3345,-18.9892,559385
8816,-18.9892,-18.6621,-20.1046,-19.1549,787862
8817,-19.1549,-18.5087,-19.1935,-18.7614,880787
8818,-18.7614,-16.9583,-19.0925,-17.4469,347117
8819,-17.4469,-17.3124,-17.9839,-17.6935,584895
8820,-17.6935,-16.5826,-18.0501,-17.8394,315132
8821,-17.8394,-17.797,-18.2022,-17.8454,302192
8822,-17.8454,-17.5226,-19.4934,-18.4316,554577
8823,-18.4316,-18.2951,-19.5223,-19.0222,108164
8824,-19.0222,-18.3674,-20.8486,-20.7819,779508
8825,-20.7819,-19.7381,-21.5404,-19.8807,553370
8826,-19.8807,-18.6104,-20.5906,-18.7748,183140
8827,-18.7748,-17.1363,-19.1828,-17.7926,255357
8828,-17.7926,-15.8303,-18.0631,-16.8865,382355
8829,-16.8865,-16.2105,-17.4003,-17.2533,716700
8830,-17.2533,-15.3046,-17.405,-16.3094,584439
8831,-16.3094,-15.3546,-16.6812,-15.9905,259384
8832,-15.9905,-15.3982,-17.4191,-17.0001,360531
8833,-17.0001,-16.7891,-19.0738,-18.9958,456963
8834,-18.9958,-18.2921,-19.9724,-18.3284,364162
8835,-18.3284,-17.0954,-18.3759,-17.2418,237023
8836,-17.2418,-17.197,-20.2211,-19.8573,286736
8837,-19.8573,-18.9153,-20.7473,-19.1896,355583
8838,-19.1896,-18.1778,-19.5751,-18.6223,613866
8839,-18.6223,-18.2301,-19.7263,-19.3434,686798
8840,-19.3434,-19.0492,-21.0398,-19.3495,131112
8841,-19.3495,-18.9548,-19.5657,-19.0172,470843
8842,-19.0172,-18.9552,-19.6833,-19.1555,986259
8843,-19.1555,-17.8467,-19.4404,-17.9568,165133
8844,-17.9568,-17.292,-18.5742,-17.2925,398161
8845,-17.2925,-16.5354,-19.2772,-19.0031,905558
8846,-19.0031,-18.4952,-19.8571,-19.1762,193682
8847,-19.1762,-18.3061,-19.2983,-18.3111,758002
8848,-18.3111,-18.0652,-19.1311,-18.1905,765795
8849,-18.1905,-17.7237,-18.2331,-18.0311,476955
8850,-18.0311,-17.7273,-18.0569,-17.9601,335662
8851,-17.9601,-17.6785,-18.6513,-18.3169,918112
8852,-18.3169,-18.1134,-20.5792,-19.5459,220687
8853,-19.5459,-19.3665,-20.1845,-19.6939,542445
8854,-19.6939,-19.1237,-19.8146,-19.5454,523574
8855,-19.5454,-17.3744,-19.6649,-17.7884,414231
8856,-17.7884,-16.6928,-18.5671,-17.4701,346425
8857,-17.4701,-15.5739,-17.8846,-16.0944,768282
8858,-16.0944,-16.0463,-16.5677,-16.4989,168638
8859,-16.4989,-13.9561,-16.8226,-14.4255,654890
8860,-14.4255,-14.2106,-16.1905,-15.9752,695100
8861,-15.9752,-14.9918,-16.0877,-15.0654,483083
8862,-15.0654,-14.7068,-15.3015,-15.1711,405836
8863,-15.1711,-13.5359,-15.2675,-13.847,172521
8864,-13.847,-13.0353,-15.2432,-15.0078,421148
8865,-15.0078,-14.8238,-15.8687,-15.0413,597162
8866,-15.0413,-14.619,-16.4544,-15.7317,621090
8867,-15.7317,-13.9333,-16.2689,-14.7052,910420
8868,-14.7052,-11.6365,-15.0902,-12.4258,262897
8869,-12.4258,-12.3697,-14.5201,-14.4039,860268
8870,-14.4039,-13.9644,-15.3494,-14.8984,208178
8871,-14.8984,-14.0074,-15.3066,-14.4837,140938
8872,-14.4837,-14.02,-14.6351,-14.1003,763002
8873,-14.1003,-13.5394,-14.101,-13.5617,308515
8874,-13.5617,-13.2641,-15.1342,-14.9157,322358
8875,-14.9157,-13.1059,-15.4613,-13.2916,251547
8876,-13.2916,-12.0578,-13.7949,-12.0597,236763
8877,-12.0597,-10.6868,-12.4662,-10.7945,142545
8878,-10.7945,-9.7547,-11.4606,-10.8243,972518
8879,-10.8243,-9.7267,-11.1257,-10.2112,636511
8880,-10.2112,-9.4886,-10.3692,-9.7312,758208
8881,-9.7312,-8.8373,-10.0854,-9.654,123670
8882,-9.654,-9.2435,-9.8576,-9.5683,186425
8883,-9.5683,-9.3141,-11.2566,-10.9365,142127
8884,-10.9365,-10.8937,-12.2019,-12.11,977137
8885,-12.11,-11.6916,-12.5775,-12.0902,694711
8886,-12.0902,-12.0301,-13.9207,-13.8185,383457
8887,-13.8185,-13.4321,-16.1784,-15.8795,153418
8888,-15.8795,-15.3905,-16.0021,-15.7523,331440
8889,-15.7523,-15.5929,-16.555,-16.4042,212386
8890,-16.4042,-15.2521,-16.7673,-16.1635,108897
8891,-16.1635,-15.5614,-16.7581,-15.9276,553712
8892,-15.9276,-14.7934,-17.1262,-14.999,456515
8893,-14.999,-14.4858,-15.637,-15.5285,350322
8894,-15.5285,-14.372,-15.8651,-14.7232,104420
8895,-14.7232,-13.6866,-14.8323,-14.062,866081
8896,-14.062,-13.9531,-16.1315,-15.7561,233181
8897,-15.7561,-15.5318,-17.1363,-16.9248,289635
8898,-16.9248,-15.4953,-17.2849,-15.7954,871829
8899,-15.7954,-14.6873,-16.1449,-15.4161,375522
8900,-15.4161,-14.663,-16.2526,-15.8333,205270
8901,-15.8333,-14.7785,-15.9008,-14.8358,976846
8902,-14.8358,-14.3,-16.2644,-15.7182,487502
8903,-15.7182,-15.2673,-18.2906,-17.9693,766508
8904,-17.9693,-17.5154,-18.4687,-18.2458,570915
8905,-18.2458,-18.1749,-19.1174,-18.7969,323644
8906,-18.7969,-18.7786,-20.3861,-19.893,340868
8907,-19.893,-19.2387,-22.3146,-21.4787,298192
8908,-21.4787,-21.3013,-22.3148,-21.6382,980270
8909,-21.6382,-21.1032,-21.6999,-21.5802,457418
8910,-21.5802,-20.9653,-23.7311,-23.6459,411153
8911,-23.6459,-22.0626,-24.179,-22.8837,361251
8912,-22.8837,-22.7375,-24.8094,-24.6438,328562
8913,-24.6438,-23.6805,-24.7477,-24.2195,396138
8914,-24.2195,-24.1722,-25.6343,-25.302,882485
8915,-25.302,-25.1281,-26.468,-26.3619,654362
8916,-26.3619,-24.585,-26.6004,-25.0464,580608
8917,-25.0464,-24.7589,-26.1619,-25.8056,402752
8918,-25.8056,-25.2629,-28.5239,-28.4528,648639
8919,-28.4528,-25.899,-28.8991,-26.5408,325736
8920,-26.5408,-26.3534,-28.2973,-28.0145,907315
8921,-28.0145,-27.7643,-30.8823,-29.8932,566999
8922,-29.8932,-29.8823,-31.4062,-30.9897,198554
8923,-30.9897,-29.8314,-32.4537,-32.1806,350122
8924,-32.1806,-30.766,-32.7332,-30.8911,742068
8925,-30.8911,-30.4447,-31.1841,-30.6438,555624
8926,-30.6438,-30.1701,-32.7561,-31.9912,709687
8927,-31.9912,-31.4728,-34.4264,-34.0056,555670
8928,-34.0056,-33.7899,-34.9927,-34.5264,377382
8929,-34.5264,-34.2411,-34.9626,-34.2955,997055
8930,-34.2955,-33.843,-34.7673,-34.508,939740
8931,-34.508,-33.8977,-34.775,-34.0769,243831
8932,-34.0769,-32.7588,-34.6294,-33.0712,229213
8933,-33.0712,-31.8793,-33.3629,-32.8289,605991
8934,-32.8289,-31.4347,-33.3083,-31.8246,430328
8935,-31.8246,-31.514,-32.9196,-32.2847,662068
8936,-32.2847,-31.6967,-33.0544,-32.6512,362983
8937,-32.6512,-32.1977,-33.6979,-32.8299,888101
8938,-32.8299,-32.5543,-33.5773,-32.8366,155540
8939,-32.8366,-32.3098,-33.1083,-32.6436,576651
8940,-32.6436,-32.2994,-33.4165,-33.0425,544617
8941,-33.0425,-33.0313,-33.5631,-33.5549,329742
8942,-33.5549,-33.3137,-36.3909,-35.4519,343885
8943,-35.4519,-35.4059,-35.4944,-35.4853,805909
8944,-35.4853,-35.3816,-36.3924,-36.2814,314597
8945,-36.2814,-35.7553,-36.3448,-35.9512,797951
8946,-35.9512,-34.4936,-37.3369,-36.8073,537640
8947,-36.8073,-36.4994,-38.2884,-37.8588,552972
8948,-37.8588,-35.8118,-38.3544,-36.4795,374953
8949,-36.4795,-36.3815,-37.3071,-37.1301,740063
8950,-37.1301,-33.1705,-37.5065,-33.9009,234281
8951,-33.9009,-33.3905,-34.5762,-33.577,532396
8952,-33.577,-33.4024,-35.8553,-35.3713,667962
8953,-35.3713,-32.0704,-36.487,-33.152,557856
8954,-33.152,-31.8659,-33.9683,-32.3543,732021
8955,-32.3543,-29.4381,-32.3851,-29.9199,918807
8956,-29.9199,-27.6302,-30.4311,-28.4386,390353
8957,-28.4386,-26.6731,-28.8888,-26.8079,631081
8958,-26.8079,-25.4592,-27.5445,-25.6787,546008
8959,-25.6787,-24.7318,-25.6857,-25.0353,671661
8960,-25.0353,-23.9008,-25.2737,-25.0974,730576
8961,-25.0974,-23.8147,-25.4796,-25.2133,813941
8962,-25.2133,-24.1561,-25.2868,-24.3991,910341
8963,-24.3991,-24.1271,-25.7104,-25.2448,532267
8964,-25.2448,-24.6743,-25.2459,-25.2109,991551
8965,-25.2109,-23.8048,-25.4165,-24.2489,192327
8966,-24.2489,-23.505,-26.0701,-25.7199,393215
8967,-25.7199,-25.2437,-27.7873,-27.2297,512667
8968,-27.2297,-22.827,-27.5188,-23.4467,121163
8969,-23.4467,-22.8709,-24.1723,-23.7743,747360
8970,-23.7743,-23.5122,-24.676,-24.612,878148
8971,-24.612,-23.5524,-24.898,-23.9905,321917
8972,-23.9905,-22.6208,-24.3025,-23.2642,992184
8973,-23.2642,-23.0665,-24.235,-24.0457,897211
8974,-24.0457,-22.7056,-24.4164,-23.0712,843545
8975,-23.0712,-22.6973,-24.1355,-23.9083,688034
8976,-23.9083,-23.6868,-24.7648,-24.2778,119298
8977,-24.2778,-24.0541,-24.6366,-24.443,129533
8978,-24.443,-24.25,-26.4129,-25.9522,158200
8979,-25.9522,-25.1755,-26.4128,-26.0242,184237
8980,-26.0242,-25.4376,-27.5089,-26.843,704813
8981,-26.843,-25.4881,-27.2415,-26.2113,973126
8982,-26.2113,-25.488,-26.2563,-25.4985,310880
8983,-25.4985,-25.1961,-26.5387,-26.0322,722445
8984,-26.0322,-25.4833,-27.413,-27.0737,299129
8985,-27.0737,-26.6764,-27.8823,-26.9742,922138
8986,-26.9742,-26.2507,-27.4769,-27.3217,429123
8987,-27.3217,-26.5159,-27.4465,-26.7528,399638
8988,-26.7528,-26.713,-27.0501,-26.8053,440347
8989,-26.8053,-25.1948,-26.8553,-26.12,604081
8990,-26.12,-25.9903,-28.7559,-28.3257,435060
8991,-28.3257,-28.0897,-29.1304,-29.0569,761565
8992,-29.0569,-28.3129,-30.2776,-29.0287,107558
8993,-29.0287,-28.3948,-29.1567,-28.4602,458629
8994,-28.4602,-27.5671,-28.5909,-28.55,360364
8995,-28.55,-27.862,-29.1485,-28.0946,853633
8996,-28.0946,-27.4793,-28.801,-28.6728,490617
8997,-28.6728,-26.5614,-29.2972,-27.5936,886830
8998,-27.5936,-27.582,-28.6308,-28.1,131492
8999,-28.1,-27.7379,-28.9096,-28.6391,534311
9000,-28.6391,-27.8046,-29.3027,-27.8521,779760
9001,-27.8521,-27.4053,-28.398,-28.1751,889745
9002,-28.1751,-28.1738,-29.1258,-28.6745,160225
9003,-28.6745,-27.5116,-28.9483,-27.5831,326060
9004,-27.5831,-25.5558,-28.0359,-25.9711,117904
9005,-25.9711,-22.4224,-26.2321,-23.0638,277623
9006,-23.0638,-22.6896,-23.9067,-22.7899,457039
9007,-22.7899,-22.6072,-23.414,-22.9529,924347
9008,-22.9529,-21.6578,-23.3276,-21.7052,831167
9009,-21.7052,-20.1232,-21.7807,-20.6617,504686
9010,-20.6617,-18.5811,-21.2581,-18.6131,982202
9011,-18.6131,-17.8142,-18.7229,-17.8202,748487
9012,-17.8202,-17.2458,-18.6657,-18.3852,345222
9013,-18.3852,-17.5615,-18.9185,-18.1908,321632
9014,-18.1908,-18.053,-20.4055,-19.1959,598422
9015,-19.1959,-18.0207,-19.3109,-19.0164,207447
9016,-19.0164,-18.683,-21.0076,-20.6258,198969
9017,-20.6258,-19.9131,-20.7103,-20.5911,866509
9018,-20.5911,-20.3035,-21.1501,-20.5823,633492
9019,-20.5823,-19.6384,-21.4333,-19.9593,137620
9020,-19.9593,-19.894,-22.505,-22.4431,294967
9021,-22.4431,-22.3334,-23.1298,-22.4959,766967
9022,-22.4959,-22.1369,-23.5387,-22.544,405192
9023,-22.544,-20.8873,-22.9326,-20.9814,748592
9024,-20.9814,-19.2765,-21.7428,-19.7781,632178
9025,-19.7781,-19.0822,-20.067,-19.1578,161638
9026,-19.1578,-18.2671,-19.4326,-18.7058,373114
9027,-18.7058,-18.1304,-18.8996,-18.1679,960408
9028,-18.1679,-18.034,-19.1285,-18.6154,503215
9029,-18.6154,-18.4335,-19.5814,-19.2975,716879
9030,-19.2975,-19.2054,-19.9573,-19.3179,877555
9031,-19.3179,-19.14,-20.6624,-19.7859,659704
9032,-19.7859,-18.9108,-20.5687,-19.3009,337113
9033,-19.3009,-17.5276,-20.0892,-17.9935,449913
9034,-17.9935,-17.81,-19.3375,-19.1212,320222
9035,-19.1212,-16.9694,-19.136,-17.4281,971756
9036,-17.4281,-16.9464,-19.0176,-18.388,884532
9037,-18.388,-17.8347,-19.379,-18.3317,561061
9038,-18.3317,-18.1311,-18.3928,-18.2191,981976
9039,-18.2191,-17.5372,-19.9823,-19.6068,612828
9040,-19.6068,-17.435,-20.0211,-17.4449,190384
9041,-17.4449,-17.3042,-18.2501,-17.4817,735798
9042,-17.4817,-15.7305,-17.6534,-16.1374,814876
9043,-16.1374,-15.5907,-16.2219,-15.7809,232973
9044,-15.7809,-14.5566,-16.58,-14.6638,983875
9045,-14.6638,-13.562,-14.9305,-13.8066,188863
9046,-13.8066,-13.2459,-14.7891,-13.4489,427667
9047,-13.4489,-11.785,-13.8877,-12.5195,457174
9048,-12.5195,-12.3824,-12.5216,-12.4643,390620
9049,-12.4643,-12.4478,-14.2676,-13.775,566270
9050,-13.775,-10.9062,-14.2945,-11.3879,932958
9051,-11.3879,-9.9488,-11.9944,-10.581,608138
9052,-10.581,-10.1474,-10.6941,-10.3797,254786
9053,-10.3797,-10.1799,-11.5198,-11.2777,433410
9054,-11.2777,-10.3819,-11.5401,-10.828,227864
9055,-10.828,-10.6311,-12.6358,-12.3033,312360
9056,-12.3033,-11.3162,-12.832,-11.511,307626
9057,-11.511,-10.8947,-12.0628,-11.5444,777334
9058,-11.5444,-11.29,-12.8132,-12.4358,991110
9059,-12.4358,-10.6925,-12.4592,-11.491,914576
9060,-11.491,-11.2974,-12.653,-11.7446,859962
9061,-11.7446,-11.5373,-12.1208,-11.5958,710149
9062,-11.5958,-11.3357,-12.5392,-12.4951,366580
9063,-12.4951,-12.2979,-12.5002,-12.3678,614252
9064,-12.3678,-12.3289,-14.1909,-13.8377,428278
9065,-13.8377,-13.5178,-14.3612,-13.736,726865
9066,-13.736,-13.6457,-14.8026,-14.7165,295266
9067,-14.7165,-12.9119,-15.1536,-13.1651,854181
9068,-13.1651,-12.292,-14.4672,-12.305,871070
9069,-12.305,-11.5102,-14.178,-13.6687,770220
9070,-13.6687,-12.4172,-13.8006,-13.1255,222169
9071,-13.1255,-10.5939,-14.0164,-10.959,365747
9072,-10.959,-9.4213,-11.148,-9.9872,322209
9073,-9.9872,-9.8607,-11.9374,-11.2394,678169
9074,-11.2394,-9.4012,-11.4973,-10.1463,807263
9075,-10.1463,-9.401,-10.5854,-10.1198,939179
9076,-10.1198,-7.6886,-10.4654,-7.9656,632325
9077,-7.9656,-7.379,-8.0062,-7.4742,787758
9078,-7.4742,-5.6846,-7.5982,-6.5328,510389
9079,-6.5328,-5.9895,-6.7075,-6.5482,195985
9080,-6.5482,-5.8344,-7.1233,-6.0395,409847
9081,-6.0395,-3.4399,-6.1253,-4.0875,995752
9082,-4.0875,-3.1756,-4.5702,-3.245,578120
9083,-3.245,-2.9963,-4.1755,-4.1178,848966
9084,-4.1178,-3.9001,-5.4938,-5.2711,805393
9085,-5.2711,-4.2901,-5.3699,-5.1802,719255
9086,-5.1802,-4.0677,-5.8021,-4.3052,604401
9087,-4.3052,-3.8704,-5.5585,-5.1065,527323
9088,-5.1065,-4.6276,-6.1602,-5.7131,956961
9089,-5.7131,-4.3234,-5.9133,-4.9885,217722
9090,-4.9885,-3.9857,-5.2071,-4.169,976014
9091,-4.169,-3.7026,-5.0611,-4.5883,733669
9092,-4.5883,-3.3794,-6.0509,-5.8532,470358
9093,-5.8532,-4.361,-6.7295,-4.419,567835
9094,-4.419,-4.3747,-5.3018,-4.7004,491066
9095,-4.7004,-3.8894,-5.3499,-5.0355,616772
9096,-5.0355,-4.393,-5.3161,-4.6979,673492
9097,-4.6979,-3.2918,-4.7497,-3.3827,741107
9098,-3.3827,-3.1084,-4.1949,-3.7333,306690
9099,-3.7333,-2.7901,-6.1066,-5.4485,514563
9100,-5.4485,-4.3556,-5.4717,-5.0056,223875
9101,-5.0056,-4.4777,-5.6435,-5.5462,847568
9102,-5.5462,-5.2149,-7.7272,-6.5029,949289
9103,-6.5029,-4.8947,-7.2124,-5.418,598559
9104,-5.418,-4.8011,-6.7586,-6.0878,814867
9105,-6.0878,-4.7536,-6.1544,-4.8341,127142
9106,-4.8341,-4.8191,-5.3179,-5.0053,835297
9107,-5.0053,-4.4198,-6.0173,-5.6703,389630
9108,-5.6703,-4.93,-6.0787,-5.1328,328022
9109,-5.1328,-4.7166,-7.3355,-6.5882,500774
9110,-6.5882,-5.5871,-7.236,-6.1768,991801
9111,-6.1768,-4.9323,-6.5693,-4.9849,946063
9112,-4.9849,-4.4047,-5.0384,-4.9772,265053
9113,-4.9772,-4.3765,-5.6494,-4.6344,363698
9114,-4.6344,-3.8755,-6.4214,-6.3059,962744
9115,-6.3059,-5.9454,-7.9796,-7.6892,564646
9116,-7.6892,-6.3416,-8.6629,-7.0821,410798
9117,-7.0821,-6.9033,-8.6135,-8.3618,262037
9118,-8.3618,-7.3931,-9.436,-7.6181,285104
9119,-7.6181,-6.6276,-8.1424,-6.7837,707961
9120,-6.7837,-6.5334,-7.6953,-7.1646,291408
9121,-7.1646,-5.2188,-7.7776,-5.7213,792135
9122,-5.7213,-3.8525,-5.836,-4.4145,143279
9123,-4.4145,-4.3563,-4.6535,-4.4828,639338
9124,-4.4828,-4.4589,-6.3375,-5.7743,529644
9125,-5.7743,-5.2212,-7.0654,-6.819,960014
9126,-6.819,-4.7168,-7.4366,-5.7309,992156
9127,-5.7309,-5.4049,-6.7179,-6.6733,898650
9128,-6.6733,-5.0008,-6.7614,-5.6759,547782
9129,-5.6759,-5.1814,-6.5211,-6.2318,774982
9130,-6.2318,-5.4253,-8.4983,-8.2883,253250
9131,-8.2883,-7.7038,-8.9357,-8.1799,320481
9132,-8.1799,-7.341,-8.1904,-7.5015,238275
9133,-7.5015,-6.963,-8.6148,-7.457,434543
9134,-7.457,-7.1649,-7.9859,-7.6122,578817
9135,-7.6122,-6.5732,-8.3443,-7.906,109468
9136,-7.906,-7.0202,-8.0663,-7.8487,771505
9137,-7.8487,-7.5849,-8.4517,-8.178,367781
9138,-8.178,-7.6987,-9.6439,-9.5249,952558
9139,-9.5249,-9.1423,-11.1181,-10.8224,440989
9140,-10.8224,-10.7723,-11.83,-11.0582,809807
9141,-11.0582,-10.2828,-11.2751,-10.7716,615799
9142,-10.7716,-10.1985,-12.1125,-10.969,497257
9143,-10.969,-10.71,-11.802,-11.6321,134424
9144,-11.6321,-9.3571,-12.2727,-9.6505,853155
9145,-9.6505,-8.6832,-12.1072,-12.0888,686751
9146,-12.0888,-11.825,-12.3555,-11.9101,933022
9147,-11.9101,-11.6618,-12.1247,-11.8222,150837
9148,-11.8222,-10.8141,-12.7831,-12.717,968548
9149,-12.717,-11.105,-13.1143,-12.006,918548
9150,-12.006,-11.4541,-12.2184,-11.7173,688632
9151,-11.7173,-10.4667,-12.1074,-11.5168,756523
9152,-11.5168,-9.3183,-13.1061,-9.332,667898
9153,-9.332,-9.0415,-10.6918,-10.0873,898154
9154,-10.0873,-8.1148,-10.757,-8.1799,622670
9155,-8.1799,-8.0324,-9.391,-9.2167,424487
9156,-9.2167,-8.4883,-9.2867,-9.1475,793268
9157,-9.1475,-8.9123,-12.4149,-12.0237,445762
9158,-12.0237,-11.9109,-15.2792,-14.1302,393092
9159,-14.1302,-13.8255,-14.5618,-14.3122,144663
9160,-14.3122,-14.0496,-15.6081,-15.3378,798337
9161,-15.3378,-14.7155,-15.7498,-15.0228,275532
9162,-15.0228,-13.9511,-15.5018,-14.1597,240943
9163,-14.1597,-13.3146,-14.3894,-14.1567,423735
9164,-14.1567,-13.393,-14.9258,-14.8392,767664
9165,-14.8392,-13.5836,-15.166,-13.6188,436969
9166,-13.6188,-12.2988,-14.0786,-12.3792,472308
9167,-12.3792,-11.1861,-12.854,-11.4583,602177
9168,-11.4583,-11.2629,-11.8253,-11.5318,431741
9169,-11.5318,-9.8818,-11.7893,-10.3959,123248
9170,-10.3959,-8.8208,-10.4352,-9.3555,105167
9171,-9.3555,-8.6149,-11.1738,-10.2078,259602
9172,-10.2078,-9.4033,-11.1833,-10.7947,421133
9173,-10.7947,-8.8102,-11.3731,-9.5802,437107
9174,-9.5802,-9.2152,-10.0672,-9.7795,914905
9175,-9.7795,-9.4393,-10.7626,-10.2809,697769
9176,-10.2809,-9.934,-11.1144,-10.64,471124
9177,-10.64,-10.2469,-11.3096,-11.0351,567928
9178,-11.0351,-10.8189,-11.0773,-10.875,968414
9179,-10.875,-8.424,-10.8989,-8.4339,591697
9180,-8.4339,-7.9095,-8.9766,-8.7482,462809
9181,-8.7482,-7.6609,-9.6843,-9.6171,709884
9182,-9.6171,-8.7347,-9.8103,-9.4335,388054
9183,-9.4335,-9.3769,-9.9593,-9.3787,712389
9184,-9.3787,-8.789,-10.4204,-10.0985,823344
9185,-10.0985,-9.5113,-10.4755,-10.1723,578251
9186,-10.1723,-9.7554,-10.7965,-9.842,484091
9187,-9.842,-9.0399,-10.1724,-9.5019,397444
9188,-9.5019,-9.1659,-10.3847,-10.2419,835514
9189,-10.2419,-9.9511,-12.0887,-11.7863,957405
9190,-11.7863,-10.5158,-12.2489,-11.394,240595
9191,-11.394,-9.8014,-11.6616,-10.3763,202999
9192,-10.3763,-9.9667,-10.8802,-10.6711,263186
9193,-10.6711,-10.6389,-11.792,-11.3486,359469
9194,-11.3486,-11.1777,-12.5272,-12.1199,248130
9195,-12.1199,-12.081,-12.2636,-12.2265,525914
9196,-12.2265,-12.2254,-12.3904,-12.2747,530380
9197,-12.2747,-10.843,-12.3772,-11.191,419862
9198,-11.191,-10.3834,-11.4771,-10.8502,978856
9199,-10.8502,-10.8018,-11.8072,-11.002,385375
9200,-11.002,-10.5232,-11.7582,-11.3369,495175
9201,-11.3369,-10.0257,-12.2143,-12.1534,284487
9202,-12.1534,-10.5184,-12.3748,-11.0904,415067
9203,-11.0904,-10.9611,-11.9053,-11.8934,411719
9204,-11.8934,-11.6258,-13.8006,-13.4091,204821
9205,-13.4091,-11.877,-14.6429,-12.3385,337551
9206,-12.3385,-12.1591,-13.5472,-12.8937,451272
9207,-12.8937,-12.0601,-13.1842,-12.2423,531002
9208,-12.2423,-11.6734,-12.5726,-12.4915,313302
9209,-12.4915,-12.3347,-12.8197,-12.7503,509591
9210,-12.7503,-11.2274,-13.5404,-11.9619,165437
9211,-11.9619,-10.5489,-12.7167,-11.0932,849345
9212,-11.0932,-10.6189,-11.9228,-11.8295,633364
9213,-11.8295,-10.982,-12.9248,-12.7778,832578
9214,-12.7778,-10.3446,-12.9964,-11.1854,926330
9215,-11.1854,-11.115,-11.4429,-11.2557,494335
9216,-11.2557,-9.1985,-11.6892,-9.6589,355944
9217,-9.6589,-9.0778,-10.5913,-10.2285,933002
9218,-10.2285,-10.1633,-10.83,-10.5792,691937
9219,-10.5792,-10.0901,-11.0339,-10.2604,322266
9220,-10.2604,-9.1071,-10.3733,-9.2325,981104
9221,-9.2325,-9.0286,-10.4576,-9.8441,889104
9222,-9.8441,-7.7522,-10.7298,-8.5676,382391
9223,-8.5676,-7.0951,-9.1953,-7.4616,997779
9224,-7.4616,-7.2837,-8.0651,-7.7983,733533
9225,-7.7983,-7.1758,-10.2775,-9.6448,787516
9226,-9.6448,-9.3881,-10.3503,-9.8481,686476
9227,-9.8481,-9.5694,-11.8216,-11.4918,518562
9228,-11.4918,-11.1417,-14.4361,-14.2961,629190
9229,-14.2961,-14.2277,-15.3668,-14.9867,322533
9230,-14.9867,-14.5315,-16.1092,-15.9201,124502
9231,-15.9201,-15.9181,-18.13,-17.2182,936939
9232,-17.2182,-16.3273,-17.3506,-17.202,778672
9233,-17.202,-16.8192,-18.2629,-17.5269,499321
9234,-17.5269,-17.2061,-17.9545,-17.5643,950639
9235,-17.5643,-15.792,-18.3717,-16.2886,717641
9236,-16.2886,-15.7521,-16.6468,-16.5885,308190
9237,-16.5885,-14.463,-16.8221,-15.5752,565114
9238,-15.5752,-14.9776,-15.9824,-15.2567,114129
9239,-15.2567,-14.7426,-16.376,-16.3358,208960
9240,-16.3358,-15.9117,-17.4976,-17.3853,625648
9241,-17.3853,-14.9784,-17.8944,-16.0377,350164
9242,-16.0377,-15.6253,-16.8828,-16.3999,745010
9243,-16.3999,-15.8798,-18.7361,-18.032,983997
9244,-18.032,-17.8298,-18.8946,-18.5198,545359
9245,-18.5198,-17.6934,-19.2537,-18.9238,428109
9246,-18.9238,-18.9,-21.0657,-20.6116,663990
9247,-20.6116,-19.3765,-21.4398,-19.849,129913
9248,-19.849,-19.1079,-21.8265,-21.6033,121631
9249,-21.6033,-20.8787,-22.2581,-21.0387,503590
9250,-21.0387,-20.4135,-21.1426,-20.6543,196081
9251,-20.6543,-20.4135,-21.3362,-21.2227,938110
9252,-21.2227,-19.9535,-21.347,-21.1488,943182
9253,-21.1488,-20.3004,-21.4858,-20.9409,200475
9254,-20.9409,-20.1447,-22.6279,-22.5198,253584
9255,-22.5198,-21.257,-22.555,-21.5435,897728
9256,-21.5435,-21.2907,-22.1422,-21.5343,845989
9257,-21.5343,-21.4222,-23.3698,-22.7437,715121
9258,-22.7437,-21.098,-22.7598,-22.4775,482546
9259,-22.4775,-21.1322,-22.8633,-21.3769,279056
9260,-21.3769,-20.2616,-21.655,-20.6185,472387
9261,-20.6185,-19.3513,-21.424,-19.5789,607709
9262,-19.5789,-17.5386,-19.6968,-17.8931,922612
9263,-17.8931,-17.2824,-18.0565,-17.6832,770545
9264,-17.6832,-17.0098,-19.2973,-18.4956,533251
9265,-18.4956,-18.1028,-19.1424,-19.0016,395388
9266,-19.0016,-18.6027,-19.7419,-18.9804,685887
9267,-18.9804,-18.3522,-19.6956,-19.0802,388141
9268,-19.0802,-18.6307,-19.565,-18.879,290107
9269,-18.879,-18.8384,-20.066,-19.706,234080
9270,-19.706,-18.5493,-19.7536,-18.8334,947079
9271,-18.8334,-17.9742,-19.4368,-18.0165,761628
9272,-18.0165,-16.3377,-18.182,-16.729,320225
9273,-16.729,-16.6826,-17.1188,-16.8674,712478
9274,-16.8674,-16.5227,-18.0997,-17.7974,430051
9275,-17.7974,-17.4366,-18.6382,-18.5894,734165
9276,-18.5894,-17.0985,-18.8558,-17.7769,140534
9277,-17.7769,-15.718,-17.9939,-15.96,954066
9278,-15.96,-14.9768,-16.0502,-15.2337,663573
9279,-15.2337,-13.0718,-15.9169,-13.2191,934167
9280,-13.2191,-12.7082,-14.323,-13.8693,376975
9281,-13.8693,-13.2801,-14.3161,-13.8154,906070
9282,-13.8154,-12.0138,-14.8919,-12.5572,928282
9283,-12.5572,-11.6101,-12.6418,-12.3312,363593
9284,-12.3312,-11.4604,-12.5625,-11.6515,426537
9285,-11.6515,-10.2517,-11.7661,-11.3555,756594
9286,-11.3555,-11.1785,-11.5375,-11.1949,786859
9287,-11.1949,-10.5082,-11.7713,-11.6107,672446
9288,-11.6107,-10.7341,-12.3009,-10.8812,739174
9289,-10.8812,-10.6621,-12.165,-11.4955,756668
9290,-11.4955,-11.4742,-12.912,-12.5678,916463
9291,-12.5678,-12.475,-12.9203,-12.6154,751845
9292,-12.6154,-12.193,-15.0157,-14.5532,762978
9293,-14.5532,-14.5453,-15.3261,-15.155,718682
9294,-15.155,-13.7953,-15.7289,-14.3799,145836
9295,-14.3799,-13.8023,-16.6384,-16.4952,112520
9296,-16.4952,-14.2462,-17.2,-15.357,898785
9297,-15.357,-12.6331,-15.5543,-12.873,903986
9298,-12.873,-12.7843,-13.8161,-13.1198,364651
9299,-13.1198,-12.6661,-14.7781,-14.3246,191033
9300,-14.3246,-14.3188,-15.0052,-14.6163,467968
9301,-14.6163,-13.6418,-14.6497,-13.6559,414262
9302,-13.6559,-12.8499,-13.7791,-13.0798,462191
9303,-13.0798,-13.078,-14.1195,-14.0818,780324
9304,-14.0818,-13.7281,-14.9775,-14.6711,548354
9305,-14.6711,-14.0088,-14.8547,-14.7077,133412
9306,-14.7077,-13.353,-14.9446,-13.9522,555050
9307,-13.9522,-13.5993,-14.5498,-13.8462,180596
9308,-13.8462,-13.5424,-15.1727,-14.6724,939552
9309,-14.6724,-13.7947,-15.5604,-13.8872,174237
9310,-13.8872,-11.8413,-14.627,-12.2743,503017
9311,-12.2743,-11.2854,-12.5,-11.5575,194309
9312,-11.5575,-11.4038,-12.5515,-12.1941,971691
9313,-12.1941,-11.6579,-13.135,-12.6809,812397
9314,-12.6809,-12.6514,-14.0929,-13.6837,987421
9315,-13.6837,-12.9501,-14.2237,-13.7478,203053
9316,-13.7478,-13.5921,-16.0569,-15.2626,516616
9317,-15.2626,-13.7848,-15.7893,-13.9705,118826
9318,-13.9705,-13.6374,-14.5551,-13.8716,273099
9319,-13.8716,-13.351,-14.0083,-13.8498,909058
9320,-13.8498,-13.0124,-14.5299,-13.3156,102187
9321,-13.3156,-12.6712,-13.5094,-13.0564,335376
9322,-13.0564,-13.0243,-14.2232,-13.8276,817081
9323,-13.8276,-13.7259,-14.5444,-14.3002,392995
9324,-14.3002,-13.5326,-14.4785,-13.6481,277711
9325,-13.6481,-12.7294,-13.7718,-13.2131,580026
9326,-13.2131,-11.937,-13.5868,-12.8614,424076
9327,-12.8614,-12.7119,-13.0604,-12.7413,219271
9328,-12.7413,-12.2769,-13.5294,-13.434,227226
9329,-13.434,-13.4272,-14.0579,-13.5485,674751
9330,-13.5485,-12.4282,-13.575,-12.8273,889133
9331,-12.8273,-11.0997,-13.3499,-11.4606,236167
9332,-11.4606,-10.8739,-11.8568,-11.0361,723039
9333,-11.0361,-9.8438,-12.2065,-10.4795,759972
9334,-10.4795,-10.3075,-10.9904,-10.3132,242521
9335,-10.3132,-10.0141,-10.7729,-10.3039,924301
9336,-10.3039,-9.3407,-10.4817,-9.7157,893879
9337,-9.7157,-9.2056,-10.582,-10.3255,671102
9338,-10.3255,-10.1943,-10.8287,-10.3536,972578
9339,-10.3536,-9.927,-11.2668,-11.058,978067
9340,-11.058,-9.4263,-11.7205,-9.5943,274494
9341,-9.5943,-8.4327,-10.1871,-8.6625,241284
9342,-8.6625,-6.4162,-9.263,-6.9546,896031
9343,-6.9546,-6.7441,-8.1196,-7.6078,104119
9344,-7.6078,-7.4679,-10.3069,-9.9737,684221
9345,-9.9737,-8.3881,-10.0551,-8.8206,272250
9346,-8.8206,-7.3396,-9.4712,-8.1986,740116
9347,-8.1986,-7.8404,-8.2808,-8.0697,318993
9348,-8.0697,-7.687,-8.157,-8.0165,712529
9349,-8.0165,-7.5696,-8.521,-7.8981,698272
9350,-7.8981,-7.7279,-9.5128,-9.3665,114151
9351,-9.3665,-9.1244,-10.1366,-10.0156,481037
9352,-10.0156,-9.0362,-10.7855,-10.5488,884173
9353,-10.5488,-9.7311,-10.9367,-10.3348,680005
9354,-10.3348,-10.1171,-12.658,-12.4122,199313
9355,-12.4122,-11.3856,-13.2575,-12.7511,589759
9356,-12.7511,-12.2734,-13.8673,-13.5459,334081
9357,-13.5459,-12.5718,-13.5803,-12.798,439822
9358,-12.798,-12.2712,-13.2578,-12.9948,861428
9359,-12.9948,-12.4199,-13.463,-12.9069,955517
9360,-12.9069,-11.2707,-13.7072,-12.5388,257130
9361,-12.5388,-10.5209,-13.2522,-11.3028,218644
9362,-11.3028,-10.0985,-11.8189,-11.2531,194288
9363,-11.2531,-9.0797,-12.0167,-10.6263,483635
9364,-10.6263,-7.8657,-11.5536,-8.6209,798714
9365,-8.6209,-7.5568,-10.0468,-9.9223,360181
9366,-9.9223,-8.7852,-10.3911,-9.6722,859916
9367,-9.6722,-8.3963,-9.9626,-8.7696,738187
9368,-8.7696,-8.6334,-9.7074,-9.5862,607898
9369,-9.5862,-9.1229,-11.1851,-10.6811,577877
9370,-10.6811,-7.972,-10.9186,-8.3938,982557
9371,-8.3938,-7.4945,-8.4451,-8.1127,828571
9372,-8.1127,-7.8886,-9.4855,-9.3849,137774
9373,-9.3849,-8.142,-9.5882,-8.3035,976295
9374,-8.3035,-6.8001,-8.5051,-7.1522,277914
9375,-7.1522,-5.6936,-8.1433,-5.7715,123549
9376,-5.7715,-4.8564,-7.5755,-7.2651,765038
9377,-7.2651,-6.9469,-8.1043,-8.0457,259544
9378,-8.0457,-7.7796,-8.3797,-8.016,356874
9379,-8.016,-6.1122,-8.5936,-7.0527,580834
9380,-7.0527,-6.3667,-7.1096,-6.6684,307932
9381,-6.6684,-6.5219,-8.7779,-7.8671,237408
9382,-7.8671,-7.7935,-9.7114,-9.3787,221665
9383,-9.3787,-9.1617,-11.2569,-10.8224,133455
9384,-10.8224,-10.6068,-11.7354,-11.022,708374
9385,-11.022,-10.638,-13.8057,-13.3524,895001
9386,-13.3524,-13.1673,-14.7661,-14.0749,555273
9387,-14.0749,-13.8251,-15.2243,-14.7793,146900
9388,-14.7793,-14.0833,-15.5351,-15.4273,847150
9389,-15.4273,-12.8564,-15.435,-14.1168,469981
9390,-14.1168,-13.6214,-15.169,-14.8155,530236
9391,-14.8155,-13.6994,-16.8721,-16.4456,352128
9392,-16.4456,-15.9,-17.9213,-17.6129,585696
9393,-17.6129,-17.5494,-17.7624,-17.7191,972375
9394,-17.7191,-17.5953,-19.4884,-19.3764,269456
9395,-19.3764,-19.2797,-20.0388,-19.9012,304319
9396,-19.9012,-19.4688,-20.7007,-20.1949,550291
9397,-20.1949,-19.8593,-20.9834,-20.335,705996
9398,-20.335,-18.9196,-20.5253,-19.2623,203978
9399,-19.2623,-18.1238,-19.8466,-18.379,279906
9400,-18.379,-17.3297,-18.5414,-17.6309,267033
9401,-17.6309,-16.5736,-18.5379,-17.0073,444895
9402,-17.0073,-16.8751,-17.4787,-17.1648,990723
9403,-17.1648,-16.9007,-17.9079,-17.1872,304044
9404,-17.1872,-15.7724,-17.3366,-15.9377,147236
9405,-15.9377,-15.8481,-16.6354,-16.4922,177143
9406,-16.4922,-15.6248,-16.7065,-16.2689,623874
9407,-16.2689,-15.2384,-17.183,-17.1829,199120
9408,-17.1829,-15.9517,-17.7459,-16.2805,125957
9409,-16.2805,-13.9018,-17.2376,-14.3764,781376
9410,-14.3764,-13.8099,-15.1219,-14.2365,818132
9411,-14.2365,-13.6665,-14.8027,-14.1346,428321
9412,-14.1346,-13.7502,-17.8512,-17.4371,488978
9413,-17.4371,-17.138,-18.0187,-17.9416,235065
9414,-17.9416,-15.085,-18.9976,-15.5363,574530
9415,-15.5363,-14.9151,-15.9471,-15.4854,393880
9416,-15.4854,-14.6363,-15.626,-14.9056,623007
9417,-14.9056,-13.8723,-15.416,-13.971,173037
9418,-13.971,-13.5617,-14.1131,-13.6089,523736
9419,-13.6089,-13.6056,-14.6659,-14.2612,714042
9420,-14.2612,-12.5388,-14.6739,-13.4154,543881
9421,-13.4154,-12.1402,-14.1672,-12.9653,384317
9422,-12.9653,-9.41,-13.2089,-10.4869,662001
9423,-10.4869,-7.9583,-11.142,-8.5666,460939
9424,-8.5666,-8.4338,-10.4404,-9.4544,188770
9425,-9.4544,-8.5157,-9.6681,-8.5954,332252
9426,-8.5954,-8.554,-8.9583,-8.7135,363486
9427,-8.7135,-8.01,-8.9943,-8.4158,474821
9428,-8.4158,-7.543,-9.5028,-7.7729,941709
9429,-7.7729,-7.3804,-10.8402,-9.8975,742562
9430,-9.8975,-8.6566,-10.4754,-9.5374,100491
9431,-9.5374,-9.1757,-11.119,-10.6753,689188
9432,-10.6753,-7.8972,-10.8261,-8.4449,832951
9433,-8.4449,-8.3443,-9.4539,-8.4014,181685
9434,-8.4014,-5.4175,-8.4475,-6.4521,180401
9435,-6.4521,-5.9482,-6.5324,-5.9906,193175
9436,-5.9906,-5.7469,-6.4583,-6.2123,299490
9437,-6.2123,-3.4687,-6.7034,-4.1329,509569
9438,-4.1329,-3.765,-5.2674,-5.1982,386110
9439,-5.1982,-4.9533,-6.2064,-6.0016,127587
9440,-6.0016,-5.3313,-6.9738,-6.6598,866877
9441,-6.6598,-4.2016,-6.7266,-4.6705,458929
9442,-4.6705,-3.168,-5.0437,-4.1602,493918
9443,-4.1602,-3.6624,-4.2253,-3.919,883062
9444,-3.919,-3.191,-4.7341,-3.4235,255275
9445,-3.4235,-1.711,-3.9451,-1.9041,328131
9446,-1.9041,-1.4674,-3.4987,-3.4948,362477
9447,-3.4948,-3.1686,-4.4737,-4.3442,231269
9448,-4.3442,-2.5647,-5.2978,-2.6923,679798
9449,-2.6923,-0.4251,-2.8291,-1.0613,171310
9450,-1.0613,-0.4412,-1.2477,-0.7832,149332
9451,-0.7832,-0.6415,-3.5865,-3.2085,665122
9452,-3.2085,-3.0595,-3.9821,-3.7405,351169
9453,-3.7405,-3.2782,-4.6936,-4.1103,545721
9454,-4.1103,-2.1751,-4.3122,-2.5695,785124
9455,-2.5695,-1.117,-2.5746,-2.3208,813259
9456,-2.3208,-2.19,-3.1226,-3.1147,391220
9457,-3.1147,-2.7013,-3.2401,-2.9117,982359
9458,-2.9117,-2.7004,-3.6591,-3.5572,301388
9459,-3.5572,-2.9212,-4.2523,-4.2125,669462
9460,-4.2125,-4.2091,-6.054,-5.9768,546729
9461,-5.9768,-5.5361,-7.6102,-7.2124,618942
9462,-7.2124,-7.0363,-8.5649,-8.1615,772922
9463,-8.1615,-6.7456,-8.1975,-6.9562,112321
9464,-6.9562,-6.3692,-8.1351,-7.671,670598
9465,-7.671,-6.1275,-8.6222,-6.2748,316400
9466,-6.2748,-6.0976,-6.6278,-6.1365,987156
9467,-6.1365,-4.3254,-6.6581,-5.1895,642683
9468,-5.1895,-4.2602,-5.3482,-4.9823,551766
9469,-4.9823,-4.2506,-6.4388,-6.1969,699184
9470,-6.1969,-5.3193,-6.6789,-5.6326,876337
9471,-5.6326,-2.469,-5.7298,-2.9012,116687
9472,-2.9012,-2.6904,-3.6981,-3.5679,394726
9473,-3.5679,-3.1777,-5.2922,-4.6118,763976
9474,-4.6118,-3.7415,-5.1126,-4.1477,394795
9475,-4.1477,-2.4459,-4.6022,-3.5921,929530
9476,-3.5921,-3.297,-3.7454,-3.4038,340211
9477,-3.4038,-2.9101,-4.0314,-3.529,284940
9478,-3.529,-3.0354,-4.0333,-3.5626,902564
9479,-3.5626,-3.0507,-3.9554,-3.8119,411696
9480,-3.8119,-3.7006,-5.0473,-4.1392,748953
9481,-4.1392,-2.5497,-4.5829,-2.8834,765706
9482,-2.8834,-1.832,-3.3836,-3.2989,650272
9483,-3.2989,-3.2582,-4.5953,-4.5298,454377
9484,-4.5298,-4.4643,-6.1908,-5.9851,210464
9485,-5.9851,-3.9556,-6.6256,-4.1864,642408
9486,-4.1864,-3.656,-4.3828,-3.8605,843398
9487,-3.8605,-3.1488,-4.2503,-3.4629,537441
9488,-3.4629,-3.0037,-3.4887,-3.0259,721118
9489,-3.0259,-1.8974,-3.4942,-2.4216,486026
9490,-2.4216,-0.3452,-2.7702,-1.0253,729373
9491,-1.0253,-0.1727,-1.3538,-0.2742,547124
9492,-0.2742,1.4528,-0.5865,1.3692,281395
9493,1.3692,1.6642,0.5612,0.9436,917381
9494,0.9436,1.847,0.3118,0.9914,750186
9495,0.9914,1.7808,0.336,1.7524,906744
9496,1.7524,2.0756,1.2732,2.0427,557366
9497,2.0427,3.7969,1.9359,3.4826,979780
9498,3.4826,5.2487,2.0533,4.3729,222347
9499,4.3729,6.3163,4.2226,6.0914,676896
9500,6.0914,8.9207,5.5408,8.0885,617210
9501,8.0885,8.8411,6.626,6.8608,647015
9502,6.8608,7.5301,5.6589,5.7964,455843
9503,5.7964,6.0756,5.3343,5.4958,508448
9504,5.4958,6.9195,4.708,6.7821,189590
9505,6.7821,8.6957,6.1863,8.4825,176560
9506,8.4825,9.1561,8.2731,9.0565,899331
9507,9.0565,10.6889,8.9405,10.363,395355
9508,10.363,11.0334,9.7537,10.4395,139916
9509,10.4395,11.5046,9.3376,11.1298,849056
9510,11.1298,11.4315,9.2476,9.9759,889171
9511,9.9759,10.4789,9.9348,10.2383,870491
9512,10.2383,10.7696,9.2565,9.611,806816
9513,9.611,9.6764,8.4811,8.7396,153311
9514,8.7396,8.8362,6.1616,7.0059,617968
9515,7.0059,8.4158,6.5537,7.5069,985582
9516,7.5069,8.8413,7.4062,8.2069,495645
9517,8.2069,8.2756,6.8989,7.072,988694
9518,7.072,8.7717,6.5179,7.6968,598503
9519,7.6968,9.1754,7.0073,8.6159,828737
9520,8.6159,8.6634,8.297,8.478,196038
9521,8.478,9.8687,8.2455,8.7368,742932
9522,8.7368,9.5817,7.7861,8.0285,823674
9523,8.0285,8.1116,6.4515,7.3866,493903
9524,7.3866,7.4084,4.8223,5.1843,210971
9525,5.1843,5.636,4.8326,5.2985,339924
9526,5.2985,6.0512,4.4591,5.5832,381843
9527,5.5832,7.7071,5.5184,7.5154,388785
9528,7.5154,7.5665,6.931,7.3973,685010
9529,7.3973,7.4101,6.7594,6.8698,751188
9530,6.8698,8.0528,6.1161,7.6206,124690
9531,7.6206,7.7278,6.8196,7.0298,993189
9532,7.0298,8.1087,6.0252,6.4364,756243
9533,6.4364,6.5632,4.7676,5.3002,249373
9534,5.3002,5.6113,4.1233,4.6094,418696
9535,4.6094,4.9536,1.2011,1.5748,389014
9536,1.5748,2.6606,0.5929,1.9488,294728
9537,1.9488,3.8089,1.5678,3.6303,902531
9538,3.6303,5.3091,3.2382,4.3341,728294
9539,4.3341,5.8892,3.7846,4.8323,988224
9540,4.8323,5.6869,4.0746,5.5356,999009
9541,5.5356,6.9137,5.3524,6.8684,635473
9542,6.8684,8.2744,6.8182,7.471,856921
9543,7.471,7.6423,6.7628,7.4589,975276
9544,7.4589,8.7808,7.3946,7.567,537080
9545,7.567,7.8196,6.3159,7.0987,622638
9546,7.0987,8.8074,6.366,8.0357,358116
9547,8.0357,9.3841,7.7681,9.0918,186850
9548,9.0918,9.4109,8.73,9.2476,976396
9549,9.2476,9.6492,7.9146,8.9946,319450
9550,8.9946,9.5579,7.4776,8.1569,389141
9551,8.1569,9.6221,7.8255,8.4253,645314
9552,8.4253,8.9629,6.391,7.2963,446130
9553,7.2963,8.4995,7.1232,8.2255,833000
9554,8.2255,9.3102,7.7375,7.829,773234
9555,7.829,8.8269,7.1274,8.7287,644805
9556,8.7287,8.9773,7.9295,8.2851,977773
9557,8.2851,9.3004,6.6861,7.3167,778176
9558,7.3167,7.5566,6.0736,7.0172,585646
9559,7.0172,8.8554,6.9811,7.7481,393977
9560,7.7481,9.152,5.9792,8.6265,769705
9561,8.6265,9.4802,8.0475,8.2928,364981
9562,8.2928,8.8146,6.1054,7.3206,334269
9563,7.3206,8.9098,6.2087,8.5933,929095
9564,8.5933,9.2493,6.7219,7.0653,477844
9565,7.0653,7.6921,6.7805,7.3043,205338
9566,7.3043,7.7651,6.698,7.0622,384363
9567,7.0622,7.8138,5.56,6.9327,164398
9568,6.9327,8.3005,6.2686,7.5542,170594
9569,7.5542,8.5332,7.4415,8.2017,667070
9570,8.2017,8.3938,7.9411,7.9643,329358
9571,7.9643,9.7158,7.5805,8.5076,105001
9572,8.5076,9.5797,8.4642,9.4432,364418
9573,9.4432,11.1192,9.4288,11.0079,660943
9574,11.0079,12.6149,10.4222,11.9502,366121
9575,11.9502,13.9179,11.6695,13.7347,117034
9576,13.7347,15.1299,13.7089,14.4972,644510
9577,14.4972,15.5237,14.1381,15.136,154466
9578,15.136,16.547,15.0064,15.9461,727012
9579,15.9461,16.4375,14.1322,14.636,253574
9580,14.636,15.9602,14.0813,15.2682,445651
9581,15.2682,16.574,14.571,15.9176,431322
9582,15.9176,16.5198,15.8241,16.4685,316238
9583,16.4685,16.5572,15.5805,16.3587,163574
9584,16.3587,16.5508,14.6562,14.6595,489553
9585,14.6595,15.8665,13.4363,14.2846,749556
9586,14.2846,14.6993,14.0743,14.4537,793289
9587,14.4537,15.6522,14.0696,15.0082,799204
9588,15.0082,15.2176,12.7262,13.0398,625544
9589,13.0398,13.1396,11.9243,12.7578,189676
9590,12.7578,15.84,12.6879,14.7166,350257
9591,14.7166,14.943,13.9885,14.0385,646245
9592,14.0385,14.0603,12.2257,12.6055,377479
9593,12.6055,13.9968,12.1855,13.7721,160579
9594,13.7721,16.4829,13.3016,15.7207,317870
9595,15.7207,15.8106,14.524,15.2315,351141
9596,15.2315,16.0201,14.6548,14.6889,835318
9597,14.6889,15.9613,14.6838,15.413,617225
9598,15.413,15.4926,14.1419,14.5271,850980
9599,14.5271,16.8796,14.1468,16.6838,900163
9600,16.6838,17.0679,16.1007,16.2947,405781
9601,16.2947,17.0048,16.0029,16.3793,973437
9602,16.3793,17.0093,15.592,15.9385,360276
9603,15.9385,16.835,15.7461,15.8421,961811
9604,15.8421,15.8559,15.2717,15.8489,699471
9605,15.8489,16.3541,15.0034,15.3227,523019
9606,15.3227,15.4915,12.8772,13.469,389466
9607,13.469,13.7487,13.2082,13.3833,584217
9608,13.3833,13.8655,13.202,13.6787,584405
9609,13.6787,13.8572,12.4743,12.66,724779
9610,12.66,12.7992,11.5616,11.6624,649553
9611,11.6624,12.0197,10.2745,10.5097,854743
9612,10.5097,10.9699,9.6736,10.1407,683778
9613,10.1407,10.9367,9.7544,10.408,935514
9614,10.408,11.292,9.4417,9.528,478414
9615,9.528,10.417,9.0055,10.075,861143
9616,10.075,11.8256,9.7316,11.0172,816853
9617,11.0172,11.74,10.6354,10.8685,141767
9618,10.8685,11.0003,9.5616,9.9426,500799
9619,9.9426,12.3578,9.5447,12.1213,419893
9620,12.1213,13.044,11.7951,12.0931,950176
9621,12.0931,15.024,11.261,14.5739,727490
9622,14.5739,15.3912,13.5441,14.5323,330442
9623,14.5323,15.2324,14.0815,14.2453,890252
9624,14.2453,14.6384,11.9203,12.746,218966
9625,12.746,13.1973,10.4419,11.6627,340404
9626,11.6627,11.8161,11.2669,11.8069,402968
9627,11.8069,12.4426,9.8578,11.0352,945574
9628,11.0352,11.5922,10.7308,11.4325,845267
9629,11.4325,12.6725,9.364,10.4479,400568
9630,10.4479,11.5613,10.4458,10.4918,956812
9631,10.4918,11.5273,9.8797,10.7802,523134
9632,10.7802,13.4951,10.6433,12.724,797176
9633,12.724,12.8267,10.954,11.4379,548181
9634,11.4379,12.0392,9.4079,9.6169,991879
9635,9.6169,11.5389,9.5509,10.7017,483741
9636,10.7017,11.0017,9.0592,9.2684,932612
9637,9.2684,10.3125,9.1923,9.7343,518215
9638,9.7343,9.9131,8.7199,9.1083,586861
9639,9.1083,9.7739,7.1493,8.0269,356923
9640,8.0269,8.0817,7.4609,7.6045,964455
9641,7.6045,7.9087,6.427,6.8012,530379
9642,6.8012,7.7496,6.3939,7.3639,572952
9643,7.3639,8.5538,7.0027,8.1071,995478
9644,8.1071,8.9291,7.8504,8.5038,950359
9645,8.5038,8.6999,7.2276,7.6926,822535
9646,7.6926,7.8644,6.2269,6.4862,132467
9647,6.4862,6.6128,5.6768,6.187,155780
9648,6.187,6.8859,5.9915,6.6901,148123
9649,6.6901,6.7806,6.269,6.5904,864970
9650,6.5904,7.1511,5.8267,6.8605,116544
9651,6.8605,8.1322,6.7645,7.303,988503
9652,7.303,8.6073,6.9463,7.8986,782104
9653,7.8986,8.2985,7.5469,7.7528,441401
9654,7.7528,8.1651,7.3953,7.6127,649718
9655,7.6127,9.1603,7.1703,8.675,478476
9656,8.675,10.4295,8.2994,10.3991,991826
9657,10.3991,10.5662,8.0887,9.1743,336850
9658,9.1743,9.7488,8.745,9.0855,186299
9659,9.0855,9.7106,8.7426,9.5725,606594
9660,9.5725,10.7443,7.0449,7.8313,993500
9661,7.8313,8.1278,6.5592,7.044,621697
9662,7.044,7.8538,6.5057,7.4839,934463
9663,7.4839,8.6437,7.3337,8.0786,892481
9664,8.0786,9.6518,7.149,9.185,358292
9665,9.185,10.3186,8.7601,9.8228,531406
9666,9.8228,10.7926,9.2304,10.573,800184
9667,10.573,11.4019,10.2452,11.2782,886780
9668,11.2782,11.5459,9.7536,9.7962,813600
9669,9.7962,11.1234,9.598,11.1047,421974
9670,11.1047,11.5292,10.0315,10.173,278081
9671,10.173,10.4895,8.3334,8.9398,689170
9672,8.9398,10.8107,8.1288,10.5174,559923
9673,10.5174,10.7769,9.552,10.3156,786066
9674,10.3156,11.3524,9.7812,9.8633,760421
9675,9.8633,11.1724,9.3736,10.753,171332
9676,10.753,11.0426,8.4877,9.0262,492579
9677,9.0262,10.1092,8.9868,9.6102,445194
9678,9.6102,11.4925,9.5009,11.371,116210
9679,11.371,12.0678,9.754,9.8982,879580
9680,9.8982,10.3702,8.4515,8.5816,264376
9681,8.5816,8.8115,8.436,8.5797,699148
9682,8.5797,9.3154,8.5499,9.2242,118168
9683,9.2242,11.6014,8.9992,11.1038,162155
9684,11.1038,11.9655,10.5954,11.2188,324416
9685,11.2188,11.7301,10.4883,10.8025,427971
9686,10.8025,11.0278,10.7148,10.7565,658291
9687,10.7565,11.3842,10.1074,10.9211,433028
9688,10.9211,11.7712,10.4983,11.1685,127315
9689,11.1685,12.1255,11.007,11.8358,859009
9690,11.8358,12.9963,11.7738,12.786,297009
9691,12.786,13.1286,12.7262,13.0741,697673
9692,13.0741,13.7021,12.5694,12.7257,183047
9693,12.7257,13.7681,11.8673,13.6253,999033
9694,13.6253,14.8237,13.0349,13.0862,735078
9695,13.0862,14.7433,11.6719,12.0139,291767
9696,12.0139,12.3018,11.4121,11.9072,670256
9697,11.9072,14.0162,11.7471,13.7526,893021
9698,13.7526,13.8279,13.1339,13.4315,240836
9699,13.4315,15.9635,13.2134,14.7298,878569
9700,14.7298,15.4439,14.102,14.3375,334969
9701,14.3375,15.4243,14.2118,15.3685,342931
9702,15.3685,16.502,14.8754,16.3156,462573
9703,16.3156,17.6429,15.4781,17.0054,343760
9704,17.0054,17.4399,14.1794,14.851,851085
9705,14.851,15.2329,14.4711,15.0491,127844
9706,15.0491,15.3316,12.4468,13.6682,405065
9707,13.6682,14.6407,13.6591,14.4239,201254
9708,14.4239,15.4494,14.1859,14.8046,920181
9709,14.8046,16.7991,14.0206,16.5832,235991
9710,16.5832,18.352,16.0994,17.6281,818953
9711,17.6281,18.0108,16.6406,17.3941,997020
9712,17.3941,17.8007,16.3258,16.6492,862611
9713,16.6492,17.2394,16.2237,16.5997,385141
9714,16.5997,17.1596,15.2139,15.9851,252226
9715,15.9851,16.9162,15.2309,15.253,889054
9716,15.253,15.6523,13.6094,14.265,473528
9717,14.265,16.0258,13.2876,15.5123,891828
9718,15.5123,15.6311,15.2184,15.6103,799458
9719,15.6103,16.1512,14.7428,15.9938,187423
9720,15.9938,17.208,14.843,15.2846,118955
9721,15.2846,16.5994,15.1851,16.3303,919439
9722,16.3303,16.6253,15.3774,15.4572,542714
9723,15.4572,15.749,13.5267,13.5978,343748
9724,13.5978,14.1384,12.5528,13.8722,915523
9725,13.8722,14.1395,13.3908,13.7737,230455
9726,13.7737,14.5035,13.1421,13.6421,116904
9727,13.6421,13.8295,12.0305,12.1363,837225
9728,12.1363,12.2419,11.1015,11.8376,692133
9729,11.8376,14.0208,11.5149,13.8877,655681
9730,13.8877,14.4413,13.8821,14.2932,228681
9731,14.2932,16.087,14.167,15.778,234880
9732,15.778,15.822,15.32,15.3493,978265
9733,15.3493,15.5197,15.0456,15.1313,581387
9734,15.1313,15.4186,14.6805,14.8846,423952
9735,14.8846,15.0133,13.2878,13.4145,808129
9736,13.4145,15.6905,12.8992,15.056,714853
9737,15.056,15.2909,14.6581,14.8601,133982
9738,14.8601,15.1199,14.3505,14.9665,172295
9739,14.9665,15.9908,14.9547,15.5094,768329
9740,15.5094,15.5476,14.9896,15.0252,503899
9741,15.0252,15.0887,12.9276,14.2766,426330
9742,14.2766,14.8428,13.9221,14.1595,485104
9743,14.1595,14.2539,11.8489,12.3777,719252
9744,12.3777,13.0813,12.1985,12.8475,844827
9745,12.8475,12.9669,11.9462,12.1602,284771
9746,12.1602,12.7977,11.6986,11.9027,235940
9747,11.9027,12.3203,10.9793,11.1905,536749
9748,11.1905,12.1337,10.6743,12.0421,845877
9749,12.0421,12.9453,11.6394,12.7314,710083
9750,12.7314,13.3415,10.3089,10.7655,140444
9751,10.7655,11.267,8.9767,9.2493,665245
9752,9.2493,9.3466,7.1622,7.8236,862629
9753,7.8236,9.1091,7.1955,9.066,248654
9754,9.066,9.8999,8.1728,9.8699,154745
9755,9.8699,10.1843,9.2325,9.9647,134471
9756,9.9647,10.6649,9.2382,10.0816,134636
9757,10.0816,11.2177,9.6099,11.0017,761701
9758,11.0017,11.2996,9.4997,9.7213,156041
9759,9.7213,12.2491,8.959,11.5855,660473
9760,11.5855,11.7921,9.7173,10.1708,909109
9761,10.1708,10.7275,8.9536,10.1928,465282
9762,10.1928,11.8237,9.7585,11.6667,873686
9763,11.6667,13.518,10.5579,13.136,219478
9764,13.136,15.9668,12.0512,15.0723,438144
9765,15.0723,15.157,12.5428,12.7959,260010
9766,12.7959,13.1257,11.1648,11.5026,824565
9767,11.5026,13.7552,11.2026,13.7147,651278
9768,13.7147,15.3077,13.2943,14.2291,837442
9769,14.2291,16.161,13.849,15.1841,187210
9770,15.1841,15.7795,13.3531,14.2894,672399
9771,14.2894,14.5322,14.0211,14.1728,104019
9772,14.1728,14.7629,13.7742,14.2841,563746
9773,14.2841,16.964,14.2388,16.9007,828064
9774,16.9007,19.6206,16.4171,18.4748,780820
9775,18.4748,18.6512,18.2853,18.4152,685096
9776,18.4152,19.0891,17.1845,17.5882,648298
9777,17.5882,18.9966,17.2139,18.434,608709
9778,18.434,18.6526,17.4908,17.7953,435666
9779,17.7953,18.4242,17.1229,18.0325,145844
9780,18.0325,18.5215,17.6519,18.3112,599005
9781,18.3112,18.7376,17.7347,18.3476,576790
9782,18.3476,19.416,18.204,18.4548,482907
9783,18.4548,19.7418,14.8878,16.088,142988
9784,16.088,16.9373,15.6647,16.1541,907394
9785,16.1541,17.6555,15.7538,17.1829,541847
9786,17.1829,17.2864,16.4643,16.7914,587904
9787,16.7914,17.6025,16.6088,16.9853,444528
9788,16.9853,18.3494,16.9463,17.7608,805651
9789,17.7608,17.9181,16.8838,16.8972,724121
9790,16.8972,17.5173,16.7855,17.0577,387642
9791,17.0577,17.1817,16.7153,16.8254,521303
9792,16.8254,17.8164,16.5326,17.3668,559130
9793,17.3668,18.6051,15.6049,16.0552,209876
9794,16.0552,18.0651,15.9825,17.3711,722464
9795,17.3711,18.8841,17.2762,18.3892,773791
9796,18.3892,18.6069,18.1806,18.506,119859
9797,18.506,19.4144,17.3719,18.0781,137543
9798,18.0781,18.3578,16.7182,18.1437,160970
9799,18.1437,18.4418,16.7375,16.9206,794518
9800,16.9206,17.6854,16.1943,16.3262,230859
9801,16.3262,17.1564,15.8074,16.5216,503266
9802,16.5216,17.4723,15.6333,15.6987,282758
9803,15.6987,15.8161,14.5113,15.1773,642457
9804,15.1773,16.7173,15.063,16.6023,471498
9805,16.6023,16.6827,15.9734,16.3435,831715
9806,16.3435,17.1636,15.9457,16.7562,648769
9807,16.7562,16.9597,16.2534,16.6322,832691
9808,16.6322,17.5969,15.2177,15.6532,450434
9809,15.6532,15.9687,15.1176,15.5031,414949
9810,15.5031,18.0831,15.3067,18.0101,375610
9811,18.0101,18.4441,16.6191,17.9513,351953
9812,17.9513,18.5566,17.2396,17.4266,205606
9813,17.4266,18.7773,17.3249,18.6534,364191
9814,18.6534,19.3546,17.8115,19.0883,936178
9815,19.0883,20.2789,18.546,19.9375,469766
9816,19.9375,20.1231,18.2297,19.5806,783689
9817,19.5806,19.7126,19.0593,19.6672,316608
9818,19.6672,21.3206,19.0723,21.2149,668219
9819,21.2149,22.0478,20.5677,21.3136,391956
9820,21.3136,23.0396,20.8073,22.4321,238203
9821,22.4321,22.5445,22.366,22.5391,851537
9822,22.5391,23.5356,21.2276,21.8009,485867
9823,21.8009,21.936,21.419,21.707,138541
9824,21.707,21.9407,21.3399,21.7083,760322
9825,21.7083,22.4704,19.5941,19.7679,421230
9826,19.7679,21.4659,19.6633,20.899,576924
9827,20.899,22.572,20.62,21.8525,270916
9828,21.8525,22.2457,21.2575,21.7681,126588
9829,21.7681,22.7647,18.9152,19.3185,549986
9830,19.3185,19.7,18.6896,19.1005,189348
9831,19.1005,19.5702,18.2344,18.7448,694205
9832,18.7448,20.0502,18.2323,19.5295,911126
9833,19.5295,20.5019,18.0996,20.0717,256480
9834,20.0717,20.183,19.4233,19.5744,481256
9835,19.5744,20.6711,18.714,20.5106,908850
9836,20.5106,21.0185,20.0393,20.6599,917265
9837,20.6599,23.0907,20.5054,22.6688,754220
9838,22.6688,22.8543,22.4061,22.6954,704786
9839,22.6954,23.1074,21.2242,21.8458,167570
9840,21.8458,22.2836,21.7622,22.0286,668166
9841,22.0286,23.5431,21.6715,23.1362,498579
9842,23.1362,23.1661,19.9066,20.0487,156059
9843,20.0487,20.9718,19.4205,20.3502,865202
9844,20.3502,20.6749,20.0945,20.3848,917495
9845,20.3848,21.7007,19.4949,21.6454,950949
9846,21.6454,22.6505,21.274,22.1567,273157
9847,22.1567,22.6033,19.5294,20.6138,512082
9848,20.6138,20.6371,19.8,20.0688,153891
9849,20.0688,20.4897,19.3062,20.3776,480121
9850,20.3776,21.0898,19.9605,20.3376,367880
9851,20.3376,20.9839,19.3029,19.7276,715376
9852,19.7276,19.7466,18.8613,18.9706,548829
9853,18.9706,19.3003,17.0214,17.1668,930111
9854,17.1668,18.6324,16.8148,18.3501,929769
9855,18.3501,18.6137,17.4588,18.3763,573296
9856,18.3763,19.7931,18.3672,19.3817,905800
9857,19.3817,20.4577,16.9124,18.1338,188587
9858,18.1338,18.7038,17.7375,18.3398,742964
9859,18.3398,18.6354,17.2707,18.2127,701789
9860,18.2127,18.4197,17.6826,17.859,532426
9861,17.859,18.6366,15.7778,15.782,200090
9862,15.782,16.7342,15.7378,16.4432,303428
9863,16.4432,17.2066,16.069,16.7707,491230
9864,16.7707,17.1918,15.8254,15.9113,112630
9865,15.9113,17.2609,15.8008,16.9373,907191
9866,16.9373,16.9767,15.5018,15.9493,504118
9867,15.9493,16.2237,14.6152,15.1277,537201
9868,15.1277,16.5565,14.309,16.0527,408650
9869,16.0527,18.3426,15.8351,17.5779,336755
9870,17.5779,18.0619,16.6532,16.8527,508975
9871,16.8527,17.2686,15.3238,15.8488,221743
9872,15.8488,16.3363,15.2945,16.2256,344177
9873,16.2256,16.2698,15.687,16.0264,193792
9874,16.0264,18.1445,15.9699,17.6105,931740
9875,17.6105,18.2256,17.269,17.7171,312936
9876,17.7171,17.9398,17.3004,17.5529,582752
9877,17.5529,18.1676,17.2478,17.5577,893055
9878,17.5577,18.7972,17.2841,18.275,479141
9879,18.275,18.683,16.147,16.3225,424362
9880,16.3225,16.5985,16.0015,16.2848,599177
9881,16.2848,16.4429,14.3404,15.4796,735430
9882,15.4796,15.94,14.9077,15.6141,469376
9883,15.6141,15.6975,13.7156,14.2198,147058
9884,14.2198,15.0674,13.787,14.2456,471331
9885,14.2456,14.7308,13.7141,14.0263,490545
9886,14.0263,14.2156,12.0017,12.8552,609909
9887,12.8552,12.9697,12.4213,12.9256,420056
9888,12.9256,13.4371,11.4398,12.3174,378015
9889,12.3174,14.921,12.3159,14.509,527113
9890,14.509,15.2371,14.4621,14.8443,460124
9891,14.8443,15.6767,13.5634,13.7057,685734
9892,13.7057,14.2219,10.9624,11.7352,920200
9893,11.7352,12.5873,10.4958,11.0003,594930
9894,11.0003,13.1382,10.9575,12.0821,717866
9895,12.0821,12.3882,12.0327,12.236,198106
9896,12.236,12.7189,11.5538,11.5785,796715
9897,11.5785,12.1925,9.3692,9.8914,664478
9898,9.8914,10.4211,9.4328,10.2009,916908
9899,10.2009,12.0987,9.5813,11.4093,327544
9900,11.4093,12.5326,11.0481,12.2312,955425
9901,12.2312,12.4027,10.1279,11.7117,917340
9902,11.7117,11.7313,10.8558,11.2862,617777
9903,11.2862,11.9855,10.1773,10.7666,706333
9904,10.7666,12.8172,10.676,12.6649,387892
9905,12.6649,13.6307,11.6931,13.0808,171578
9906,13.0808,13.2854,13.0786,13.1989,557511
9907,13.1989,14.175,12.2408,12.5797,912896
9908,12.5797,15.1258,12.3355,14.3649,409025
9909,14.3649,14.9932,12.1881,12.6239,938794
9910,12.6239,12.8084,12.2654,12.6593,162777
9911,12.6593,13.0258,10.9107,12.1661,763979
9912,12.1661,12.3277,11.3066,11.5593,305572
9913,11.5593,11.9306,11.2045,11.7162,307892
9914,11.7162,12.0339,11.1461,11.3469,969578
9915,11.3469,13.9791,10.9563,13.035,679030
9916,13.035,13.3296,12.6852,13.2462,745804
9917,13.2462,14.8129,12.9357,14.1965,485728
9918,14.1965,15.6228,13.9099,15.1097,679197
9919,15.1097,15.8774,14.5185,14.7931,525203
9920,14.7931,17.0602,14.683,16.6865,672811
9921,16.6865,16.935,15.8518,16.0594,881066
9922,16.0594,16.1016,15.072,15.6677,695346
9923,15.6677,16.2845,14.7562,15.3024,908101
9924,15.3024,15.4786,15.1369,15.3723,128972
9925,15.3723,15.6531,14.1426,14.2224,557075
9926,14.2224,15.151,14.0429,14.8193,441343
9927,14.8193,15.0729,14.2636,14.7884,555328
9928,14.7884,15.3343,14.6315,14.7702,797335
9929,14.7702,16.9393,14.5136,16.7358,164294
9930,16.7358,18.086,16.3382,17.8252,607378
9931,17.8252,18.0212,16.6064,16.9626,334938
9932,16.9626,17.0978,14.4834,15.9639,903014
9933,15.9639,16.1654,15.1544,15.67,358139
9934,15.67,17.392,15.4748,17.0415,745049
9935,17.0415,17.0652,16.7414,16.8132,687081
9936,16.8132,17.5468,15.4372,15.7887,631829
9937,15.7887,16.0545,14.9079,15.1489,774566
9938,15.1489,16.351,14.82,16.13,393531
9939,16.13,17.3245,15.3231,17.2517,211160
9940,17.2517,17.4448,17.1912,17.2194,190678
9941,17.2194,18.3373,17.0745,18.1205,694006
9942,18.1205,18.4589,17.599,17.7816,791350
9943,17.7816,19.0469,17.668,18.9529,974428
9944,18.9529,20.2111,18.8975,20.047,870160
9945,20.047,20.2875,17.9826,18.7382,674614
9946,18.7382,19.1876,18.0131,18.2155,295581
9947,18.2155,18.3242,17.601,17.6257,786685
9948,17.6257,19.3504,17.6061,19.0873,401239
9949,19.0873,21.5596,18.4772,20.5285,329800
9950,20.5285,21.1309,20.4964,20.5589,659360
9951,20.5589,21.9927,20.5231,21.0549,565401
9952,21.0549,22.8608,21.0398,22.4146,730331
9953,22.4146,22.9821,20.9233,21.6091,275647
9954,21.6091,21.829,20.1967,20.293,567260
9955,20.293,20.594,19.1773,19.7824,590812
9956,19.7824,19.8771,17.8462,18.4332,426089
9957,18.4332,20.6825,18.2619,20.5056,827716
9958,20.5056,21.0049,20.4108,21.0003,477468
9959,21.0003,21.5253,20.4775,21.4094,249352
9960,21.4094,21.8992,20.3803,20.6164,820861
9961,20.6164,23.569,20.1597,22.1755,398343
9962,22.1755,22.3837,20.6697,21.9271,163609
9963,21.9271,22.4498,21.1142,21.1432,698627
9964,21.1432,21.7257,20.0485,20.7631,396521
9965,20.7631,20.8847,20.0852,20.4944,873433
9966,20.4944,21.007,18.5611,19.0458,228248
9967,19.0458,20.4807,18.9772,19.6299,575509
9968,19.6299,19.8735,18.3897,19.032,606746
9969,19.032,21.0481,18.6293,20.4464,890098
9970,20.4464,20.4933,18.9569,18.9743,208562
9971,18.9743,19.9153,18.2503,19.601,887128
9972,19.601,19.6736,19.1653,19.4849,652659
9973,19.4849,21.651,18.765,21.6321,444768
9974,21.6321,21.8817,20.2197,20.3965,600659
9975,20.3965,21.2078,18.6243,18.9423,932971
9976,18.9423,19.6924,17.496,17.5057,814101
9977,17.5057,17.913,16.8695,17.6028,528156
9978,17.6028,17.6711,16.6169,16.8046,893594
9979,16.8046,17.5382,16.6377,17.206,220597
9980,17.206,17.507,15.5561,16.007,501459
9981,16.007,16.3774,15.7357,16.1659,688725
9982,16.1659,16.2627,14.6505,15.5192,203537
9983,15.5192,15.9864,15.0905,15.2571,617220
9984,15.2571,18.7081,15.1097,17.8727,445927
9985,17.8727,18.4243,16.8219,16.8752,617229
9986,16.8752,17.7304,16.4502,16.8384,790224
9987,16.8384,17.0811,15.1377,15.4418,931109
9988,15.4418,15.7028,14.0859,14.5321,398271
9989,14.5321,14.671,13.8332,14.3223,240449
9990,14.3223,15.2491,11.8571,12.4345,811276
9991,12.4345,12.9178,11.8959,12.8351,997495
9992,12.8351,13.4859,12.5255,12.6208,346499
9993,12.6208,13.5049,11.6248,13.0794,657316
9994,13.0794,14.3005,12.3218,14.0223,717667
9995,14.0223,16.0361,13.9908,14.7755,343285
9996,14.7755,14.7793,14.4195,14.4464,173058
9997,14.4464,15.4811,14.065,15.4411,724947
9998,15.4411,16.7389,15.316,16.2329,678158
9999,16.2329,17.6555,15.8728,16.517,273322
10000,16.517,17.8173,15.9662,17.3574,531724
